{"type": "FeatureCollection", "_comment": "Real Moscow administrative district (район) boundaries, one Feature per office district row (matched by normalized name). Source: OSM/HFLabs-derived municipal boundaries mirrored at github.com/Hasarol/moscow_districts (mo.geojson), filtered to our 125 districts and re-keyed to our 'name'. Coordinates EPSG:4326 (lng,lat), rounded to 6 decimals (~0.1m). The 5 non-district demand hubs (rail stations Белорусская/Павелецкая/Курская, airports Шереметьевская/Домодедово) have no admin boundary and keep their placeholder squares.", "features": [{"type": "Feature", "properties": {"name": "Тверской", "name_en": "Tverskoy", "okrug": "ЦАО", "source_name": "Тверской", "okato": "45286585", "oktmo": "45382000"}, "geometry": {"type": "Polygon", "coordinates": [[[37.575233, 55.775521], [37.575994, 55.775608], [37.576729, 55.775752], [37.57746, 55.77594], [37.5781, 55.776148], [37.57999, 55.776927], [37.581096, 55.777432], [37.581307, 55.777537], [37.581452, 55.777616], [37.581816, 55.77783], [37.582018, 55.777968], [37.582244, 55.778112], [37.582456, 55.778245], [37.582561, 55.778311], [37.582665, 55.778369], [37.583073, 55.778599], [37.583253, 55.778705], [37.583418, 55.778816], [37.583777, 55.779064], [37.58391, 55.779156], [37.584064, 55.77927], [37.584575, 55.779677], [37.584793, 55.779866], [37.58499, 55.780154], [37.585114, 55.780343], [37.585196, 55.780482], [37.585444, 55.781015], [37.585665, 55.78161], [37.585846, 55.782059], [37.585958, 55.78238], [37.586067, 55.7827], [37.586124, 55.782891], [37.586239, 55.783247], [37.58634, 55.783579], [37.586387, 55.78378], [37.586444, 55.783981], [37.586561, 55.784386], [37.586793, 55.785191], [37.586841, 55.785415], [37.586912, 55.785683], [37.586991, 55.785952], [37.587417, 55.787475], [37.587563, 55.788057], [37.587676, 55.788639], [37.587869, 55.789705], [37.588006, 55.790236], [37.588142, 55.790754], [37.588266, 55.79118], [37.588435, 55.791613], [37.588576, 55.791998], [37.588172, 55.792305], [37.587743, 55.792578], [37.588065, 55.792558], [37.588095, 55.792544], [37.58813, 55.792532], [37.588166, 55.792522], [37.588224, 55.79251], [37.588855, 55.792422], [37.589118, 55.792383], [37.589195, 55.792375], [37.589273, 55.792372], [37.589362, 55.792375], [37.589444, 55.792382], [37.589928, 55.792424], [37.590029, 55.792432], [37.590167, 55.792434], [37.59167, 55.792454], [37.592261, 55.792444], [37.592803, 55.792447], [37.593632, 55.792423], [37.594386, 55.792344], [37.595663, 55.792217], [37.599251, 55.792478], [37.59928, 55.79238], [37.59931, 55.792285], [37.599764, 55.790821], [37.599903, 55.790309], [37.600121, 55.789501], [37.600149, 55.789398], [37.600371, 55.78874], [37.600416, 55.788606], [37.600611, 55.788028], [37.600682, 55.787816], [37.600771, 55.787598], [37.600881, 55.787331], [37.601134, 55.786715], [37.60119, 55.786578], [37.601517, 55.785691], [37.601597, 55.785461], [37.601656, 55.78529], [37.601665, 55.785266], [37.601708, 55.785142], [37.601895, 55.785156], [37.602037, 55.785168], [37.602159, 55.785177], [37.602687, 55.785218], [37.602862, 55.785232], [37.60358, 55.785288], [37.603743, 55.7853], [37.603879, 55.785311], [37.604343, 55.785347], [37.604534, 55.785327], [37.60468, 55.785289], [37.605448, 55.784935], [37.605683, 55.784825], [37.606002, 55.78469], [37.606318, 55.784571], [37.606632, 55.784453], [37.606754, 55.784405], [37.606794, 55.784389], [37.60711, 55.784282], [37.607334, 55.784209], [37.607907, 55.784013], [37.608058, 55.783962], [37.609297, 55.783539], [37.609748, 55.783394], [37.610202, 55.783247], [37.610367, 55.783197], [37.61093, 55.783025], [37.611297, 55.782905], [37.611385, 55.782876], [37.61149, 55.782842], [37.611868, 55.782718], [37.612255, 55.782591], [37.613949, 55.781999], [37.61441, 55.781863], [37.614702, 55.781834], [37.614911, 55.781841], [37.614901, 55.781727], [37.61493, 55.781605], [37.615068, 55.781485], [37.615304, 55.781344], [37.615417, 55.781271], [37.615523, 55.781209], [37.615667, 55.78112], [37.615967, 55.780924], [37.616281, 55.780727], [37.616944, 55.780363], [37.617054, 55.780299], [37.617346, 55.779538], [37.61771, 55.778574], [37.617743, 55.778473], [37.617872, 55.778083], [37.618122, 55.77746], [37.618502, 55.776432], [37.618539, 55.776271], [37.618586, 55.776047], [37.618665, 55.775586], [37.618669, 55.775548], [37.618811, 55.774669], [37.618896, 55.774035], [37.618917, 55.773898], [37.618919, 55.77384], [37.61894, 55.773615], [37.620791, 55.773664], [37.620939, 55.773513], [37.620974, 55.773472], [37.621004, 55.773414], [37.621015, 55.773189], [37.621024, 55.772938], [37.621043, 55.772516], [37.621052, 55.772253], [37.621058, 55.771891], [37.621058, 55.771421], [37.621065, 55.770882], [37.621068, 55.770319], [37.621068, 55.770248], [37.621097, 55.768259], [37.621114, 55.767837], [37.621116, 55.767483], [37.621117, 55.767423], [37.621137, 55.76736], [37.621257, 55.767181], [37.621319, 55.767088], [37.621371, 55.767033], [37.621448, 55.766989], [37.621525, 55.766973], [37.621438, 55.766885], [37.62022, 55.765584], [37.619863, 55.765203], [37.620215, 55.765101], [37.620061, 55.764763], [37.620069, 55.764116], [37.620086, 55.763735], [37.620149, 55.761741], [37.620151, 55.761701], [37.620204, 55.761597], [37.620475, 55.761136], [37.620584, 55.760951], [37.620927, 55.7603], [37.621452, 55.759302], [37.621552, 55.75912], [37.622713, 55.759292], [37.622784, 55.759306], [37.623798, 55.75943], [37.624799, 55.759553], [37.625778, 55.759746], [37.62591, 55.759789], [37.626015, 55.759836], [37.626116, 55.759911], [37.626182, 55.759985], [37.626597, 55.760469], [37.626666, 55.760545], [37.627812, 55.759922], [37.628341, 55.759833], [37.628943, 55.759845], [37.628655, 55.759785], [37.628475, 55.759743], [37.628264, 55.759679], [37.628069, 55.759611], [37.627898, 55.759544], [37.627974, 55.759485], [37.628792, 55.758859], [37.6289, 55.758785], [37.629035, 55.758681], [37.629423, 55.758395], [37.629781, 55.758127], [37.630069, 55.757925], [37.630595, 55.757624], [37.630666, 55.757595], [37.631472, 55.757177], [37.632051, 55.7567], [37.632444, 55.756374], [37.632837, 55.756093], [37.63331, 55.755717], [37.633634, 55.755455], [37.633984, 55.755166], [37.634193, 55.754989], [37.634316, 55.754858], [37.634434, 55.754703], [37.63456, 55.754548], [37.634614, 55.75447], [37.634636, 55.754432], [37.634758, 55.754195], [37.634817, 55.754091], [37.63483, 55.754063], [37.634876, 55.75399], [37.634932, 55.753938], [37.635003, 55.7539], [37.634962, 55.753797], [37.634832, 55.753703], [37.634568, 55.753646], [37.633919, 55.753532], [37.633688, 55.753432], [37.63352, 55.753227], [37.633467, 55.753059], [37.633325, 55.752574], [37.633201, 55.752197], [37.633063, 55.751803], [37.632541, 55.750268], [37.632451, 55.749806], [37.632391, 55.749611], [37.632366, 55.749517], [37.632109, 55.748851], [37.63114, 55.749033], [37.626763, 55.749153], [37.625059, 55.749085], [37.624083, 55.749042], [37.623266, 55.74897], [37.621355, 55.748825], [37.620002, 55.748666], [37.617642, 55.748314], [37.616977, 55.748184], [37.614511, 55.747542], [37.613877, 55.747345], [37.613306, 55.747167], [37.612289, 55.746797], [37.610852, 55.748504], [37.610824, 55.748497], [37.610782, 55.748547], [37.610731, 55.748592], [37.610655, 55.748633], [37.610571, 55.748667], [37.610436, 55.748711], [37.610268, 55.748765], [37.610067, 55.748829], [37.609507, 55.749003], [37.608856, 55.749199], [37.608756, 55.749184], [37.608653, 55.749194], [37.608392, 55.749262], [37.608542, 55.749236], [37.608598, 55.749229], [37.608662, 55.749224], [37.608743, 55.74922], [37.608817, 55.749234], [37.608864, 55.749274], [37.608891, 55.749313], [37.608998, 55.74949], [37.609121, 55.749637], [37.609185, 55.74971], [37.60938, 55.749952], [37.609403, 55.749997], [37.60971, 55.750591], [37.609858, 55.750863], [37.609883, 55.750904], [37.610293, 55.751558], [37.610543, 55.751952], [37.610904, 55.752432], [37.611136, 55.752655], [37.61131, 55.752946], [37.611794, 55.753864], [37.612027, 55.754326], [37.612122, 55.754486], [37.612208, 55.75459], [37.61188, 55.7547], [37.610429, 55.755165], [37.609536, 55.75544], [37.608913, 55.755641], [37.60883, 55.755668], [37.60868, 55.755716], [37.607401, 55.756147], [37.607327, 55.756171], [37.60725, 55.756196], [37.607044, 55.756254], [37.607118, 55.756319], [37.607246, 55.756423], [37.607502, 55.756625], [37.608066, 55.757088], [37.60841, 55.757368], [37.6088, 55.757687], [37.608945, 55.757793], [37.609076, 55.75788], [37.60941, 55.758102], [37.609667, 55.758274], [37.609671, 55.75829], [37.60927, 55.758502], [37.609465, 55.758615], [37.608978, 55.759066], [37.608059, 55.759752], [37.607782, 55.759954], [37.607645, 55.76004], [37.607566, 55.76009], [37.607493, 55.760127], [37.607143, 55.760333], [37.606951, 55.760451], [37.606943, 55.760446], [37.606776, 55.760533], [37.606701, 55.760444], [37.606617, 55.76038], [37.606613, 55.76038], [37.605951, 55.760671], [37.605943, 55.760737], [37.605704, 55.760852], [37.605642, 55.760886], [37.605642, 55.760886], [37.60586, 55.761031], [37.606051, 55.761157], [37.606107, 55.761195], [37.606212, 55.761265], [37.606133, 55.76132], [37.605996, 55.761415], [37.605385, 55.761819], [37.605337, 55.761874], [37.605107, 55.762048], [37.60495, 55.762167], [37.604517, 55.762498], [37.604437, 55.762427], [37.603712, 55.762644], [37.604237, 55.763204], [37.603507, 55.763506], [37.603353, 55.763581], [37.602706, 55.76389], [37.602617, 55.763932], [37.602514, 55.76398], [37.602032, 55.764214], [37.601841, 55.764307], [37.601347, 55.764546], [37.601114, 55.764652], [37.600673, 55.764863], [37.60062, 55.764876], [37.600552, 55.764865], [37.598993, 55.764294], [37.598772, 55.764438], [37.598345, 55.764718], [37.598054, 55.764908], [37.59707, 55.765579], [37.596757, 55.765785], [37.596213, 55.766157], [37.595998, 55.766307], [37.595832, 55.76642], [37.595586, 55.766487], [37.595412, 55.766621], [37.595472, 55.766672], [37.595223, 55.766859], [37.595751, 55.767058], [37.59572, 55.767089], [37.596233, 55.767384], [37.596594, 55.767598], [37.596209, 55.767829], [37.595784, 55.768101], [37.595434, 55.76792], [37.594884, 55.768247], [37.594346, 55.76865], [37.594359, 55.768668], [37.594368, 55.768687], [37.594373, 55.768703], [37.594374, 55.76872], [37.594374, 55.768736], [37.594369, 55.768752], [37.594358, 55.768766], [37.594344, 55.768779], [37.594256, 55.768835], [37.594131, 55.768909], [37.593973, 55.769002], [37.593845, 55.769078], [37.59366, 55.76919], [37.593197, 55.769466], [37.592793, 55.769705], [37.592253, 55.770027], [37.592142, 55.770085], [37.592008, 55.770155], [37.591398, 55.770521], [37.590463, 55.771061], [37.590109, 55.771258], [37.589959, 55.771345], [37.58982, 55.771429], [37.588844, 55.772003], [37.58872, 55.772072], [37.588574, 55.772155], [37.588201, 55.77237], [37.588175, 55.772386], [37.588111, 55.772423], [37.587821, 55.772591], [37.587666, 55.77268], [37.587331, 55.772874], [37.587175, 55.772964], [37.58708, 55.773019], [37.586898, 55.773125], [37.586538, 55.773333], [37.586331, 55.773447], [37.586185, 55.773527], [37.585665, 55.773834], [37.58495, 55.774259], [37.584502, 55.774524], [37.584114, 55.774755], [37.58376, 55.774964], [37.58352, 55.775104], [37.583448, 55.775147], [37.583417, 55.77517], [37.583391, 55.775192], [37.583369, 55.775215], [37.583352, 55.775239], [37.583343, 55.775269], [37.583339, 55.775301], [37.583292, 55.775253], [37.583273, 55.775238], [37.583249, 55.77522], [37.583221, 55.775204], [37.583187, 55.77519], [37.583048, 55.775138], [37.581048, 55.7745], [37.579916, 55.77413], [37.579154, 55.773868], [37.578905, 55.773784], [37.578681, 55.773705], [37.57851, 55.773647], [37.577111, 55.773159], [37.577037, 55.773225], [37.576413, 55.773784], [37.576225, 55.773751], [37.575233, 55.775521]]]}}, {"type": "Feature", "properties": {"name": "Арбат", "name_en": "Arbat", "okrug": "ЦАО", "source_name": "Арбат", "okato": "45286552", "oktmo": "45374000"}, "geometry": {"type": "Polygon", "coordinates": [[[37.57206, 55.75202], [37.57396, 55.75256], [37.575047, 55.753345], [37.576281, 55.754628], [37.576509, 55.754866], [37.576617, 55.754987], [37.576814, 55.755206], [37.576922, 55.755199], [37.577169, 55.755184], [37.577384, 55.755178], [37.578592, 55.755197], [37.579413, 55.755202], [37.580632, 55.75521], [37.583213, 55.755226], [37.583377, 55.755227], [37.583858, 55.755204], [37.584037, 55.75608], [37.584268, 55.757235], [37.584302, 55.757406], [37.584349, 55.757647], [37.584394, 55.757856], [37.584456, 55.758111], [37.585036, 55.758058], [37.585238, 55.757977], [37.585344, 55.757935], [37.586257, 55.757589], [37.586286, 55.757578], [37.587146, 55.757237], [37.587995, 55.7569], [37.588261, 55.756794], [37.589258, 55.756399], [37.589306, 55.756442], [37.589595, 55.7567], [37.593082, 55.755791], [37.596956, 55.754744], [37.597225, 55.754672], [37.597792, 55.754531], [37.599182, 55.754265], [37.599428, 55.75404], [37.600295, 55.754], [37.601307, 55.753748], [37.60232, 55.753788], [37.602327, 55.753756], [37.602344, 55.753723], [37.60237, 55.753595], [37.602475, 55.753654], [37.602596, 55.753722], [37.60269, 55.753767], [37.602813, 55.753826], [37.603114, 55.753964], [37.603454, 55.754071], [37.60359, 55.754109], [37.603772, 55.754161], [37.604244, 55.754217], [37.604568, 55.754183], [37.605077, 55.754131], [37.605212, 55.754116], [37.605469, 55.75409], [37.605903, 55.754045], [37.606016, 55.754034], [37.606072, 55.754159], [37.606079, 55.754173], [37.606129, 55.754282], [37.606191, 55.754417], [37.606224, 55.754489], [37.60635, 55.754753], [37.606375, 55.754805], [37.606522, 55.755088], [37.606601, 55.755235], [37.606817, 55.755519], [37.606889, 55.755604], [37.607338, 55.756084], [37.607401, 55.756147], [37.60868, 55.755716], [37.60883, 55.755668], [37.608913, 55.755641], [37.609536, 55.75544], [37.610429, 55.755165], [37.61188, 55.7547], [37.612208, 55.75459], [37.612122, 55.754486], [37.612027, 55.754326], [37.611794, 55.753864], [37.61131, 55.752946], [37.611136, 55.752655], [37.610904, 55.752432], [37.610543, 55.751952], [37.610293, 55.751558], [37.609883, 55.750904], [37.609858, 55.750863], [37.60971, 55.750591], [37.609403, 55.749997], [37.60938, 55.749952], [37.609185, 55.74971], [37.609121, 55.749637], [37.608998, 55.74949], [37.608891, 55.749313], [37.608864, 55.749274], [37.608817, 55.749234], [37.608743, 55.74922], [37.608662, 55.749224], [37.608598, 55.749229], [37.608542, 55.749236], [37.608392, 55.749262], [37.607969, 55.749377], [37.606772, 55.749702], [37.606659, 55.749737], [37.604869, 55.750244], [37.604299, 55.750405], [37.604268, 55.750363], [37.604263, 55.750357], [37.603955, 55.74994], [37.603545, 55.749386], [37.603038, 55.7487], [37.603017, 55.748672], [37.602989, 55.748641], [37.602963, 55.748611], [37.602949, 55.748587], [37.602904, 55.74861], [37.602869, 55.748626], [37.602821, 55.748643], [37.602771, 55.748653], [37.602387, 55.748685], [37.601965, 55.74872], [37.601177, 55.748785], [37.600579, 55.748831], [37.600474, 55.748837], [37.599719, 55.748892], [37.599356, 55.747083], [37.599278, 55.74709], [37.599197, 55.747102], [37.598266, 55.747285], [37.59779, 55.747363], [37.597457, 55.747419], [37.597417, 55.747426], [37.595908, 55.747681], [37.59509, 55.7476], [37.592791, 55.747349], [37.592341, 55.7473], [37.592129, 55.747276], [37.59155, 55.747212], [37.59057, 55.747102], [37.588459, 55.74688], [37.587759, 55.746812], [37.587691, 55.746794], [37.58628, 55.746415], [37.585906, 55.746314], [37.586174, 55.745934], [37.586506, 55.745463], [37.586824, 55.74501], [37.586882, 55.744928], [37.587184, 55.7445], [37.587459, 55.74411], [37.586634, 55.744025], [37.586417, 55.744003], [37.585162, 55.743874], [37.584273, 55.743783], [37.584224, 55.743778], [37.583964, 55.743738], [37.583814, 55.743714], [37.583053, 55.745461], [37.58286, 55.745434], [37.582711, 55.745419], [37.582583, 55.745414], [37.58227, 55.745428], [37.582019, 55.74546], [37.581744, 55.745506], [37.580744, 55.745663], [37.580511, 55.745704], [37.579969, 55.745801], [37.579475, 55.745846], [37.576878, 55.74552], [37.576551, 55.745498], [37.576141, 55.745502], [37.574134, 55.745454], [37.574449, 55.746327], [37.574492, 55.748863], [37.57402, 55.750337], [37.573033, 55.751472], [37.57206, 55.75202]]]}}, {"type": "Feature", "properties": {"name": "Замоскворечье", "name_en": "Zamoskvorechye", "okrug": "ЦАО", "source_name": "Замоскворечье", "okato": "45286560", "oktmo": "45376000"}, "geometry": {"type": "Polygon", "coordinates": [[[37.615133, 55.726882], [37.617612, 55.727081], [37.619747, 55.727278], [37.619909, 55.727298], [37.619902, 55.727388], [37.619876, 55.727634], [37.619761, 55.728427], [37.619713, 55.728797], [37.619655, 55.729115], [37.619635, 55.729174], [37.619612, 55.729243], [37.619902, 55.729272], [37.61996, 55.729276], [37.62097, 55.729397], [37.621429, 55.729451], [37.622363, 55.729563], [37.6226, 55.729579], [37.622808, 55.729573], [37.622968, 55.729552], [37.623094, 55.72952], [37.623179, 55.729478], [37.623202, 55.729461], [37.62331, 55.729658], [37.623445, 55.729666], [37.623538, 55.729748], [37.623522, 55.729834], [37.623493, 55.729859], [37.62346, 55.729874], [37.623446, 55.729999], [37.623572, 55.730031], [37.623847, 55.730106], [37.623877, 55.730104], [37.623954, 55.730091], [37.623987, 55.730201], [37.624255, 55.731689], [37.624336, 55.732633], [37.624347, 55.732763], [37.62435, 55.732803], [37.624381, 55.733171], [37.62442, 55.733836], [37.624427, 55.734178], [37.624413, 55.734513], [37.624401, 55.735009], [37.624399, 55.735109], [37.624382, 55.736488], [37.624381, 55.736539], [37.624387, 55.73659], [37.624558, 55.739314], [37.624598, 55.739723], [37.624755, 55.740457], [37.624763, 55.740489], [37.624868, 55.740969], [37.624878, 55.741038], [37.624974, 55.741607], [37.625, 55.74197], [37.62501, 55.742403], [37.624984, 55.742748], [37.624868, 55.743907], [37.624828, 55.744196], [37.62459, 55.745012], [37.624571, 55.745197], [37.624548, 55.74543], [37.624661, 55.745683], [37.624701, 55.745779], [37.624927, 55.745814], [37.625127, 55.745838], [37.626346, 55.745996], [37.62605, 55.746509], [37.625933, 55.746882], [37.625651, 55.747826], [37.625389, 55.748161], [37.625131, 55.748509], [37.625126, 55.748594], [37.625121, 55.748634], [37.625059, 55.749085], [37.626763, 55.749153], [37.63114, 55.749033], [37.632109, 55.748851], [37.634187, 55.748429], [37.637707, 55.747366], [37.639272, 55.746583], [37.641307, 55.745006], [37.642813, 55.743477], [37.644873, 55.741134], [37.647534, 55.735915], [37.648018, 55.734958], [37.649122, 55.73333], [37.650495, 55.731276], [37.652512, 55.729947], [37.654211, 55.728821], [37.652235, 55.728043], [37.652029, 55.728206], [37.651752, 55.728134], [37.651553, 55.728144], [37.651121, 55.728256], [37.650793, 55.728319], [37.650523, 55.72837], [37.649956, 55.72851], [37.649099, 55.728722], [37.648769, 55.728804], [37.648237, 55.728935], [37.647952, 55.729006], [37.647058, 55.729228], [37.646369, 55.729408], [37.64602, 55.729499], [37.645945, 55.7294], [37.645557, 55.72889], [37.644943, 55.728077], [37.644911, 55.728012], [37.644897, 55.727941], [37.644518, 55.726066], [37.644377, 55.725369], [37.644104, 55.724015], [37.644076, 55.723876], [37.644067, 55.723828], [37.644059, 55.723791], [37.644046, 55.723726], [37.644031, 55.723652], [37.643992, 55.723476], [37.643789, 55.722548], [37.643772, 55.722469], [37.643768, 55.722426], [37.643165, 55.722346], [37.641912, 55.72218], [37.641725, 55.722155], [37.641209, 55.722401], [37.640645, 55.72267], [37.639785, 55.722891], [37.639086, 55.72307], [37.638594, 55.723166], [37.638362, 55.723211], [37.638139, 55.723253], [37.637197, 55.723418], [37.636615, 55.723515], [37.636461, 55.723529], [37.636411, 55.723376], [37.636402, 55.723354], [37.636136, 55.722678], [37.635839, 55.722016], [37.634387, 55.722314], [37.634032, 55.722387], [37.633715, 55.722454], [37.633074, 55.722591], [37.631535, 55.72218], [37.631406, 55.72215], [37.631122, 55.722082], [37.630223, 55.721875], [37.627893, 55.721365], [37.627589, 55.721344], [37.627199, 55.721295], [37.626797, 55.721267], [37.625558, 55.721167], [37.623897, 55.721012], [37.62382, 55.721005], [37.623569, 55.720983], [37.622725, 55.720908], [37.622398, 55.720877], [37.621982, 55.720835], [37.617895, 55.720296], [37.61777, 55.72028], [37.617739, 55.720375], [37.617634, 55.720687], [37.617402, 55.721375], [37.616913, 55.722824], [37.616867, 55.722959], [37.616719, 55.723399], [37.61582, 55.725325], [37.615133, 55.726882]]]}}, {"type": "Feature", "properties": {"name": "Пресненский", "name_en": "Presnensky", "okrug": "ЦАО", "source_name": "Пресненский", "okato": "45286575", "oktmo": "45380000"}, "geometry": {"type": "Polygon", "coordinates": [[[37.51393, 55.758422], [37.515666, 55.75909], [37.516632, 55.75946], [37.519274, 55.76047], [37.519926, 55.760722], [37.520385, 55.760897], [37.520973, 55.761123], [37.521167, 55.76124], [37.521519, 55.761371], [37.521589, 55.761394], [37.52166, 55.761417], [37.521731, 55.76144], [37.521802, 55.761463], [37.521873, 55.761486], [37.521943, 55.761509], [37.522562, 55.761688], [37.524285, 55.759846], [37.524388, 55.759878], [37.525067, 55.760108], [37.525612, 55.760487], [37.526424, 55.760924], [37.526779, 55.761085], [37.526884, 55.761135], [37.52834, 55.761758], [37.528847, 55.761975], [37.531822, 55.763223], [37.532119, 55.763371], [37.532281, 55.763481], [37.533113, 55.764356], [37.533575, 55.764711], [37.533865, 55.764885], [37.534149, 55.765104], [37.534293, 55.765392], [37.534622, 55.765901], [37.534662, 55.766001], [37.534727, 55.766198], [37.536061, 55.766104], [37.536243, 55.76738], [37.536633, 55.769065], [37.53728, 55.769705], [37.537923, 55.770367], [37.538963, 55.771129], [37.54057, 55.771953], [37.541863, 55.772406], [37.543398, 55.772792], [37.544434, 55.772989], [37.546342, 55.773153], [37.548082, 55.773106], [37.551917, 55.773408], [37.555506, 55.773844], [37.559172, 55.774223], [37.566917, 55.774996], [37.57108, 55.775426], [37.573118, 55.775471], [37.573687, 55.775483], [37.575233, 55.775521], [37.576225, 55.773751], [37.576413, 55.773784], [37.577037, 55.773225], [37.577111, 55.773159], [37.57851, 55.773647], [37.578681, 55.773705], [37.578905, 55.773784], [37.579154, 55.773868], [37.579916, 55.77413], [37.581048, 55.7745], [37.583048, 55.775138], [37.583187, 55.77519], [37.583221, 55.775204], [37.583249, 55.77522], [37.583273, 55.775238], [37.583292, 55.775253], [37.583339, 55.775301], [37.583343, 55.775269], [37.583352, 55.775239], [37.583369, 55.775215], [37.583391, 55.775192], [37.583417, 55.77517], [37.583448, 55.775147], [37.58352, 55.775104], [37.58376, 55.774964], [37.584114, 55.774755], [37.584502, 55.774524], [37.58495, 55.774259], [37.585665, 55.773834], [37.586185, 55.773527], [37.586331, 55.773447], [37.586538, 55.773333], [37.586898, 55.773125], [37.58708, 55.773019], [37.587175, 55.772964], [37.587331, 55.772874], [37.587666, 55.77268], [37.587821, 55.772591], [37.588111, 55.772423], [37.588175, 55.772386], [37.588201, 55.77237], [37.588574, 55.772155], [37.58872, 55.772072], [37.588844, 55.772003], [37.58982, 55.771429], [37.589959, 55.771345], [37.590109, 55.771258], [37.590463, 55.771061], [37.591398, 55.770521], [37.592008, 55.770155], [37.592142, 55.770085], [37.592253, 55.770027], [37.592793, 55.769705], [37.593197, 55.769466], [37.59366, 55.76919], [37.593845, 55.769078], [37.593973, 55.769002], [37.594131, 55.768909], [37.594256, 55.768835], [37.594344, 55.768779], [37.594358, 55.768766], [37.594369, 55.768752], [37.594374, 55.768736], [37.594374, 55.76872], [37.594373, 55.768703], [37.594368, 55.768687], [37.594359, 55.768668], [37.594346, 55.76865], [37.594884, 55.768247], [37.595434, 55.76792], [37.595784, 55.768101], [37.596209, 55.767829], [37.596594, 55.767598], [37.596233, 55.767384], [37.59572, 55.767089], [37.595751, 55.767058], [37.595223, 55.766859], [37.595472, 55.766672], [37.595412, 55.766621], [37.595586, 55.766487], [37.595832, 55.76642], [37.595998, 55.766307], [37.596213, 55.766157], [37.596757, 55.765785], [37.59707, 55.765579], [37.598054, 55.764908], [37.598345, 55.764718], [37.598772, 55.764438], [37.598993, 55.764294], [37.600552, 55.764865], [37.60062, 55.764876], [37.600673, 55.764863], [37.601114, 55.764652], [37.601347, 55.764546], [37.601841, 55.764307], [37.602032, 55.764214], [37.602514, 55.76398], [37.602617, 55.763932], [37.602706, 55.76389], [37.603353, 55.763581], [37.603507, 55.763506], [37.604237, 55.763204], [37.603712, 55.762644], [37.604437, 55.762427], [37.604517, 55.762498], [37.60495, 55.762167], [37.605107, 55.762048], [37.605337, 55.761874], [37.605385, 55.761819], [37.605996, 55.761415], [37.606133, 55.76132], [37.606212, 55.761265], [37.606107, 55.761195], [37.606051, 55.761157], [37.60586, 55.761031], [37.605642, 55.760886], [37.605642, 55.760886], [37.605704, 55.760852], [37.605943, 55.760737], [37.605951, 55.760671], [37.606613, 55.76038], [37.606617, 55.76038], [37.606701, 55.760444], [37.606776, 55.760533], [37.606943, 55.760446], [37.606951, 55.760451], [37.607143, 55.760333], [37.607493, 55.760127], [37.607566, 55.76009], [37.607645, 55.76004], [37.607782, 55.759954], [37.608059, 55.759752], [37.608978, 55.759066], [37.609465, 55.758615], [37.60927, 55.758502], [37.609671, 55.75829], [37.609667, 55.758274], [37.60941, 55.758102], [37.609076, 55.75788], [37.608945, 55.757793], [37.6088, 55.757687], [37.60841, 55.757368], [37.608066, 55.757088], [37.607502, 55.756625], [37.607246, 55.756423], [37.607118, 55.756319], [37.607044, 55.756254], [37.60725, 55.756196], [37.607327, 55.756171], [37.607401, 55.756147], [37.607338, 55.756084], [37.606889, 55.755604], [37.606817, 55.755519], [37.606601, 55.755235], [37.606522, 55.755088], [37.606375, 55.754805], [37.60635, 55.754753], [37.606224, 55.754489], [37.606191, 55.754417], [37.606129, 55.754282], [37.606079, 55.754173], [37.606072, 55.754159], [37.606016, 55.754034], [37.605903, 55.754045], [37.605469, 55.75409], [37.605212, 55.754116], [37.605077, 55.754131], [37.604568, 55.754183], [37.604244, 55.754217], [37.603772, 55.754161], [37.60359, 55.754109], [37.603454, 55.754071], [37.603114, 55.753964], [37.602813, 55.753826], [37.60269, 55.753767], [37.602596, 55.753722], [37.602475, 55.753654], [37.60237, 55.753595], [37.602344, 55.753723], [37.602327, 55.753756], [37.60232, 55.753788], [37.601307, 55.753748], [37.600295, 55.754], [37.599428, 55.75404], [37.599182, 55.754265], [37.597792, 55.754531], [37.597225, 55.754672], [37.596956, 55.754744], [37.593082, 55.755791], [37.589595, 55.7567], [37.589306, 55.756442], [37.589258, 55.756399], [37.588261, 55.756794], [37.587995, 55.7569], [37.587146, 55.757237], [37.586286, 55.757578], [37.586257, 55.757589], [37.585344, 55.757935], [37.585238, 55.757977], [37.585036, 55.758058], [37.584456, 55.758111], [37.584394, 55.757856], [37.584349, 55.757647], [37.584302, 55.757406], [37.584268, 55.757235], [37.584037, 55.75608], [37.583858, 55.755204], [37.583377, 55.755227], [37.583213, 55.755226], [37.580632, 55.75521], [37.579413, 55.755202], [37.578592, 55.755197], [37.577384, 55.755178], [37.577169, 55.755184], [37.576922, 55.755199], [37.576814, 55.755206], [37.576617, 55.754987], [37.576509, 55.754866], [37.576281, 55.754628], [37.575047, 55.753345], [37.57396, 55.75256], [37.57206, 55.75202], [37.570802, 55.752728], [37.567883, 55.753356], [37.564021, 55.753597], [37.560178, 55.753078], [37.557562, 55.75239], [37.554535, 55.751436], [37.549043, 55.748984], [37.54355, 55.746521], [37.540374, 55.745458], [37.536727, 55.744636], [37.532404, 55.744396], [37.527972, 55.744612], [37.525569, 55.745337], [37.523637, 55.746327], [37.522521, 55.747211], [37.52205, 55.747583], [37.52036, 55.749852], [37.520229, 55.750022], [37.518503, 55.752585], [37.518144, 55.753211], [37.517672, 55.754636], [37.516299, 55.756833], [37.514539, 55.758089], [37.51393, 55.758422]]]}}, {"type": "Feature", "properties": {"name": "Хамовники", "name_en": "Khamovniki", "okrug": "ЦАО", "source_name": "Хамовники", "okato": "45286590", "oktmo": "45383000"}, "geometry": {"type": "Polygon", "coordinates": [[[37.541081, 55.720125], [37.541182, 55.722056], [37.541863, 55.72404], [37.543075, 55.725566], [37.544903, 55.727056], [37.54522, 55.727191], [37.547786, 55.728068], [37.548829, 55.728424], [37.553035, 55.729947], [37.559063, 55.733069], [37.563633, 55.735095], [37.56575, 55.736401], [37.568327, 55.738552], [37.573033, 55.743694], [37.573891, 55.744709], [37.574134, 55.745454], [37.576141, 55.745502], [37.576551, 55.745498], [37.576878, 55.74552], [37.579475, 55.745846], [37.579969, 55.745801], [37.580511, 55.745704], [37.580744, 55.745663], [37.581744, 55.745506], [37.582019, 55.74546], [37.58227, 55.745428], [37.582583, 55.745414], [37.582711, 55.745419], [37.58286, 55.745434], [37.583053, 55.745461], [37.583814, 55.743714], [37.583964, 55.743738], [37.584224, 55.743778], [37.584273, 55.743783], [37.585162, 55.743874], [37.586417, 55.744003], [37.586634, 55.744025], [37.587459, 55.74411], [37.587184, 55.7445], [37.586882, 55.744928], [37.586824, 55.74501], [37.586506, 55.745463], [37.586174, 55.745934], [37.585906, 55.746314], [37.58628, 55.746415], [37.587691, 55.746794], [37.587759, 55.746812], [37.588459, 55.74688], [37.59057, 55.747102], [37.59155, 55.747212], [37.592129, 55.747276], [37.592341, 55.7473], [37.592791, 55.747349], [37.59509, 55.7476], [37.595908, 55.747681], [37.597417, 55.747426], [37.597457, 55.747419], [37.59779, 55.747363], [37.598266, 55.747285], [37.599197, 55.747102], [37.599278, 55.74709], [37.599356, 55.747083], [37.599719, 55.748892], [37.600474, 55.748837], [37.600579, 55.748831], [37.601177, 55.748785], [37.601965, 55.74872], [37.602387, 55.748685], [37.602771, 55.748653], [37.602821, 55.748643], [37.602869, 55.748626], [37.602904, 55.74861], [37.602949, 55.748587], [37.602963, 55.748611], [37.602989, 55.748641], [37.603017, 55.748672], [37.603038, 55.7487], [37.603545, 55.749386], [37.603955, 55.74994], [37.604263, 55.750357], [37.604268, 55.750363], [37.604299, 55.750405], [37.604869, 55.750244], [37.606659, 55.749737], [37.606772, 55.749702], [37.607969, 55.749377], [37.608392, 55.749262], [37.608653, 55.749194], [37.608756, 55.749184], [37.608856, 55.749199], [37.609507, 55.749003], [37.610067, 55.748829], [37.610268, 55.748765], [37.610436, 55.748711], [37.610571, 55.748667], [37.610655, 55.748633], [37.610731, 55.748592], [37.610782, 55.748547], [37.610824, 55.748497], [37.610852, 55.748504], [37.612289, 55.746797], [37.611743, 55.746496], [37.610112, 55.745264], [37.608767, 55.743678], [37.608513, 55.743388], [37.608323, 55.743118], [37.608118, 55.742518], [37.607995, 55.741971], [37.607644, 55.740887], [37.607369, 55.739744], [37.607136, 55.738962], [37.606905, 55.738352], [37.606741, 55.738086], [37.60641, 55.737836], [37.602675, 55.735931], [37.600027, 55.734586], [37.598029, 55.732937], [37.596304, 55.73104], [37.594685, 55.728476], [37.593179, 55.72626], [37.5903, 55.723565], [37.58551, 55.719343], [37.58208, 55.716741], [37.578751, 55.71478], [37.577608, 55.714206], [37.574928, 55.713118], [37.56961, 55.711617], [37.565401, 55.710757], [37.560995, 55.710338], [37.559232, 55.71028], [37.556873, 55.710343], [37.552897, 55.710973], [37.548516, 55.712263], [37.545942, 55.713687], [37.543331, 55.715617], [37.541885, 55.717595], [37.541081, 55.720125]]]}}, {"type": "Feature", "properties": {"name": "Басманный", "name_en": "Basmanny", "okrug": "ЦАО", "source_name": "Басманный", "okato": "45286555", "oktmo": "45375000"}, "geometry": {"type": "Polygon", "coordinates": [[[37.627898, 55.759544], [37.628069, 55.759611], [37.628264, 55.759679], [37.628475, 55.759743], [37.628655, 55.759785], [37.628943, 55.759845], [37.629955, 55.75998], [37.630681, 55.760095], [37.630835, 55.760141], [37.630966, 55.760187], [37.63157, 55.760512], [37.631819, 55.760789], [37.63199, 55.760957], [37.632146, 55.761078], [37.632914, 55.761518], [37.633314, 55.761735], [37.633683, 55.761933], [37.633747, 55.761968], [37.63425, 55.762247], [37.634589, 55.762455], [37.634633, 55.762495], [37.634665, 55.762523], [37.635132, 55.762945], [37.635407, 55.763202], [37.635636, 55.763413], [37.636078, 55.763865], [37.636536, 55.764353], [37.63658, 55.76444], [37.636637, 55.764528], [37.63708, 55.765014], [37.637148, 55.765077], [37.637262, 55.765114], [37.637372, 55.765135], [37.637477, 55.765154], [37.637596, 55.765185], [37.638056, 55.765356], [37.638209, 55.765404], [37.638677, 55.765634], [37.640231, 55.766372], [37.640969, 55.766715], [37.641671, 55.767041], [37.642198, 55.767285], [37.642615, 55.767479], [37.642798, 55.767563], [37.642932, 55.767626], [37.643235, 55.767766], [37.643314, 55.767807], [37.644438, 55.76838], [37.644696, 55.768511], [37.644923, 55.768507], [37.645408, 55.768485], [37.645944, 55.768501], [37.648039, 55.768562], [37.648113, 55.768564], [37.649655, 55.768724], [37.651547, 55.769102], [37.652945, 55.7694], [37.653072, 55.769421], [37.653498, 55.76949], [37.653844, 55.769536], [37.654052, 55.769549], [37.654651, 55.769577], [37.65471, 55.769595], [37.655494, 55.769599], [37.656892, 55.769628], [37.657177, 55.769633], [37.657707, 55.769635], [37.658214, 55.769638], [37.65904, 55.769641], [37.659221, 55.769642], [37.661361, 55.769695], [37.663045, 55.769737], [37.663073, 55.769816], [37.663886, 55.772092], [37.663911, 55.772162], [37.66394, 55.77225], [37.66401, 55.772466], [37.664085, 55.772696], [37.664238, 55.773165], [37.664299, 55.773247], [37.66444, 55.77334], [37.666325, 55.773977], [37.66805, 55.774565], [37.669716, 55.77538], [37.670615, 55.775819], [37.670783, 55.775902], [37.670955, 55.775975], [37.671093, 55.776035], [37.671551, 55.776232], [37.6729, 55.776814], [37.673171, 55.776935], [37.673431, 55.777063], [37.673529, 55.777116], [37.67376, 55.777242], [37.67396, 55.777347], [37.674064, 55.777402], [37.674124, 55.777434], [37.674377, 55.777563], [37.674647, 55.7777], [37.674756, 55.777745], [37.675424, 55.778084], [37.675686, 55.778223], [37.675899, 55.778345], [37.675997, 55.778366], [37.67609, 55.77837], [37.676178, 55.778364], [37.676372, 55.778296], [37.679061, 55.777346], [37.679164, 55.777318], [37.680109, 55.777118], [37.680275, 55.777232], [37.680306, 55.777254], [37.680401, 55.77732], [37.680432, 55.777416], [37.680439, 55.777439], [37.680461, 55.777485], [37.68052, 55.777544], [37.682449, 55.779035], [37.683349, 55.779703], [37.684842, 55.780811], [37.684818, 55.781597], [37.686539, 55.781815], [37.687055, 55.781848], [37.688822, 55.781905], [37.69225, 55.781845], [37.692602, 55.781956], [37.696335, 55.781944], [37.696786, 55.782016], [37.699386, 55.781969], [37.699517, 55.781968], [37.699901, 55.781914], [37.699983, 55.781912], [37.700611, 55.781891], [37.701244, 55.78185], [37.701897, 55.78177], [37.70253, 55.781655], [37.703181, 55.781524], [37.704302, 55.781239], [37.705069, 55.781043], [37.70525, 55.780994], [37.706093, 55.780737], [37.707127, 55.780384], [37.707742, 55.780161], [37.708298, 55.779907], [37.70879, 55.779623], [37.709336, 55.779285], [37.70992, 55.778875], [37.71043, 55.778449], [37.710931, 55.778001], [37.712681, 55.776171], [37.713328, 55.775479], [37.713525, 55.775256], [37.713183, 55.775106], [37.712913, 55.774976], [37.712497, 55.77477], [37.712019, 55.774533], [37.711881, 55.774465], [37.711787, 55.774419], [37.711659, 55.77435], [37.711055, 55.774065], [37.710447, 55.773741], [37.710262, 55.773646], [37.710117, 55.773573], [37.709866, 55.773448], [37.709733, 55.773381], [37.709649, 55.77334], [37.708972, 55.773003], [37.708335, 55.772686], [37.707638, 55.772339], [37.707373, 55.77222], [37.706607, 55.771841], [37.705684, 55.771412], [37.705416, 55.771267], [37.705289, 55.771188], [37.705148, 55.771098], [37.704821, 55.770833], [37.704726, 55.770775], [37.704649, 55.770727], [37.704349, 55.770606], [37.703946, 55.770498], [37.703801, 55.770462], [37.703474, 55.770371], [37.703093, 55.770244], [37.702771, 55.770133], [37.702518, 55.770029], [37.701799, 55.769589], [37.700357, 55.768699], [37.699374, 55.768042], [37.699191, 55.767922], [37.69895, 55.767766], [37.698893, 55.76773], [37.698736, 55.767632], [37.697933, 55.767133], [37.697647, 55.766953], [37.697543, 55.766878], [37.697486, 55.766837], [37.697376, 55.766802], [37.697303, 55.766793], [37.697221, 55.766795], [37.697069, 55.766814], [37.69703, 55.76683], [37.696922, 55.766883], [37.696805, 55.766941], [37.695415, 55.767721], [37.694085, 55.768469], [37.692861, 55.76914], [37.692435, 55.769352], [37.692367, 55.769379], [37.69232, 55.769398], [37.692186, 55.769483], [37.690379, 55.768484], [37.68904, 55.767774], [37.688439, 55.767132], [37.687287, 55.765703], [37.68612, 55.764312], [37.685845, 55.763984], [37.685751, 55.763554], [37.686008, 55.762202], [37.68539, 55.761526], [37.684159, 55.760274], [37.682588, 55.759536], [37.681803, 55.759312], [37.680948, 55.759142], [37.680216, 55.759073], [37.679468, 55.759058], [37.676491, 55.759202], [37.675127, 55.759311], [37.673912, 55.75937], [37.673015, 55.759329], [37.6723, 55.759163], [37.671331, 55.758676], [37.670961, 55.758348], [37.670756, 55.757923], [37.671357, 55.756626], [37.671685, 55.756116], [37.672258, 55.755085], [37.672706, 55.754416], [37.672941, 55.754001], [37.673047, 55.753694], [37.67302, 55.753171], [37.67255, 55.752388], [37.671852, 55.751801], [37.671075, 55.751154], [37.670531, 55.750749], [37.669784, 55.751], [37.669115, 55.751275], [37.668512, 55.751572], [37.668004, 55.751869], [37.66754, 55.752192], [37.666235, 55.753139], [37.665861, 55.753035], [37.665008, 55.752836], [37.664792, 55.75279], [37.664568, 55.752743], [37.664305, 55.752694], [37.664205, 55.752676], [37.664147, 55.752764], [37.664097, 55.752841], [37.663873, 55.753146], [37.663687, 55.753438], [37.663348, 55.753836], [37.663234, 55.753923], [37.663082, 55.754022], [37.662925, 55.754097], [37.662678, 55.754173], [37.662415, 55.754238], [37.661622, 55.754368], [37.660953, 55.75446], [37.660508, 55.754504], [37.659188, 55.754645], [37.658276, 55.754726], [37.657616, 55.754768], [37.656868, 55.754738], [37.656067, 55.754707], [37.655789, 55.75466], [37.655192, 55.754557], [37.655173, 55.754553], [37.654342, 55.754359], [37.65411, 55.754207], [37.653835, 55.754026], [37.653194, 55.753711], [37.653157, 55.753693], [37.652454, 55.753495], [37.652332, 55.753467], [37.652194, 55.753435], [37.65085, 55.753155], [37.650059, 55.753021], [37.649398, 55.752944], [37.648702, 55.752971], [37.648671, 55.752972], [37.648241, 55.752988], [37.647557, 55.753029], [37.647523, 55.753028], [37.647434, 55.753025], [37.64701, 55.753018], [37.64687, 55.752996], [37.646677, 55.752978], [37.64454, 55.752775], [37.644458, 55.752768], [37.64351, 55.752705], [37.642902, 55.752687], [37.642777, 55.752695], [37.642687, 55.752716], [37.641193, 55.752914], [37.640657, 55.752972], [37.639699, 55.753091], [37.639508, 55.753114], [37.639232, 55.753171], [37.638982, 55.753166], [37.637861, 55.753569], [37.637806, 55.753606], [37.637427, 55.753912], [37.637178, 55.754112], [37.637018, 55.754231], [37.635689, 55.753922], [37.635452, 55.753869], [37.6353, 55.753853], [37.635184, 55.753854], [37.635095, 55.753866], [37.635003, 55.7539], [37.634932, 55.753938], [37.634876, 55.75399], [37.63483, 55.754063], [37.634817, 55.754091], [37.634758, 55.754195], [37.634636, 55.754432], [37.634614, 55.75447], [37.63456, 55.754548], [37.634434, 55.754703], [37.634316, 55.754858], [37.634193, 55.754989], [37.633984, 55.755166], [37.633634, 55.755455], [37.63331, 55.755717], [37.632837, 55.756093], [37.632444, 55.756374], [37.632051, 55.7567], [37.631472, 55.757177], [37.630666, 55.757595], [37.630595, 55.757624], [37.630069, 55.757925], [37.629781, 55.758127], [37.629423, 55.758395], [37.629035, 55.758681], [37.6289, 55.758785], [37.628792, 55.758859], [37.627974, 55.759485], [37.627898, 55.759544]]]}}, {"type": "Feature", "properties": {"name": "Красносельский", "name_en": "Krasnoselsky", "okrug": "ЦАО", "source_name": "Красносельский", "okato": "45286565", "oktmo": "45378000"}, "geometry": {"type": "Polygon", "coordinates": [[[37.628341, 55.759833], [37.628718, 55.760068], [37.628924, 55.760202], [37.629842, 55.760639], [37.630091, 55.760768], [37.629986, 55.760821], [37.629468, 55.761039], [37.629776, 55.761406], [37.629854, 55.761538], [37.63013, 55.762043], [37.630326, 55.762565], [37.630424, 55.762855], [37.630607, 55.763413], [37.63024, 55.76345], [37.629912, 55.762871], [37.628678, 55.763108], [37.628711, 55.763151], [37.629123, 55.763687], [37.629632, 55.764312], [37.629736, 55.76444], [37.630089, 55.76489], [37.630192, 55.764978], [37.630297, 55.765048], [37.630738, 55.765397], [37.630858, 55.76552], [37.630969, 55.765673], [37.63129, 55.766271], [37.631327, 55.766399], [37.631426, 55.76679], [37.631439, 55.766849], [37.631494, 55.767033], [37.631523, 55.767131], [37.631629, 55.767494], [37.631651, 55.767569], [37.631799, 55.768073], [37.631818, 55.768156], [37.631918, 55.768578], [37.631994, 55.768903], [37.632024, 55.769023], [37.632145, 55.76943], [37.632164, 55.769496], [37.632278, 55.769889], [37.63232, 55.770031], [37.632343, 55.77012], [37.632455, 55.770652], [37.632467, 55.770742], [37.632471, 55.770815], [37.632451, 55.771266], [37.632436, 55.771423], [37.6324, 55.771817], [37.632399, 55.771878], [37.632394, 55.772625], [37.633256, 55.772513], [37.634147, 55.772414], [37.63578, 55.772219], [37.636556, 55.772112], [37.637248, 55.772], [37.637351, 55.772255], [37.637449, 55.772466], [37.637596, 55.772726], [37.637681, 55.772875], [37.637713, 55.772932], [37.637814, 55.773128], [37.638022, 55.77353], [37.638105, 55.773774], [37.63812, 55.773839], [37.638126, 55.773916], [37.638132, 55.774023], [37.638146, 55.774252], [37.638155, 55.774394], [37.638171, 55.774654], [37.638179, 55.774786], [37.638213, 55.774851], [37.638301, 55.775018], [37.638452, 55.775307], [37.638643, 55.775675], [37.638756, 55.775892], [37.638829, 55.776035], [37.639072, 55.776503], [37.639125, 55.776606], [37.639159, 55.776672], [37.63936, 55.777061], [37.639399, 55.777136], [37.639556, 55.777138], [37.640065, 55.777151], [37.640098, 55.777219], [37.640242, 55.777512], [37.640465, 55.777965], [37.640694, 55.77843], [37.640704, 55.778451], [37.640971, 55.778993], [37.641291, 55.779643], [37.641306, 55.779673], [37.64189, 55.779677], [37.643844, 55.779688], [37.643927, 55.779688], [37.643973, 55.779688], [37.644896, 55.779748], [37.644595, 55.780559], [37.643952, 55.782205], [37.64383, 55.78253], [37.642973, 55.784816], [37.641733, 55.788126], [37.641664, 55.788446], [37.641664, 55.78846], [37.642222, 55.788429], [37.642209, 55.789246], [37.642077, 55.790161], [37.641658, 55.790942], [37.641444, 55.791306], [37.640882, 55.791845], [37.640255, 55.79244], [37.64296, 55.792981], [37.645527, 55.791269], [37.646295, 55.790888], [37.646997, 55.790605], [37.647731, 55.790381], [37.648228, 55.790238], [37.648756, 55.790107], [37.650147, 55.789724], [37.651522, 55.789369], [37.655598, 55.788381], [37.66003, 55.787524], [37.661061, 55.787324], [37.662518, 55.787013], [37.663842, 55.786756], [37.667091, 55.786136], [37.672279, 55.785221], [37.674071, 55.784891], [37.674579, 55.784788], [37.675093, 55.784683], [37.675748, 55.78453], [37.678309, 55.78402], [37.682667, 55.783163], [37.685998, 55.782523], [37.688822, 55.781905], [37.687055, 55.781848], [37.686539, 55.781815], [37.684818, 55.781597], [37.684842, 55.780811], [37.683349, 55.779703], [37.682449, 55.779035], [37.68052, 55.777544], [37.680461, 55.777485], [37.680439, 55.777439], [37.680432, 55.777416], [37.680401, 55.77732], [37.680306, 55.777254], [37.680275, 55.777232], [37.680109, 55.777118], [37.679164, 55.777318], [37.679061, 55.777346], [37.676372, 55.778296], [37.676178, 55.778364], [37.67609, 55.77837], [37.675997, 55.778366], [37.675899, 55.778345], [37.675686, 55.778223], [37.675424, 55.778084], [37.674756, 55.777745], [37.674647, 55.7777], [37.674377, 55.777563], [37.674124, 55.777434], [37.674064, 55.777402], [37.67396, 55.777347], [37.67376, 55.777242], [37.673529, 55.777116], [37.673431, 55.777063], [37.673171, 55.776935], [37.6729, 55.776814], [37.671551, 55.776232], [37.671093, 55.776035], [37.670955, 55.775975], [37.670783, 55.775902], [37.670615, 55.775819], [37.669716, 55.77538], [37.66805, 55.774565], [37.666325, 55.773977], [37.66444, 55.77334], [37.664299, 55.773247], [37.664238, 55.773165], [37.664085, 55.772696], [37.66401, 55.772466], [37.66394, 55.77225], [37.663911, 55.772162], [37.663886, 55.772092], [37.663073, 55.769816], [37.663045, 55.769737], [37.661361, 55.769695], [37.659221, 55.769642], [37.65904, 55.769641], [37.658214, 55.769638], [37.657707, 55.769635], [37.657177, 55.769633], [37.656892, 55.769628], [37.655494, 55.769599], [37.65471, 55.769595], [37.654651, 55.769577], [37.654052, 55.769549], [37.653844, 55.769536], [37.653498, 55.76949], [37.653072, 55.769421], [37.652945, 55.7694], [37.651547, 55.769102], [37.649655, 55.768724], [37.648113, 55.768564], [37.648039, 55.768562], [37.645944, 55.768501], [37.645408, 55.768485], [37.644923, 55.768507], [37.644696, 55.768511], [37.644438, 55.76838], [37.643314, 55.767807], [37.643235, 55.767766], [37.642932, 55.767626], [37.642798, 55.767563], [37.642615, 55.767479], [37.642198, 55.767285], [37.641671, 55.767041], [37.640969, 55.766715], [37.640231, 55.766372], [37.638677, 55.765634], [37.638209, 55.765404], [37.638056, 55.765356], [37.637596, 55.765185], [37.637477, 55.765154], [37.637372, 55.765135], [37.637262, 55.765114], [37.637148, 55.765077], [37.63708, 55.765014], [37.636637, 55.764528], [37.63658, 55.76444], [37.636536, 55.764353], [37.636078, 55.763865], [37.635636, 55.763413], [37.635407, 55.763202], [37.635132, 55.762945], [37.634665, 55.762523], [37.634633, 55.762495], [37.634589, 55.762455], [37.63425, 55.762247], [37.633747, 55.761968], [37.633683, 55.761933], [37.633314, 55.761735], [37.632914, 55.761518], [37.632146, 55.761078], [37.63199, 55.760957], [37.631819, 55.760789], [37.63157, 55.760512], [37.630966, 55.760187], [37.630835, 55.760141], [37.630681, 55.760095], [37.629955, 55.75998], [37.628943, 55.759845], [37.628341, 55.759833]]]}}, {"type": "Feature", "properties": {"name": "Мещанский", "name_en": "Meshchansky", "okrug": "ЦАО", "source_name": "Мещанский", "okato": "45286570", "oktmo": "45379000"}, "geometry": {"type": "Polygon", "coordinates": [[[37.612255, 55.782591], [37.612414, 55.78262], [37.612549, 55.782679], [37.612727, 55.782882], [37.612909, 55.783312], [37.612962, 55.783382], [37.613094, 55.783401], [37.61376, 55.783385], [37.614571, 55.783512], [37.61478, 55.783481], [37.61493, 55.783384], [37.615145, 55.783159], [37.615178, 55.783481], [37.615383, 55.783893], [37.615516, 55.784125], [37.615612, 55.784277], [37.615944, 55.78483], [37.616134, 55.78515], [37.616224, 55.785304], [37.61627, 55.785382], [37.616722, 55.786147], [37.61682, 55.786432], [37.616798, 55.786824], [37.61677, 55.787312], [37.616708, 55.787794], [37.6167, 55.787853], [37.616695, 55.787901], [37.616641, 55.788374], [37.616629, 55.788522], [37.616618, 55.788637], [37.616548, 55.789372], [37.616516, 55.789706], [37.616506, 55.789814], [37.616412, 55.791232], [37.616399, 55.791421], [37.61639, 55.791539], [37.61633, 55.792303], [37.616322, 55.792472], [37.616301, 55.79291], [37.616307, 55.793135], [37.616976, 55.793123], [37.618166, 55.793088], [37.619364, 55.793017], [37.623426, 55.79276], [37.624619, 55.792694], [37.627963, 55.79252], [37.628946, 55.792375], [37.629737, 55.79226], [37.631533, 55.791931], [37.632264, 55.791845], [37.632785, 55.791814], [37.63343, 55.791814], [37.63407, 55.791832], [37.634622, 55.791862], [37.634565, 55.792278], [37.634416, 55.794204], [37.634418, 55.794623], [37.634755, 55.796022], [37.634945, 55.796947], [37.634986, 55.79714], [37.635345, 55.796962], [37.636499, 55.796389], [37.638266, 55.795663], [37.640459, 55.794599], [37.64296, 55.792981], [37.640255, 55.79244], [37.640882, 55.791845], [37.641444, 55.791306], [37.641658, 55.790942], [37.642077, 55.790161], [37.642209, 55.789246], [37.642222, 55.788429], [37.641664, 55.78846], [37.641664, 55.788446], [37.641733, 55.788126], [37.642973, 55.784816], [37.64383, 55.78253], [37.643952, 55.782205], [37.644595, 55.780559], [37.644896, 55.779748], [37.643973, 55.779688], [37.643927, 55.779688], [37.643844, 55.779688], [37.64189, 55.779677], [37.641306, 55.779673], [37.641291, 55.779643], [37.640971, 55.778993], [37.640704, 55.778451], [37.640694, 55.77843], [37.640465, 55.777965], [37.640242, 55.777512], [37.640098, 55.777219], [37.640065, 55.777151], [37.639556, 55.777138], [37.639399, 55.777136], [37.63936, 55.777061], [37.639159, 55.776672], [37.639125, 55.776606], [37.639072, 55.776503], [37.638829, 55.776035], [37.638756, 55.775892], [37.638643, 55.775675], [37.638452, 55.775307], [37.638301, 55.775018], [37.638213, 55.774851], [37.638179, 55.774786], [37.638171, 55.774654], [37.638155, 55.774394], [37.638146, 55.774252], [37.638132, 55.774023], [37.638126, 55.773916], [37.63812, 55.773839], [37.638105, 55.773774], [37.638022, 55.77353], [37.637814, 55.773128], [37.637713, 55.772932], [37.637681, 55.772875], [37.637596, 55.772726], [37.637449, 55.772466], [37.637351, 55.772255], [37.637248, 55.772], [37.636556, 55.772112], [37.63578, 55.772219], [37.634147, 55.772414], [37.633256, 55.772513], [37.632394, 55.772625], [37.632399, 55.771878], [37.6324, 55.771817], [37.632436, 55.771423], [37.632451, 55.771266], [37.632471, 55.770815], [37.632467, 55.770742], [37.632455, 55.770652], [37.632343, 55.77012], [37.63232, 55.770031], [37.632278, 55.769889], [37.632164, 55.769496], [37.632145, 55.76943], [37.632024, 55.769023], [37.631994, 55.768903], [37.631918, 55.768578], [37.631818, 55.768156], [37.631799, 55.768073], [37.631651, 55.767569], [37.631629, 55.767494], [37.631523, 55.767131], [37.631494, 55.767033], [37.631439, 55.766849], [37.631426, 55.76679], [37.631327, 55.766399], [37.63129, 55.766271], [37.630969, 55.765673], [37.630858, 55.76552], [37.630738, 55.765397], [37.630297, 55.765048], [37.630192, 55.764978], [37.630089, 55.76489], [37.629736, 55.76444], [37.629632, 55.764312], [37.629123, 55.763687], [37.628711, 55.763151], [37.628678, 55.763108], [37.629912, 55.762871], [37.63024, 55.76345], [37.630607, 55.763413], [37.630424, 55.762855], [37.630326, 55.762565], [37.63013, 55.762043], [37.629854, 55.761538], [37.629776, 55.761406], [37.629468, 55.761039], [37.629986, 55.760821], [37.630091, 55.760768], [37.629842, 55.760639], [37.628924, 55.760202], [37.628718, 55.760068], [37.628341, 55.759833], [37.627812, 55.759922], [37.626666, 55.760545], [37.626597, 55.760469], [37.626182, 55.759985], [37.626116, 55.759911], [37.626015, 55.759836], [37.62591, 55.759789], [37.625778, 55.759746], [37.624799, 55.759553], [37.623798, 55.75943], [37.622784, 55.759306], [37.622713, 55.759292], [37.621552, 55.75912], [37.621452, 55.759302], [37.620927, 55.7603], [37.620584, 55.760951], [37.620475, 55.761136], [37.620204, 55.761597], [37.620151, 55.761701], [37.620149, 55.761741], [37.620086, 55.763735], [37.620069, 55.764116], [37.620061, 55.764763], [37.620215, 55.765101], [37.619863, 55.765203], [37.62022, 55.765584], [37.621438, 55.766885], [37.621525, 55.766973], [37.621448, 55.766989], [37.621371, 55.767033], [37.621319, 55.767088], [37.621257, 55.767181], [37.621137, 55.76736], [37.621117, 55.767423], [37.621116, 55.767483], [37.621114, 55.767837], [37.621097, 55.768259], [37.621068, 55.770248], [37.621068, 55.770319], [37.621065, 55.770882], [37.621058, 55.771421], [37.621058, 55.771891], [37.621052, 55.772253], [37.621043, 55.772516], [37.621024, 55.772938], [37.621015, 55.773189], [37.621004, 55.773414], [37.620974, 55.773472], [37.620939, 55.773513], [37.620791, 55.773664], [37.61894, 55.773615], [37.618919, 55.77384], [37.618917, 55.773898], [37.618896, 55.774035], [37.618811, 55.774669], [37.618669, 55.775548], [37.618665, 55.775586], [37.618586, 55.776047], [37.618539, 55.776271], [37.618502, 55.776432], [37.618122, 55.77746], [37.617872, 55.778083], [37.617743, 55.778473], [37.61771, 55.778574], [37.617346, 55.779538], [37.617054, 55.780299], [37.616944, 55.780363], [37.616281, 55.780727], [37.615967, 55.780924], [37.615667, 55.78112], [37.615523, 55.781209], [37.615417, 55.781271], [37.615304, 55.781344], [37.615068, 55.781485], [37.61493, 55.781605], [37.614901, 55.781727], [37.614911, 55.781841], [37.614702, 55.781834], [37.61441, 55.781863], [37.613949, 55.781999], [37.612255, 55.782591]]]}}, {"type": "Feature", "properties": {"name": "Таганский", "name_en": "Tagansky", "okrug": "ЦАО", "source_name": "Таганский", "okato": "45286580", "oktmo": "45381000"}, "geometry": {"type": "Polygon", "coordinates": [[[37.632109, 55.748851], [37.632366, 55.749517], [37.632391, 55.749611], [37.632451, 55.749806], [37.632541, 55.750268], [37.633063, 55.751803], [37.633201, 55.752197], [37.633325, 55.752574], [37.633467, 55.753059], [37.63352, 55.753227], [37.633688, 55.753432], [37.633919, 55.753532], [37.634568, 55.753646], [37.634832, 55.753703], [37.634962, 55.753797], [37.635003, 55.7539], [37.635095, 55.753866], [37.635184, 55.753854], [37.6353, 55.753853], [37.635452, 55.753869], [37.635689, 55.753922], [37.637018, 55.754231], [37.637178, 55.754112], [37.637427, 55.753912], [37.637806, 55.753606], [37.637861, 55.753569], [37.638982, 55.753166], [37.639232, 55.753171], [37.639508, 55.753114], [37.639699, 55.753091], [37.640657, 55.752972], [37.641193, 55.752914], [37.642687, 55.752716], [37.642777, 55.752695], [37.642902, 55.752687], [37.64351, 55.752705], [37.644458, 55.752768], [37.64454, 55.752775], [37.646677, 55.752978], [37.64687, 55.752996], [37.64701, 55.753018], [37.647434, 55.753025], [37.647523, 55.753028], [37.647557, 55.753029], [37.648241, 55.752988], [37.648671, 55.752972], [37.648702, 55.752971], [37.649398, 55.752944], [37.650059, 55.753021], [37.65085, 55.753155], [37.652194, 55.753435], [37.652332, 55.753467], [37.652454, 55.753495], [37.653157, 55.753693], [37.653194, 55.753711], [37.653835, 55.754026], [37.65411, 55.754207], [37.654342, 55.754359], [37.655173, 55.754553], [37.655192, 55.754557], [37.655789, 55.75466], [37.656067, 55.754707], [37.656868, 55.754738], [37.657616, 55.754768], [37.658276, 55.754726], [37.659188, 55.754645], [37.660508, 55.754504], [37.660953, 55.75446], [37.661622, 55.754368], [37.662415, 55.754238], [37.662678, 55.754173], [37.662925, 55.754097], [37.663082, 55.754022], [37.663234, 55.753923], [37.663348, 55.753836], [37.663687, 55.753438], [37.663873, 55.753146], [37.664097, 55.752841], [37.664147, 55.752764], [37.664205, 55.752676], [37.664305, 55.752694], [37.664568, 55.752743], [37.664792, 55.75279], [37.665008, 55.752836], [37.665861, 55.753035], [37.666235, 55.753139], [37.66754, 55.752192], [37.668004, 55.751869], [37.668512, 55.751572], [37.669115, 55.751275], [37.669784, 55.751], [37.670531, 55.750749], [37.671052, 55.750556], [37.67168, 55.750362], [37.672326, 55.750207], [37.673106, 55.75005], [37.675985, 55.749586], [37.676643, 55.749481], [37.677624, 55.749319], [37.67836, 55.749193], [37.679815, 55.748932], [37.680662, 55.74875], [37.68154, 55.74853], [37.682445, 55.74827], [37.683204, 55.748001], [37.683947, 55.747693], [37.684778, 55.747293], [37.684874, 55.747308], [37.68597, 55.746771], [37.686946, 55.746363], [37.689943, 55.744998], [37.69234, 55.743869], [37.692304, 55.743837], [37.693703, 55.743175], [37.695284, 55.74232], [37.696157, 55.741703], [37.69708, 55.740791], [37.697919, 55.73959], [37.699487, 55.736743], [37.699835, 55.736317], [37.69929, 55.736384], [37.698862, 55.736436], [37.698479, 55.73562], [37.698406, 55.735473], [37.698351, 55.7354], [37.698312, 55.735349], [37.697204, 55.733903], [37.69717, 55.733858], [37.697094, 55.733759], [37.696606, 55.733125], [37.696103, 55.73247], [37.695736, 55.731997], [37.695127, 55.731185], [37.694509, 55.730299], [37.693955, 55.729526], [37.6937, 55.729303], [37.693603, 55.72929], [37.69331, 55.729277], [37.693037, 55.729292], [37.692642, 55.729372], [37.692158, 55.72954], [37.690943, 55.730179], [37.688199, 55.731773], [37.686898, 55.732447], [37.685602, 55.73294], [37.685364, 55.732998], [37.685433, 55.732577], [37.685827, 55.730182], [37.685838, 55.730113], [37.68406, 55.730031], [37.684103, 55.729584], [37.683298, 55.72907], [37.681442, 55.72904], [37.68157, 55.728472], [37.680467, 55.728405], [37.68048, 55.728329], [37.680507, 55.728151], [37.680522, 55.728065], [37.680555, 55.727775], [37.680568, 55.727688], [37.678918, 55.728265], [37.67886, 55.728204], [37.678748, 55.728106], [37.678615, 55.727989], [37.678433, 55.727831], [37.678073, 55.727516], [37.677568, 55.727306], [37.672557, 55.72624], [37.670637, 55.725799], [37.670559, 55.725913], [37.670156, 55.726549], [37.669714, 55.727239], [37.669625, 55.727375], [37.669201, 55.728024], [37.668659, 55.728853], [37.668132, 55.729695], [37.66792, 55.730033], [37.667732, 55.730392], [37.667657, 55.730585], [37.66749, 55.730826], [37.667463, 55.730864], [37.666823, 55.731216], [37.66624, 55.731536], [37.665811, 55.731635], [37.664426, 55.731467], [37.664089, 55.731389], [37.663661, 55.731295], [37.663402, 55.731238], [37.663034, 55.731155], [37.661335, 55.730845], [37.660817, 55.730734], [37.66069, 55.730703], [37.660709, 55.730676], [37.660762, 55.730601], [37.662201, 55.728441], [37.663092, 55.726863], [37.663127, 55.726758], [37.662981, 55.726747], [37.662852, 55.726739], [37.662681, 55.726727], [37.662396, 55.726707], [37.661976, 55.726678], [37.660268, 55.726601], [37.656718, 55.726372], [37.656211, 55.727099], [37.655767, 55.727624], [37.654211, 55.728821], [37.652512, 55.729947], [37.650495, 55.731276], [37.649122, 55.73333], [37.648018, 55.734958], [37.647534, 55.735915], [37.644873, 55.741134], [37.642813, 55.743477], [37.641307, 55.745006], [37.639272, 55.746583], [37.637707, 55.747366], [37.634187, 55.748429], [37.632109, 55.748851]]]}}, {"type": "Feature", "properties": {"name": "Якиманка", "name_en": "Yakimanka", "okrug": "ЦАО", "source_name": "Якиманка", "okato": "45286596", "oktmo": "45384000"}, "geometry": {"type": "Polygon", "coordinates": [[[37.577608, 55.714206], [37.578751, 55.71478], [37.58208, 55.716741], [37.58551, 55.719343], [37.5903, 55.723565], [37.593179, 55.72626], [37.594685, 55.728476], [37.596304, 55.73104], [37.598029, 55.732937], [37.600027, 55.734586], [37.602675, 55.735931], [37.60641, 55.737836], [37.606741, 55.738086], [37.606905, 55.738352], [37.607136, 55.738962], [37.607369, 55.739744], [37.607644, 55.740887], [37.607995, 55.741971], [37.608118, 55.742518], [37.608323, 55.743118], [37.608513, 55.743388], [37.608767, 55.743678], [37.610112, 55.745264], [37.611743, 55.746496], [37.612289, 55.746797], [37.613306, 55.747167], [37.613877, 55.747345], [37.614511, 55.747542], [37.616977, 55.748184], [37.617642, 55.748314], [37.620002, 55.748666], [37.621355, 55.748825], [37.623266, 55.74897], [37.624083, 55.749042], [37.625059, 55.749085], [37.625121, 55.748634], [37.625126, 55.748594], [37.625131, 55.748509], [37.625389, 55.748161], [37.625651, 55.747826], [37.625933, 55.746882], [37.62605, 55.746509], [37.626346, 55.745996], [37.625127, 55.745838], [37.624927, 55.745814], [37.624701, 55.745779], [37.624661, 55.745683], [37.624548, 55.74543], [37.624571, 55.745197], [37.62459, 55.745012], [37.624828, 55.744196], [37.624868, 55.743907], [37.624984, 55.742748], [37.62501, 55.742403], [37.625, 55.74197], [37.624974, 55.741607], [37.624878, 55.741038], [37.624868, 55.740969], [37.624763, 55.740489], [37.624755, 55.740457], [37.624598, 55.739723], [37.624558, 55.739314], [37.624387, 55.73659], [37.624381, 55.736539], [37.624382, 55.736488], [37.624399, 55.735109], [37.624401, 55.735009], [37.624413, 55.734513], [37.624427, 55.734178], [37.62442, 55.733836], [37.624381, 55.733171], [37.62435, 55.732803], [37.624347, 55.732763], [37.624336, 55.732633], [37.624255, 55.731689], [37.623987, 55.730201], [37.623954, 55.730091], [37.623877, 55.730104], [37.623847, 55.730106], [37.623572, 55.730031], [37.623446, 55.729999], [37.62346, 55.729874], [37.623493, 55.729859], [37.623522, 55.729834], [37.623538, 55.729748], [37.623445, 55.729666], [37.62331, 55.729658], [37.623202, 55.729461], [37.623179, 55.729478], [37.623094, 55.72952], [37.622968, 55.729552], [37.622808, 55.729573], [37.6226, 55.729579], [37.622363, 55.729563], [37.621429, 55.729451], [37.62097, 55.729397], [37.61996, 55.729276], [37.619902, 55.729272], [37.619612, 55.729243], [37.619635, 55.729174], [37.619655, 55.729115], [37.619713, 55.728797], [37.619761, 55.728427], [37.619876, 55.727634], [37.619902, 55.727388], [37.619909, 55.727298], [37.619747, 55.727278], [37.617612, 55.727081], [37.615133, 55.726882], [37.61582, 55.725325], [37.616719, 55.723399], [37.616867, 55.722959], [37.616913, 55.722824], [37.617402, 55.721375], [37.617634, 55.720687], [37.617739, 55.720375], [37.61777, 55.72028], [37.617546, 55.72026], [37.616964, 55.720208], [37.615671, 55.720098], [37.615568, 55.72009], [37.615039, 55.720563], [37.614413, 55.720996], [37.614172, 55.72109], [37.612005, 55.721274], [37.611144, 55.721347], [37.610174, 55.721428], [37.609765, 55.720395], [37.609403, 55.719479], [37.609048, 55.719545], [37.607267, 55.719884], [37.605424, 55.720234], [37.605315, 55.720254], [37.605171, 55.720285], [37.603435, 55.720645], [37.602274, 55.720886], [37.601815, 55.720981], [37.601491, 55.721048], [37.601439, 55.721062], [37.600698, 55.721255], [37.600469, 55.721311], [37.60038, 55.721349], [37.598128, 55.719847], [37.597494, 55.720142], [37.597237, 55.719963], [37.596855, 55.72013], [37.596801, 55.720093], [37.595993, 55.719556], [37.595657, 55.719357], [37.594084, 55.718325], [37.592565, 55.719146], [37.592619, 55.719406], [37.592973, 55.719575], [37.592818, 55.719645], [37.592747, 55.719672], [37.592715, 55.719686], [37.592228, 55.719428], [37.592133, 55.718828], [37.591429, 55.718387], [37.591388, 55.718355], [37.590795, 55.717873], [37.590789, 55.717812], [37.591666, 55.717459], [37.592505, 55.71702], [37.592468, 55.717001], [37.592544, 55.716955], [37.592577, 55.716972], [37.592671, 55.716871], [37.591906, 55.716379], [37.591721, 55.716448], [37.590691, 55.715687], [37.590504, 55.715746], [37.589951, 55.715335], [37.587983, 55.71394], [37.588445, 55.713763], [37.587918, 55.713324], [37.587896, 55.713306], [37.588336, 55.713096], [37.585566, 55.711073], [37.585381, 55.711158], [37.585232, 55.71122], [37.585174, 55.711245], [37.58398, 55.711025], [37.582774, 55.711254], [37.582129, 55.711003], [37.581635, 55.711348], [37.579418, 55.712956], [37.577608, 55.714206]]]}}, {"type": "Feature", "properties": {"name": "Аэропорт", "name_en": "Aeroport", "okrug": "САО", "source_name": "Аэропорт", "okato": "45277553", "oktmo": "45333000"}, "geometry": {"type": "Polygon", "coordinates": [[[37.511012, 55.806083], [37.511369, 55.806475], [37.512792, 55.808033], [37.514659, 55.810232], [37.515127, 55.810526], [37.515935, 55.811363], [37.516305, 55.81173], [37.516845, 55.811917], [37.519497, 55.815174], [37.527135, 55.815521], [37.528913, 55.815589], [37.530099, 55.815609], [37.531371, 55.815554], [37.532588, 55.815419], [37.533967, 55.815145], [37.535276, 55.814772], [37.536484, 55.814261], [37.537148, 55.813915], [37.539494, 55.812624], [37.540778, 55.811897], [37.541292, 55.811606], [37.544133, 55.810021], [37.549465, 55.807081], [37.549363, 55.807035], [37.548463, 55.806638], [37.549436, 55.805903], [37.549638, 55.805745], [37.550907, 55.804747], [37.551075, 55.804615], [37.553703, 55.802462], [37.553785, 55.802392], [37.553875, 55.802321], [37.554647, 55.801697], [37.555119, 55.801312], [37.55513, 55.801303], [37.555351, 55.801124], [37.555802, 55.800731], [37.556726, 55.799905], [37.556791, 55.799834], [37.556937, 55.799672], [37.557202, 55.799333], [37.557248, 55.799274], [37.557333, 55.799195], [37.557994, 55.798581], [37.558239, 55.798355], [37.558586, 55.798035], [37.55862, 55.798003], [37.558759, 55.797871], [37.559168, 55.797483], [37.559441, 55.797232], [37.560033, 55.796686], [37.560975, 55.795824], [37.561078, 55.79574], [37.562433, 55.794634], [37.56333, 55.793898], [37.563625, 55.793718], [37.563809, 55.793614], [37.564843, 55.79324], [37.565036, 55.793172], [37.565723, 55.792913], [37.566864, 55.792489], [37.567021, 55.792418], [37.567529, 55.792238], [37.568678, 55.791827], [37.569188, 55.791594], [37.569591, 55.791427], [37.569919, 55.791442], [37.572527, 55.791567], [37.574537, 55.791665], [37.574198, 55.791486], [37.573771, 55.791214], [37.570037, 55.788564], [37.568139, 55.787162], [37.566416, 55.785929], [37.565742, 55.785482], [37.551167, 55.791905], [37.531186, 55.800711], [37.522006, 55.803311], [37.520439, 55.803737], [37.51601, 55.804853], [37.513607, 55.805447], [37.511012, 55.806083]]]}}, {"type": "Feature", "properties": {"name": "Беговой", "name_en": "Begovoy", "okrug": "САО", "source_name": "Беговой", "okato": "45277556", "oktmo": "45334000"}, "geometry": {"type": "Polygon", "coordinates": [[[37.54084, 55.784963], [37.541877, 55.785406], [37.542725, 55.785922], [37.545737, 55.788129], [37.55068, 55.79161], [37.551167, 55.791905], [37.565742, 55.785482], [37.566416, 55.785929], [37.568139, 55.787162], [37.570037, 55.788564], [37.573771, 55.791214], [37.574198, 55.791486], [37.574537, 55.791665], [37.583166, 55.792127], [37.583929, 55.792162], [37.585337, 55.792811], [37.586473, 55.793379], [37.587743, 55.792578], [37.588172, 55.792305], [37.588576, 55.791998], [37.588435, 55.791613], [37.588266, 55.79118], [37.588142, 55.790754], [37.588006, 55.790236], [37.587869, 55.789705], [37.587676, 55.788639], [37.587563, 55.788057], [37.587417, 55.787475], [37.586991, 55.785952], [37.586912, 55.785683], [37.586841, 55.785415], [37.586793, 55.785191], [37.586561, 55.784386], [37.586444, 55.783981], [37.586387, 55.78378], [37.58634, 55.783579], [37.586239, 55.783247], [37.586124, 55.782891], [37.586067, 55.7827], [37.585958, 55.78238], [37.585846, 55.782059], [37.585665, 55.78161], [37.585444, 55.781015], [37.585196, 55.780482], [37.585114, 55.780343], [37.58499, 55.780154], [37.584793, 55.779866], [37.584575, 55.779677], [37.584064, 55.77927], [37.58391, 55.779156], [37.583777, 55.779064], [37.583418, 55.778816], [37.583253, 55.778705], [37.583073, 55.778599], [37.582665, 55.778369], [37.582561, 55.778311], [37.582456, 55.778245], [37.582244, 55.778112], [37.582018, 55.777968], [37.581816, 55.77783], [37.581452, 55.777616], [37.581307, 55.777537], [37.581096, 55.777432], [37.57999, 55.776927], [37.5781, 55.776148], [37.57746, 55.77594], [37.576729, 55.775752], [37.575994, 55.775608], [37.575233, 55.775521], [37.573687, 55.775483], [37.573118, 55.775471], [37.57108, 55.775426], [37.566917, 55.774996], [37.559172, 55.774223], [37.555506, 55.773844], [37.551917, 55.773408], [37.55169, 55.774133], [37.551901, 55.774178], [37.552117, 55.774225], [37.55228, 55.77427], [37.5525, 55.774334], [37.552701, 55.774402], [37.552843, 55.774453], [37.552963, 55.774503], [37.553106, 55.774565], [37.55323, 55.774621], [37.553416, 55.774714], [37.55359, 55.774803], [37.553807, 55.774937], [37.55395, 55.775034], [37.554155, 55.775198], [37.554265, 55.775291], [37.554344, 55.775375], [37.554537, 55.775575], [37.554629, 55.775674], [37.554705, 55.77576], [37.55503, 55.776121], [37.553967, 55.776434], [37.553085, 55.776684], [37.552115, 55.77696], [37.551543, 55.777122], [37.551232, 55.77724], [37.551108, 55.777287], [37.55075, 55.777493], [37.550638, 55.777562], [37.550526, 55.777632], [37.54723, 55.779696], [37.545876, 55.780562], [37.545733, 55.780656], [37.545639, 55.780717], [37.545499, 55.780803], [37.545375, 55.780912], [37.545297, 55.781028], [37.545106, 55.781405], [37.544872, 55.781948], [37.544276, 55.783276], [37.544086, 55.78358], [37.543281, 55.78372], [37.541993, 55.78346], [37.541501, 55.784283], [37.54084, 55.784963]]]}}, {"type": "Feature", "properties": {"name": "Бескудниковский", "name_en": "Beskudnikovsky", "okrug": "САО", "source_name": "Бескудниковский", "okato": "45277559", "oktmo": "45335000"}, "geometry": {"type": "Polygon", "coordinates": [[[37.529658, 55.872827], [37.529823, 55.872911], [37.530641, 55.873326], [37.530779, 55.873173], [37.530857, 55.873087], [37.531177, 55.87315], [37.531116, 55.873246], [37.531235, 55.873271], [37.531455, 55.873318], [37.531899, 55.873412], [37.53095, 55.874489], [37.532604, 55.874864], [37.533259, 55.874995], [37.533257, 55.875077], [37.534163, 55.875285], [37.533901, 55.875754], [37.5338, 55.875984], [37.533751, 55.876116], [37.533953, 55.876151], [37.534847, 55.876305], [37.53494, 55.876321], [37.536368, 55.876568], [37.53815, 55.876876], [37.538542, 55.876944], [37.539019, 55.877026], [37.539275, 55.87707], [37.540051, 55.877203], [37.541374, 55.877432], [37.542179, 55.877572], [37.543522, 55.877803], [37.543592, 55.877816], [37.545038, 55.878065], [37.545464, 55.878139], [37.545911, 55.878216], [37.546248, 55.878305], [37.546681, 55.877339], [37.547029, 55.877394], [37.547265, 55.877431], [37.547996, 55.877545], [37.54852, 55.877628], [37.549485, 55.877779], [37.550701, 55.877969], [37.551434, 55.878084], [37.552234, 55.878209], [37.55329, 55.878374], [37.553185, 55.878555], [37.554406, 55.878762], [37.556361, 55.879093], [37.556478, 55.878904], [37.557035, 55.878941], [37.557592, 55.878979], [37.557593, 55.878921], [37.557599, 55.878186], [37.55761, 55.878069], [37.557626, 55.87783], [37.55763, 55.877372], [37.557633, 55.876894], [37.557633, 55.876293], [37.557696, 55.875451], [37.557822, 55.874917], [37.558186, 55.87419], [37.558459, 55.87385], [37.558571, 55.873712], [37.558647, 55.873615], [37.55953, 55.872492], [37.559747, 55.872217], [37.560279, 55.871539], [37.560945, 55.870693], [37.561043, 55.87056], [37.561235, 55.870318], [37.56165, 55.869796], [37.56171, 55.869718], [37.561877, 55.869507], [37.562651, 55.868522], [37.562922, 55.868178], [37.563112, 55.867936], [37.563274, 55.86773], [37.563747, 55.867128], [37.56394, 55.866883], [37.563986, 55.866823], [37.564084, 55.866699], [37.565284, 55.865173], [37.56544, 55.864974], [37.566077, 55.864164], [37.566361, 55.863803], [37.566594, 55.863507], [37.56423, 55.863043], [37.563964, 55.862991], [37.564651, 55.861554], [37.564336, 55.861584], [37.564074, 55.861585], [37.56321, 55.861524], [37.562369, 55.861457], [37.562584, 55.860702], [37.56267, 55.860161], [37.562683, 55.85939], [37.563491, 55.859386], [37.563834, 55.859379], [37.564453, 55.859379], [37.565034, 55.859371], [37.56495, 55.85983], [37.565792, 55.859841], [37.565812, 55.859733], [37.567084, 55.859737], [37.567091, 55.85928], [37.567875, 55.859273], [37.567802, 55.858803], [37.567682, 55.858284], [37.56751, 55.85772], [37.5673, 55.857214], [37.567149, 55.856808], [37.566755, 55.855713], [37.566541, 55.855069], [37.566465, 55.854911], [37.566694, 55.854654], [37.566818, 55.85443], [37.572707, 55.854735], [37.572643, 55.854158], [37.572678, 55.853206], [37.572759, 55.852362], [37.572906, 55.85142], [37.57309, 55.850624], [37.573309, 55.84984], [37.573671, 55.848794], [37.573772, 55.848476], [37.573583, 55.848507], [37.573205, 55.848572], [37.572306, 55.848726], [37.571337, 55.848892], [37.570403, 55.849056], [37.569777, 55.849159], [37.569228, 55.849238], [37.568779, 55.849301], [37.568322, 55.849358], [37.567507, 55.84944], [37.56692, 55.849497], [37.566716, 55.84979], [37.566539, 55.850006], [37.566353, 55.850232], [37.56574, 55.850984], [37.564005, 55.853203], [37.560772, 55.856969], [37.560255, 55.857352], [37.560016, 55.857481], [37.559429, 55.857783], [37.554783, 55.860198], [37.554397, 55.86039], [37.551666, 55.861781], [37.550127, 55.862663], [37.548984, 55.863362], [37.548523, 55.863647], [37.547836, 55.863842], [37.547481, 55.864047], [37.545952, 55.864868], [37.544762, 55.865427], [37.543687, 55.86594], [37.541303, 55.867069], [37.541137, 55.867147], [37.540541, 55.867426], [37.538366, 55.868451], [37.538111, 55.868569], [37.537318, 55.868937], [37.536603, 55.869272], [37.536452, 55.869343], [37.535956, 55.869569], [37.534919, 55.870062], [37.534546, 55.870237], [37.534339, 55.870334], [37.533687, 55.870655], [37.533243, 55.870848], [37.533025, 55.870947], [37.532789, 55.871049], [37.531828, 55.871446], [37.531628, 55.871533], [37.531436, 55.871627], [37.531242, 55.87173], [37.531088, 55.871818], [37.530931, 55.871916], [37.530794, 55.872005], [37.530643, 55.872114], [37.530279, 55.872379], [37.529831, 55.872706], [37.529658, 55.872827]]]}}, {"type": "Feature", "properties": {"name": "Войковский", "name_en": "Voykovsky", "okrug": "САО", "source_name": "Войковский", "okato": "45277565", "oktmo": "45336000"}, "geometry": {"type": "Polygon", "coordinates": [[[37.471678, 55.837786], [37.471779, 55.838554], [37.472061, 55.839389], [37.472586, 55.840354], [37.474227, 55.840696], [37.47693, 55.841078], [37.479867, 55.841335], [37.48138, 55.839327], [37.48184, 55.839336], [37.482091, 55.839337], [37.483246, 55.839343], [37.484549, 55.839355], [37.48704, 55.83937], [37.487407, 55.839368], [37.487761, 55.839367], [37.487805, 55.839367], [37.488266, 55.839366], [37.492181, 55.839349], [37.493977, 55.839341], [37.504905, 55.837174], [37.505261, 55.836931], [37.505411, 55.836837], [37.505554, 55.836721], [37.505747, 55.836565], [37.506012, 55.83634], [37.506923, 55.835582], [37.507229, 55.835215], [37.507533, 55.834785], [37.507717, 55.834463], [37.507794, 55.834324], [37.507891, 55.834123], [37.508631, 55.833256], [37.508747, 55.833142], [37.508818, 55.832927], [37.50875, 55.832742], [37.507779, 55.832094], [37.508362, 55.831801], [37.509851, 55.831006], [37.51066, 55.830557], [37.510903, 55.830402], [37.510952, 55.830325], [37.511, 55.830245], [37.51108, 55.830172], [37.511316, 55.829958], [37.511529, 55.829822], [37.512049, 55.829511], [37.512317, 55.829352], [37.513506, 55.828641], [37.513968, 55.828365], [37.514503, 55.828047], [37.51494, 55.827786], [37.514921, 55.827695], [37.51487, 55.827631], [37.514716, 55.827556], [37.514502, 55.827498], [37.514351, 55.827457], [37.514391, 55.827402], [37.514452, 55.827331], [37.515139, 55.82647], [37.515306, 55.82626], [37.515516, 55.825998], [37.515691, 55.825835], [37.515719, 55.825801], [37.518046, 55.823002], [37.518154, 55.822791], [37.51823, 55.822696], [37.519489, 55.82131], [37.519565, 55.82119], [37.519542, 55.821049], [37.517856, 55.818932], [37.517828, 55.818723], [37.51788, 55.818627], [37.521798, 55.817551], [37.52083, 55.817221], [37.519974, 55.816368], [37.519863, 55.816236], [37.519576, 55.815919], [37.519509, 55.815869], [37.519497, 55.815174], [37.516539, 55.815057], [37.513686, 55.814943], [37.511628, 55.814847], [37.50978, 55.81477], [37.508082, 55.814751], [37.502902, 55.814894], [37.500252, 55.814955], [37.498178, 55.815012], [37.495515, 55.815099], [37.493497, 55.815187], [37.488136, 55.815303], [37.487315, 55.815319], [37.486836, 55.815346], [37.486675, 55.816872], [37.486563, 55.817093], [37.486602, 55.817349], [37.486691, 55.817918], [37.486954, 55.818842], [37.487423, 55.819867], [37.48791, 55.820617], [37.488905, 55.821676], [37.489804, 55.82247], [37.490616, 55.823118], [37.491907, 55.823857], [37.493346, 55.824489], [37.491075, 55.827272], [37.49095, 55.82724], [37.490697, 55.827173], [37.490293, 55.827065], [37.489793, 55.826931], [37.488427, 55.826566], [37.487159, 55.826485], [37.486376, 55.826479], [37.485603, 55.826517], [37.484285, 55.826708], [37.483531, 55.826837], [37.482893, 55.826932], [37.481394, 55.827014], [37.480385, 55.827023], [37.478829, 55.826654], [37.478494, 55.826574], [37.478201, 55.826615], [37.477991, 55.826794], [37.476299, 55.828232], [37.476238, 55.828284], [37.475772, 55.828685], [37.474419, 55.829829], [37.474468, 55.830004], [37.478324, 55.830471], [37.479123, 55.830748], [37.478983, 55.831554], [37.47855, 55.831963], [37.477817, 55.832853], [37.476208, 55.834286], [37.474224, 55.835967], [37.472178, 55.837182], [37.471678, 55.837786]]]}}, {"type": "Feature", "properties": {"name": "Восточное Дегунино", "name_en": "Vostochnoye Degunino", "okrug": "САО", "source_name": "Восточное Дегунино", "okato": "45277568", "oktmo": "45337000"}, "geometry": {"type": "Polygon", "coordinates": [[[37.543045, 55.887235], [37.543395, 55.887238], [37.54773, 55.88734], [37.547913, 55.887327], [37.548068, 55.8873], [37.548234, 55.887284], [37.550696, 55.887303], [37.550723, 55.887637], [37.550962, 55.890619], [37.550342, 55.89063], [37.55031, 55.891719], [37.550664, 55.891839], [37.55119, 55.891839], [37.551539, 55.8928], [37.551575, 55.892897], [37.551438, 55.89319], [37.55146, 55.896913], [37.551701, 55.897379], [37.551978, 55.897775], [37.552856, 55.897461], [37.559042, 55.895234], [37.562228, 55.894041], [37.563069, 55.893698], [37.564058, 55.893273], [37.564748, 55.892842], [37.565371, 55.892386], [37.565897, 55.891934], [37.566359, 55.891417], [37.566755, 55.890837], [37.567056, 55.890163], [37.567199, 55.889279], [37.567405, 55.887302], [37.567499, 55.884548], [37.567675, 55.882644], [37.568162, 55.878282], [37.568291, 55.87759], [37.568467, 55.876988], [37.569287, 55.874989], [37.569999, 55.873306], [37.570475, 55.872177], [37.571371, 55.870182], [37.572618, 55.867106], [37.573186, 55.865787], [37.573918, 55.864012], [37.574328, 55.863002], [37.5746, 55.862117], [37.574681, 55.861137], [37.574632, 55.860457], [37.574546, 55.859893], [37.574351, 55.859218], [37.57415, 55.858602], [37.573442, 55.856873], [37.572785, 55.855241], [37.572707, 55.854735], [37.566818, 55.85443], [37.566694, 55.854654], [37.566465, 55.854911], [37.566541, 55.855069], [37.566755, 55.855713], [37.567149, 55.856808], [37.5673, 55.857214], [37.56751, 55.85772], [37.567682, 55.858284], [37.567802, 55.858803], [37.567875, 55.859273], [37.567091, 55.85928], [37.567084, 55.859737], [37.565812, 55.859733], [37.565792, 55.859841], [37.56495, 55.85983], [37.565034, 55.859371], [37.564453, 55.859379], [37.563834, 55.859379], [37.563491, 55.859386], [37.562683, 55.85939], [37.56267, 55.860161], [37.562584, 55.860702], [37.562369, 55.861457], [37.56321, 55.861524], [37.564074, 55.861585], [37.564336, 55.861584], [37.564651, 55.861554], [37.563964, 55.862991], [37.56423, 55.863043], [37.566594, 55.863507], [37.566361, 55.863803], [37.566077, 55.864164], [37.56544, 55.864974], [37.565284, 55.865173], [37.564084, 55.866699], [37.563986, 55.866823], [37.56394, 55.866883], [37.563747, 55.867128], [37.563274, 55.86773], [37.563112, 55.867936], [37.562922, 55.868178], [37.562651, 55.868522], [37.561877, 55.869507], [37.56171, 55.869718], [37.56165, 55.869796], [37.561235, 55.870318], [37.561043, 55.87056], [37.560945, 55.870693], [37.560279, 55.871539], [37.559747, 55.872217], [37.55953, 55.872492], [37.558647, 55.873615], [37.558571, 55.873712], [37.558459, 55.87385], [37.558186, 55.87419], [37.557822, 55.874917], [37.557696, 55.875451], [37.557633, 55.876293], [37.557633, 55.876894], [37.55763, 55.877372], [37.557626, 55.87783], [37.55761, 55.878069], [37.557599, 55.878186], [37.557593, 55.878921], [37.557592, 55.878979], [37.557035, 55.878941], [37.556478, 55.878904], [37.556361, 55.879093], [37.554406, 55.878762], [37.553185, 55.878555], [37.55329, 55.878374], [37.552234, 55.878209], [37.551434, 55.878084], [37.550701, 55.877969], [37.549485, 55.877779], [37.54852, 55.877628], [37.547996, 55.877545], [37.547265, 55.877431], [37.547029, 55.877394], [37.546681, 55.877339], [37.546248, 55.878305], [37.543916, 55.882197], [37.543684, 55.882781], [37.543304, 55.884154], [37.543182, 55.884903], [37.543084, 55.885905], [37.543045, 55.887235]]]}}, {"type": "Feature", "properties": {"name": "Головинский", "name_en": "Golovinsky", "okrug": "САО", "source_name": "Головинский", "okato": "45277571", "oktmo": "45338000"}, "geometry": {"type": "Polygon", "coordinates": [[[37.464463, 55.847118], [37.465693, 55.847555], [37.467329, 55.848115], [37.473857, 55.849747], [37.474218, 55.849806], [37.474497, 55.849859], [37.475235, 55.850016], [37.475446, 55.85005], [37.476438, 55.850202], [37.478001, 55.850382], [37.478077, 55.850388], [37.479188, 55.850448], [37.479433, 55.850446], [37.482304, 55.850423], [37.483612, 55.850343], [37.484869, 55.850259], [37.484999, 55.850252], [37.48602, 55.850295], [37.486729, 55.850323], [37.486845, 55.850328], [37.487021, 55.850335], [37.487096, 55.850339], [37.488869, 55.850442], [37.488934, 55.850442], [37.489557, 55.850487], [37.490975, 55.850648], [37.491065, 55.850661], [37.491185, 55.850677], [37.49125, 55.850688], [37.492659, 55.851011], [37.49385, 55.85145], [37.493917, 55.851475], [37.494756, 55.851777], [37.496539, 55.852448], [37.496849, 55.852543], [37.498238, 55.853046], [37.498556, 55.853162], [37.499497, 55.853502], [37.499759, 55.853599], [37.5, 55.853684], [37.502181, 55.854472], [37.503177, 55.854829], [37.504131, 55.855185], [37.507749, 55.856485], [37.508123, 55.85662], [37.5104, 55.857439], [37.511192, 55.857739], [37.510975, 55.857895], [37.509991, 55.858612], [37.509393, 55.859051], [37.508117, 55.859975], [37.505314, 55.862009], [37.505408, 55.862053], [37.50548, 55.862124], [37.505505, 55.862176], [37.505519, 55.862245], [37.505497, 55.862299], [37.505462, 55.862343], [37.505424, 55.86239], [37.505872, 55.862571], [37.506955, 55.863076], [37.508204, 55.863743], [37.509127, 55.864083], [37.51017, 55.864369], [37.513165, 55.86655], [37.514371, 55.867613], [37.547039, 55.85352], [37.555184, 55.848356], [37.554419, 55.848094], [37.553187, 55.847676], [37.55251, 55.847449], [37.551963, 55.847278], [37.551478, 55.847136], [37.551008, 55.847006], [37.550547, 55.846892], [37.549952, 55.846766], [37.54707, 55.846176], [37.545182, 55.845801], [37.543938, 55.845537], [37.54349, 55.845445], [37.542437, 55.8452], [37.541703, 55.845046], [37.538843, 55.844575], [37.52707, 55.842139], [37.523079, 55.841037], [37.522309, 55.841746], [37.521936, 55.841612], [37.520926, 55.841259], [37.520857, 55.841241], [37.520797, 55.841234], [37.520733, 55.841231], [37.520654, 55.841237], [37.520567, 55.841247], [37.520241, 55.841293], [37.519895, 55.841334], [37.519489, 55.841372], [37.519354, 55.841381], [37.519268, 55.841383], [37.519177, 55.841379], [37.519087, 55.841371], [37.51899, 55.841356], [37.518885, 55.841331], [37.518052, 55.841103], [37.517803, 55.840958], [37.51751, 55.840783], [37.517238, 55.84049], [37.514953, 55.838029], [37.514744, 55.837923], [37.514197, 55.837882], [37.510956, 55.837639], [37.509141, 55.837497], [37.505164, 55.837182], [37.504905, 55.837174], [37.493977, 55.839341], [37.492181, 55.839349], [37.488266, 55.839366], [37.487805, 55.839367], [37.487761, 55.839367], [37.487407, 55.839368], [37.48704, 55.83937], [37.484549, 55.839355], [37.483246, 55.839343], [37.482091, 55.839337], [37.48184, 55.839336], [37.48138, 55.839327], [37.479867, 55.841335], [37.47693, 55.841078], [37.474227, 55.840696], [37.472586, 55.840354], [37.472512, 55.840983], [37.472268, 55.841775], [37.471516, 55.842398], [37.470349, 55.842726], [37.469885, 55.843178], [37.468845, 55.843538], [37.468068, 55.844678], [37.466712, 55.845633], [37.46538, 55.846234], [37.464463, 55.847118]]]}}, {"type": "Feature", "properties": {"name": "Дмитровский", "name_en": "Dmitrovsky", "okrug": "САО", "source_name": "Дмитровский", "okato": "45277574", "oktmo": "45339000"}, "geometry": {"type": "Polygon", "coordinates": [[[37.496254, 55.89248], [37.498511, 55.893473], [37.502818, 55.895366], [37.506943, 55.897176], [37.507216, 55.897297], [37.517647, 55.901995], [37.519944, 55.902973], [37.522847, 55.904234], [37.524452, 55.904917], [37.526002, 55.905488], [37.527026, 55.905796], [37.527938, 55.906015], [37.529469, 55.906329], [37.531896, 55.906828], [37.533819, 55.907172], [37.537191, 55.907591], [37.536857, 55.907064], [37.537612, 55.905475], [37.537858, 55.905062], [37.53806, 55.904756], [37.538279, 55.904465], [37.538693, 55.903999], [37.539227, 55.9035], [37.539943, 55.902884], [37.540577, 55.902431], [37.54117, 55.902027], [37.541665, 55.901731], [37.542371, 55.901368], [37.542885, 55.901142], [37.544119, 55.900666], [37.551978, 55.897775], [37.551701, 55.897379], [37.55146, 55.896913], [37.551438, 55.89319], [37.551575, 55.892897], [37.551539, 55.8928], [37.55119, 55.891839], [37.550664, 55.891839], [37.55031, 55.891719], [37.550342, 55.89063], [37.550962, 55.890619], [37.550723, 55.887637], [37.550696, 55.887303], [37.548234, 55.887284], [37.548068, 55.8873], [37.547913, 55.887327], [37.54773, 55.88734], [37.543395, 55.887238], [37.543045, 55.887235], [37.543084, 55.885905], [37.543182, 55.884903], [37.543304, 55.884154], [37.543684, 55.882781], [37.543916, 55.882197], [37.546248, 55.878305], [37.545911, 55.878216], [37.545464, 55.878139], [37.545038, 55.878065], [37.543592, 55.877816], [37.543522, 55.877803], [37.542179, 55.877572], [37.541374, 55.877432], [37.540051, 55.877203], [37.539275, 55.87707], [37.539019, 55.877026], [37.538542, 55.876944], [37.53815, 55.876876], [37.536368, 55.876568], [37.53494, 55.876321], [37.534847, 55.876305], [37.533953, 55.876151], [37.533751, 55.876116], [37.5338, 55.875984], [37.533901, 55.875754], [37.534163, 55.875285], [37.533257, 55.875077], [37.533259, 55.874995], [37.532604, 55.874864], [37.53095, 55.874489], [37.531899, 55.873412], [37.531455, 55.873318], [37.531235, 55.873271], [37.531116, 55.873246], [37.531177, 55.87315], [37.530857, 55.873087], [37.530779, 55.873173], [37.530641, 55.873326], [37.529823, 55.872911], [37.529658, 55.872827], [37.529412, 55.873], [37.527504, 55.874249], [37.526814, 55.874698], [37.526547, 55.874871], [37.526343, 55.875022], [37.526179, 55.875152], [37.52543, 55.875895], [37.524608, 55.876697], [37.524493, 55.876805], [37.52357, 55.877707], [37.522882, 55.878362], [37.522848, 55.878396], [37.521292, 55.879905], [37.521223, 55.879972], [37.52112, 55.880072], [37.520406, 55.880765], [37.518925, 55.882202], [37.518207, 55.882898], [37.518093, 55.88301], [37.517525, 55.883566], [37.517434, 55.883656], [37.517283, 55.883803], [37.516236, 55.884831], [37.516177, 55.884889], [37.51608, 55.884984], [37.515667, 55.88539], [37.515035, 55.886009], [37.514781, 55.886258], [37.514517, 55.886517], [37.514344, 55.886687], [37.513678, 55.887341], [37.51166, 55.88932], [37.510097, 55.888551], [37.508936, 55.887961], [37.508185, 55.887527], [37.50743, 55.887049], [37.507262, 55.886935], [37.506547, 55.886453], [37.506259, 55.886259], [37.506144, 55.886183], [37.505747, 55.886453], [37.505222, 55.886812], [37.50448, 55.887318], [37.503781, 55.887797], [37.503087, 55.888288], [37.502602, 55.888632], [37.502006, 55.889004], [37.501424, 55.889367], [37.498392, 55.890845], [37.497574, 55.891292], [37.496254, 55.89248]]]}}, {"type": "Feature", "properties": {"name": "Западное Дегунино", "name_en": "Zapadnoye Degunino", "okrug": "САО", "source_name": "Западное Дегунино", "okato": "45277577", "oktmo": "45340000"}, "geometry": {"type": "Polygon", "coordinates": [[[37.473697, 55.885299], [37.475935, 55.885864], [37.479938, 55.887317], [37.480149, 55.887411], [37.48034, 55.887494], [37.480532, 55.887581], [37.480804, 55.887705], [37.481052, 55.887807], [37.481236, 55.887886], [37.481476, 55.887997], [37.481697, 55.888094], [37.481914, 55.888185], [37.48209, 55.888267], [37.482316, 55.88838], [37.48241, 55.888439], [37.482526, 55.888528], [37.48264, 55.888633], [37.482741, 55.888759], [37.482836, 55.888901], [37.482931, 55.88906], [37.483033, 55.889222], [37.483124, 55.889376], [37.483256, 55.88958], [37.483347, 55.889728], [37.483429, 55.889875], [37.483501, 55.89003], [37.483524, 55.890205], [37.483563, 55.890413], [37.483585, 55.890594], [37.483598, 55.89065], [37.483995, 55.89065], [37.48406, 55.890481], [37.484117, 55.890326], [37.484166, 55.890147], [37.484231, 55.889987], [37.48428, 55.889859], [37.484399, 55.889783], [37.484464, 55.889573], [37.484564, 55.889395], [37.484618, 55.889227], [37.484622, 55.889165], [37.484749, 55.88893], [37.484849, 55.888804], [37.485025, 55.888657], [37.485276, 55.888556], [37.485508, 55.888497], [37.485723, 55.88843], [37.485935, 55.888399], [37.492442, 55.890826], [37.49286, 55.890982], [37.492988, 55.891116], [37.493093, 55.89128], [37.493218, 55.891438], [37.493324, 55.89159], [37.49341, 55.891735], [37.493497, 55.891874], [37.493627, 55.892067], [37.493749, 55.892247], [37.493868, 55.892381], [37.493999, 55.892493], [37.494133, 55.892585], [37.494345, 55.892677], [37.494601, 55.89276], [37.494815, 55.892806], [37.49514, 55.892817], [37.495509, 55.892763], [37.495788, 55.892711], [37.496035, 55.892603], [37.496254, 55.89248], [37.497574, 55.891292], [37.498392, 55.890845], [37.501424, 55.889367], [37.502006, 55.889004], [37.502602, 55.888632], [37.503087, 55.888288], [37.503781, 55.887797], [37.50448, 55.887318], [37.505222, 55.886812], [37.505747, 55.886453], [37.506144, 55.886183], [37.506259, 55.886259], [37.506547, 55.886453], [37.507262, 55.886935], [37.50743, 55.887049], [37.508185, 55.887527], [37.508936, 55.887961], [37.510097, 55.888551], [37.51166, 55.88932], [37.513678, 55.887341], [37.514344, 55.886687], [37.514517, 55.886517], [37.514781, 55.886258], [37.515035, 55.886009], [37.515667, 55.88539], [37.51608, 55.884984], [37.516177, 55.884889], [37.516236, 55.884831], [37.517283, 55.883803], [37.517434, 55.883656], [37.517525, 55.883566], [37.518093, 55.88301], [37.518207, 55.882898], [37.518925, 55.882202], [37.520406, 55.880765], [37.52112, 55.880072], [37.521223, 55.879972], [37.521292, 55.879905], [37.522848, 55.878396], [37.522882, 55.878362], [37.52357, 55.877707], [37.524493, 55.876805], [37.524608, 55.876697], [37.52543, 55.875895], [37.526179, 55.875152], [37.526343, 55.875022], [37.526547, 55.874871], [37.526814, 55.874698], [37.527504, 55.874249], [37.529412, 55.873], [37.529658, 55.872827], [37.529831, 55.872706], [37.530279, 55.872379], [37.530643, 55.872114], [37.530794, 55.872005], [37.530931, 55.871916], [37.531088, 55.871818], [37.531242, 55.87173], [37.531436, 55.871627], [37.531628, 55.871533], [37.531828, 55.871446], [37.532789, 55.871049], [37.533025, 55.870947], [37.533243, 55.870848], [37.533687, 55.870655], [37.534339, 55.870334], [37.534546, 55.870237], [37.534919, 55.870062], [37.535956, 55.869569], [37.536452, 55.869343], [37.536603, 55.869272], [37.537318, 55.868937], [37.538111, 55.868569], [37.538366, 55.868451], [37.540541, 55.867426], [37.541137, 55.867147], [37.541303, 55.867069], [37.543687, 55.86594], [37.544762, 55.865427], [37.545952, 55.864868], [37.547481, 55.864047], [37.547836, 55.863842], [37.548523, 55.863647], [37.548984, 55.863362], [37.550127, 55.862663], [37.551666, 55.861781], [37.554397, 55.86039], [37.554783, 55.860198], [37.559429, 55.857783], [37.560016, 55.857481], [37.560255, 55.857352], [37.560772, 55.856969], [37.564005, 55.853203], [37.56574, 55.850984], [37.566353, 55.850232], [37.566539, 55.850006], [37.566716, 55.84979], [37.56692, 55.849497], [37.566257, 55.849561], [37.565898, 55.849598], [37.565488, 55.849634], [37.565069, 55.849664], [37.564675, 55.849686], [37.564319, 55.849697], [37.563999, 55.849701], [37.563671, 55.849703], [37.563137, 55.8497], [37.562758, 55.849696], [37.562377, 55.849691], [37.561996, 55.849679], [37.561605, 55.849662], [37.561302, 55.849643], [37.560999, 55.84962], [37.560589, 55.849582], [37.560176, 55.84954], [37.559803, 55.849496], [37.559436, 55.84945], [37.559127, 55.849405], [37.558804, 55.849352], [37.558507, 55.849298], [37.558218, 55.84924], [37.557938, 55.84918], [37.55764, 55.849114], [37.557284, 55.849024], [37.556922, 55.848922], [37.556615, 55.84883], [37.556293, 55.848728], [37.555986, 55.84863], [37.555677, 55.848527], [37.555506, 55.848468], [37.555184, 55.848356], [37.547039, 55.85352], [37.514371, 55.867613], [37.512573, 55.868456], [37.474534, 55.884875], [37.473697, 55.885299]]]}}, {"type": "Feature", "properties": {"name": "Коптево", "name_en": "Koptevo", "okrug": "САО", "source_name": "Коптево", "okato": "45277580", "oktmo": "45341000"}, "geometry": {"type": "Polygon", "coordinates": [[[37.504905, 55.837174], [37.505164, 55.837182], [37.509141, 55.837497], [37.510956, 55.837639], [37.514197, 55.837882], [37.514744, 55.837923], [37.514953, 55.838029], [37.517238, 55.84049], [37.51751, 55.840783], [37.517803, 55.840958], [37.518052, 55.841103], [37.518885, 55.841331], [37.51899, 55.841356], [37.519087, 55.841371], [37.519177, 55.841379], [37.519268, 55.841383], [37.519354, 55.841381], [37.519489, 55.841372], [37.519895, 55.841334], [37.520241, 55.841293], [37.520567, 55.841247], [37.520654, 55.841237], [37.520733, 55.841231], [37.520797, 55.841234], [37.520857, 55.841241], [37.520926, 55.841259], [37.521936, 55.841612], [37.522309, 55.841746], [37.523079, 55.841037], [37.52707, 55.842139], [37.538843, 55.844575], [37.541703, 55.845046], [37.542437, 55.8452], [37.54349, 55.845445], [37.543938, 55.845537], [37.545182, 55.845801], [37.54707, 55.846176], [37.549952, 55.846766], [37.550547, 55.846892], [37.551008, 55.847006], [37.551478, 55.847136], [37.551963, 55.847278], [37.55251, 55.847449], [37.553187, 55.847676], [37.554419, 55.848094], [37.555184, 55.848356], [37.560539, 55.844842], [37.558766, 55.844099], [37.54931, 55.840552], [37.542359, 55.83801], [37.54061, 55.837333], [37.537369, 55.835788], [37.534202, 55.833962], [37.533645, 55.833509], [37.531778, 55.831388], [37.532031, 55.831327], [37.532041, 55.831115], [37.532062, 55.83068], [37.532446, 55.829619], [37.532455, 55.829528], [37.532597, 55.828171], [37.532688, 55.826986], [37.532795, 55.825783], [37.532804, 55.825693], [37.532828, 55.825468], [37.532705, 55.824956], [37.532681, 55.824841], [37.532682, 55.824639], [37.532341, 55.82368], [37.532159, 55.823461], [37.532005, 55.822868], [37.531938, 55.822615], [37.531907, 55.822281], [37.531953, 55.821822], [37.532137, 55.82168], [37.53252, 55.821386], [37.53388, 55.820695], [37.535239, 55.81974], [37.535345, 55.819635], [37.535508, 55.819455], [37.53613, 55.818684], [37.536163, 55.818643], [37.537468, 55.817512], [37.537885, 55.817114], [37.538421, 55.816422], [37.538486, 55.816367], [37.538493, 55.816311], [37.53905, 55.815482], [37.539395, 55.81496], [37.539884, 55.814139], [37.541003, 55.812207], [37.541092, 55.812075], [37.540778, 55.811897], [37.539494, 55.812624], [37.537148, 55.813915], [37.536484, 55.814261], [37.535276, 55.814772], [37.533967, 55.815145], [37.532588, 55.815419], [37.531371, 55.815554], [37.530099, 55.815609], [37.528913, 55.815589], [37.527135, 55.815521], [37.519497, 55.815174], [37.519509, 55.815869], [37.519576, 55.815919], [37.519863, 55.816236], [37.519974, 55.816368], [37.52083, 55.817221], [37.521798, 55.817551], [37.51788, 55.818627], [37.517828, 55.818723], [37.517856, 55.818932], [37.519542, 55.821049], [37.519565, 55.82119], [37.519489, 55.82131], [37.51823, 55.822696], [37.518154, 55.822791], [37.518046, 55.823002], [37.515719, 55.825801], [37.515691, 55.825835], [37.515516, 55.825998], [37.515306, 55.82626], [37.515139, 55.82647], [37.514452, 55.827331], [37.514391, 55.827402], [37.514351, 55.827457], [37.514502, 55.827498], [37.514716, 55.827556], [37.51487, 55.827631], [37.514921, 55.827695], [37.51494, 55.827786], [37.514503, 55.828047], [37.513968, 55.828365], [37.513506, 55.828641], [37.512317, 55.829352], [37.512049, 55.829511], [37.511529, 55.829822], [37.511316, 55.829958], [37.51108, 55.830172], [37.511, 55.830245], [37.510952, 55.830325], [37.510903, 55.830402], [37.51066, 55.830557], [37.509851, 55.831006], [37.508362, 55.831801], [37.507779, 55.832094], [37.50875, 55.832742], [37.508818, 55.832927], [37.508747, 55.833142], [37.508631, 55.833256], [37.507891, 55.834123], [37.507794, 55.834324], [37.507717, 55.834463], [37.507533, 55.834785], [37.507229, 55.835215], [37.506923, 55.835582], [37.506012, 55.83634], [37.505747, 55.836565], [37.505554, 55.836721], [37.505411, 55.836837], [37.505261, 55.836931], [37.504905, 55.837174]]]}}, {"type": "Feature", "properties": {"name": "Левобережный", "name_en": "Levoberezhny", "okrug": "САО", "source_name": "Левобережный", "okato": "45277583", "oktmo": "45342000"}, "geometry": {"type": "Polygon", "coordinates": [[[37.436484, 55.879579], [37.437495, 55.879894], [37.438122, 55.880086], [37.440475, 55.880822], [37.4407, 55.88094], [37.440878, 55.881036], [37.441074, 55.881142], [37.441202, 55.881226], [37.441352, 55.881355], [37.441454, 55.881473], [37.441513, 55.88157], [37.441584, 55.881692], [37.441635, 55.8818], [37.441697, 55.881925], [37.441762, 55.882113], [37.441828, 55.882281], [37.441882, 55.882427], [37.441932, 55.882575], [37.441978, 55.882763], [37.441986, 55.882893], [37.441974, 55.883096], [37.441984, 55.883263], [37.441943, 55.88334], [37.441853, 55.883508], [37.441748, 55.883621], [37.441652, 55.883721], [37.441535, 55.883839], [37.442419, 55.884165], [37.442531, 55.884083], [37.442636, 55.884012], [37.442809, 55.883878], [37.442962, 55.88377], [37.442914, 55.88375], [37.443704, 55.883248], [37.443818, 55.883192], [37.443964, 55.883142], [37.444282, 55.883083], [37.444574, 55.883042], [37.444933, 55.883018], [37.445149, 55.883004], [37.445406, 55.882984], [37.445717, 55.882955], [37.446087, 55.882925], [37.446928, 55.882864], [37.447215, 55.882841], [37.447466, 55.882817], [37.447731, 55.882797], [37.447991, 55.882788], [37.448338, 55.882774], [37.448729, 55.882774], [37.450274, 55.882862], [37.454597, 55.883032], [37.455565, 55.883203], [37.45988, 55.883205], [37.462832, 55.883217], [37.464723, 55.88346], [37.462493, 55.882721], [37.462531, 55.881859], [37.463422, 55.881177], [37.464245, 55.880902], [37.464838, 55.880624], [37.465385, 55.880367], [37.46588, 55.880067], [37.465968, 55.880014], [37.466568, 55.879486], [37.467159, 55.878874], [37.469417, 55.87657], [37.46932, 55.876514], [37.469228, 55.876432], [37.469178, 55.876359], [37.469161, 55.87627], [37.469208, 55.87617], [37.469387, 55.875994], [37.46969, 55.875722], [37.469852, 55.875578], [37.473188, 55.872417], [37.473943, 55.871693], [37.474126, 55.871518], [37.47668, 55.869069], [37.477755, 55.868037], [37.479005, 55.866835], [37.479047, 55.866799], [37.479132, 55.866728], [37.478774, 55.866693], [37.478511, 55.866656], [37.478234, 55.866611], [37.477956, 55.866552], [37.477612, 55.866469], [37.477372, 55.866405], [37.477128, 55.866327], [37.476619, 55.866128], [37.476469, 55.866061], [37.476599, 55.865934], [37.47715, 55.865391], [37.477293, 55.865261], [37.477389, 55.865174], [37.478179, 55.864443], [37.478394, 55.864236], [37.479343, 55.863319], [37.479519, 55.863159], [37.479588, 55.863095], [37.479762, 55.862942], [37.479856, 55.862858], [37.481137, 55.861759], [37.481326, 55.861589], [37.481701, 55.861269], [37.482317, 55.860775], [37.485239, 55.858404], [37.485447, 55.85822], [37.485744, 55.858294], [37.486854, 55.858571], [37.487442, 55.858717], [37.487999, 55.858856], [37.488315, 55.858935], [37.488685, 55.859022], [37.488947, 55.85909], [37.489141, 55.85914], [37.489342, 55.85895], [37.48975, 55.858621], [37.491382, 55.857232], [37.491418, 55.8572], [37.492047, 55.856649], [37.493172, 55.855663], [37.493501, 55.855385], [37.49356, 55.855335], [37.494613, 55.854441], [37.495622, 55.853584], [37.496716, 55.852656], [37.496849, 55.852543], [37.496539, 55.852448], [37.494756, 55.851777], [37.493917, 55.851475], [37.49385, 55.85145], [37.492659, 55.851011], [37.49125, 55.850688], [37.491185, 55.850677], [37.491065, 55.850661], [37.490975, 55.850648], [37.489557, 55.850487], [37.488934, 55.850442], [37.488869, 55.850442], [37.487096, 55.850339], [37.487021, 55.850335], [37.486845, 55.850328], [37.486729, 55.850323], [37.48602, 55.850295], [37.484999, 55.850252], [37.484869, 55.850259], [37.483612, 55.850343], [37.482304, 55.850423], [37.479433, 55.850446], [37.479188, 55.850448], [37.478077, 55.850388], [37.478001, 55.850382], [37.476438, 55.850202], [37.475446, 55.85005], [37.475235, 55.850016], [37.474497, 55.849859], [37.474218, 55.849806], [37.473857, 55.849747], [37.467329, 55.848115], [37.465693, 55.847555], [37.464463, 55.847118], [37.463935, 55.847686], [37.463493, 55.8482], [37.463603, 55.849086], [37.462894, 55.850076], [37.461326, 55.851045], [37.461006, 55.851807], [37.460847, 55.853004], [37.460181, 55.854106], [37.459826, 55.855297], [37.459446, 55.856321], [37.458821, 55.857639], [37.458256, 55.858564], [37.457707, 55.859837], [37.456601, 55.860859], [37.456083, 55.861885], [37.455937, 55.862843], [37.455091, 55.864689], [37.454722, 55.866136], [37.454549, 55.867142], [37.454603, 55.86849], [37.453973, 55.870116], [37.452892, 55.870063], [37.45145, 55.870265], [37.448939, 55.871357], [37.447622, 55.871979], [37.44494, 55.873419], [37.44262, 55.874411], [37.440133, 55.875852], [37.438724, 55.876534], [37.437978, 55.877216], [37.43784, 55.878146], [37.437785, 55.878565], [37.436484, 55.879579]]]}}, {"type": "Feature", "properties": {"name": "Молжаниновский", "name_en": "Molzhaninovsky", "okrug": "САО", "source_name": "Молжаниновский", "okato": "45277584", "oktmo": "45343000"}, "geometry": {"type": "Polygon", "coordinates": [[[37.33132, 55.93387], [37.334963, 55.935385], [37.335537, 55.935188], [37.336301, 55.934782], [37.33678, 55.934995], [37.336492, 55.935445], [37.335815, 55.935744], [37.337379, 55.936408], [37.338209, 55.936378], [37.338276, 55.936692], [37.338666, 55.937065], [37.342817, 55.938852], [37.343268, 55.938958], [37.349548, 55.93663], [37.350881, 55.937448], [37.351452, 55.937224], [37.352138, 55.937739], [37.352824, 55.938103], [37.352732, 55.938148], [37.353401, 55.938612], [37.353492, 55.938574], [37.354099, 55.938907], [37.352254, 55.939651], [37.350395, 55.940476], [37.351009, 55.940787], [37.347801, 55.942719], [37.347453, 55.942943], [37.347907, 55.943229], [37.341698, 55.94675], [37.340528, 55.946266], [37.338574, 55.948008], [37.338156, 55.948564], [37.338519, 55.948859], [37.337946, 55.949344], [37.337461, 55.949855], [37.336405, 55.95071], [37.335026, 55.953589], [37.339468, 55.954828], [37.341799, 55.955979], [37.341017, 55.956562], [37.34157, 55.956828], [37.342258, 55.956574], [37.342991, 55.956428], [37.344571, 55.956405], [37.346584, 55.956552], [37.347272, 55.95665], [37.347928, 55.956769], [37.348856, 55.957012], [37.349583, 55.95729], [37.350195, 55.95692], [37.347327, 55.955326], [37.346872, 55.955013], [37.346544, 55.954689], [37.34637, 55.954319], [37.346332, 55.953802], [37.346434, 55.953622], [37.346953, 55.953103], [37.348819, 55.951895], [37.350388, 55.952475], [37.352133, 55.951489], [37.352222, 55.951521], [37.35297, 55.951257], [37.353493, 55.951126], [37.354858, 55.951678], [37.355926, 55.953502], [37.35797, 55.953142], [37.358177, 55.953477], [37.358219, 55.953642], [37.358157, 55.953684], [37.35822, 55.953708], [37.358113, 55.953907], [37.357867, 55.954021], [37.357926, 55.954079], [37.357803, 55.954082], [37.357862, 55.95412], [37.35778, 55.954254], [37.357813, 55.954356], [37.357707, 55.954484], [37.35796, 55.95454], [37.358402, 55.954555], [37.358297, 55.954621], [37.357949, 55.954662], [37.357923, 55.954734], [37.358258, 55.954717], [37.358655, 55.954792], [37.358694, 55.954754], [37.358611, 55.954719], [37.359208, 55.954783], [37.358275, 55.955281], [37.359447, 55.955971], [37.371972, 55.956138], [37.376204, 55.955471], [37.376154, 55.955274], [37.375886, 55.954934], [37.375174, 55.954452], [37.375045, 55.954269], [37.37509, 55.953834], [37.375346, 55.953543], [37.37648, 55.952893], [37.377869, 55.952198], [37.379236, 55.951785], [37.380759, 55.951083], [37.381484, 55.950873], [37.381983, 55.950837], [37.382511, 55.950909], [37.383122, 55.951101], [37.383525, 55.951355], [37.383626, 55.951571], [37.38286, 55.952321], [37.382779, 55.952481], [37.3828, 55.952634], [37.38308, 55.952871], [37.38364, 55.953045], [37.384291, 55.95317], [37.384873, 55.953195], [37.385172, 55.953156], [37.385828, 55.9529], [37.386028, 55.952873], [37.387223, 55.953277], [37.387526, 55.953334], [37.388613, 55.953198], [37.389026, 55.953102], [37.389426, 55.952881], [37.38944, 55.952753], [37.389239, 55.952562], [37.38928, 55.952385], [37.390009, 55.952005], [37.390309, 55.952], [37.391785, 55.95228], [37.392504, 55.952292], [37.39275, 55.952255], [37.393008, 55.952012], [37.393007, 55.951439], [37.392666, 55.951168], [37.392078, 55.950902], [37.391905, 55.950772], [37.391692, 55.950463], [37.391612, 55.949971], [37.391788, 55.949738], [37.391787, 55.949392], [37.39199, 55.949183], [37.392601, 55.94883], [37.393153, 55.948687], [37.393508, 55.948702], [37.394025, 55.948647], [37.394239, 55.948672], [37.394718, 55.948785], [37.395073, 55.948952], [37.39533, 55.948977], [37.396012, 55.949198], [37.396286, 55.94936], [37.397778, 55.94971], [37.398544, 55.949754], [37.399401, 55.950007], [37.399979, 55.95], [37.400678, 55.950109], [37.401053, 55.95031], [37.401371, 55.950343], [37.401637, 55.950302], [37.401798, 55.950322], [37.403769, 55.950825], [37.404518, 55.95082], [37.404968, 55.950931], [37.40543, 55.950963], [37.406006, 55.951161], [37.406444, 55.951435], [37.406558, 55.951448], [37.407082, 55.951313], [37.407418, 55.95136], [37.407875, 55.951677], [37.408123, 55.952363], [37.408626, 55.952638], [37.408691, 55.952737], [37.408556, 55.952916], [37.408298, 55.953001], [37.408146, 55.952992], [37.407877, 55.952864], [37.407725, 55.952874], [37.407487, 55.953007], [37.407458, 55.953216], [37.407797, 55.95339], [37.407981, 55.95371], [37.408206, 55.9539], [37.408966, 55.954006], [37.409625, 55.95417], [37.409997, 55.95417], [37.41044, 55.953998], [37.410702, 55.953714], [37.410682, 55.953423], [37.410781, 55.95323], [37.411101, 55.95315], [37.41146, 55.953187], [37.411939, 55.953339], [37.412057, 55.953501], [37.411966, 55.953797], [37.412142, 55.953882], [37.412732, 55.95388], [37.413019, 55.953612], [37.413215, 55.953585], [37.413301, 55.953626], [37.413374, 55.953752], [37.413092, 55.953963], [37.413071, 55.954163], [37.413904, 55.954532], [37.414586, 55.954562], [37.415138, 55.954437], [37.415926, 55.954392], [37.416224, 55.954317], [37.416709, 55.95395], [37.416763, 55.953741], [37.416669, 55.953473], [37.416882, 55.953333], [37.417517, 55.953338], [37.417988, 55.953244], [37.419164, 55.95328], [37.419475, 55.953221], [37.419675, 55.953124], [37.420322, 55.952464], [37.419707, 55.95178], [37.419782, 55.951593], [37.420172, 55.95153], [37.421007, 55.951582], [37.421571, 55.951513], [37.422127, 55.951349], [37.422372, 55.951326], [37.421783, 55.950236], [37.420708, 55.949716], [37.421137, 55.947482], [37.420889, 55.9472], [37.4193, 55.946697], [37.416802, 55.94674], [37.416189, 55.946542], [37.415558, 55.94576], [37.410367, 55.945258], [37.408579, 55.942771], [37.408201, 55.941473], [37.408423, 55.941133], [37.408127, 55.940942], [37.408212, 55.940694], [37.407453, 55.939854], [37.40772, 55.939293], [37.406664, 55.939028], [37.407109, 55.93671], [37.407694, 55.934987], [37.407621, 55.93481], [37.407669, 55.934691], [37.409467, 55.933023], [37.410168, 55.931913], [37.409861, 55.931407], [37.410189, 55.930693], [37.410162, 55.930443], [37.409427, 55.929638], [37.407747, 55.92903], [37.407818, 55.928808], [37.40855, 55.928525], [37.410269, 55.927206], [37.410625, 55.925248], [37.408413, 55.924135], [37.396846, 55.92617], [37.394331, 55.922658], [37.393778, 55.92156], [37.393851, 55.921135], [37.394936, 55.919329], [37.398713, 55.916618], [37.395781, 55.915498], [37.395266, 55.915231], [37.394666, 55.914698], [37.394262, 55.914488], [37.390018, 55.912844], [37.389345, 55.912591], [37.387327, 55.911829], [37.387052, 55.911731], [37.386724, 55.911657], [37.386109, 55.911611], [37.384991, 55.911508], [37.383997, 55.911428], [37.383677, 55.911401], [37.383006, 55.911359], [37.382316, 55.911348], [37.381065, 55.911398], [37.379231, 55.911491], [37.37835, 55.91149], [37.377709, 55.911423], [37.376795, 55.911244], [37.372963, 55.909638], [37.369861, 55.908196], [37.368616, 55.909913], [37.368137, 55.910226], [37.365755, 55.914104], [37.366026, 55.915381], [37.369671, 55.917513], [37.368849, 55.917956], [37.371735, 55.919643], [37.376966, 55.920705], [37.377823, 55.921114], [37.37564, 55.921708], [37.371683, 55.923391], [37.361035, 55.928055], [37.356463, 55.929954], [37.351721, 55.927702], [37.349702, 55.926776], [37.349286, 55.926394], [37.349223, 55.926038], [37.343707, 55.924183], [37.343592, 55.925422], [37.343614, 55.92611], [37.343527, 55.926641], [37.343258, 55.92709], [37.341415, 55.92891], [37.34061, 55.929956], [37.339834, 55.930731], [37.337922, 55.932023], [37.336686, 55.932665], [37.335771, 55.93296], [37.333446, 55.933588], [37.33132, 55.93387]]]}}, {"type": "Feature", "properties": {"name": "Савёловский", "name_en": "Savyolovsky", "okrug": "САО", "source_name": "Савёловский", "okato": "45277586", "oktmo": "45344000"}, "geometry": {"type": "Polygon", "coordinates": [[[37.548463, 55.806638], [37.549363, 55.807035], [37.549465, 55.807081], [37.549832, 55.806876], [37.550712, 55.806424], [37.551095, 55.80625], [37.551367, 55.806144], [37.551773, 55.806003], [37.552269, 55.805825], [37.552889, 55.805641], [37.553405, 55.805506], [37.553836, 55.805397], [37.554473, 55.805262], [37.555094, 55.805143], [37.555852, 55.805016], [37.55728, 55.804884], [37.558377, 55.804867], [37.559427, 55.804943], [37.560059, 55.805011], [37.560897, 55.805133], [37.565972, 55.80589], [37.571993, 55.806837], [37.575856, 55.807517], [37.578299, 55.807908], [37.580652, 55.808287], [37.581197, 55.807374], [37.581784, 55.806426], [37.58234, 55.805521], [37.582841, 55.803722], [37.583187, 55.802378], [37.583507, 55.801022], [37.58372, 55.799932], [37.583969, 55.798494], [37.584114, 55.797208], [37.584202, 55.796262], [37.584186, 55.795853], [37.584234, 55.795443], [37.584261, 55.795264], [37.584331, 55.795024], [37.584368, 55.794937], [37.584414, 55.794845], [37.584474, 55.79475], [37.584542, 55.794663], [37.584614, 55.794579], [37.584681, 55.79451], [37.584759, 55.79444], [37.584948, 55.794311], [37.585676, 55.793902], [37.586473, 55.793379], [37.585337, 55.792811], [37.583929, 55.792162], [37.583166, 55.792127], [37.574537, 55.791665], [37.572527, 55.791567], [37.569919, 55.791442], [37.569591, 55.791427], [37.569188, 55.791594], [37.568678, 55.791827], [37.567529, 55.792238], [37.567021, 55.792418], [37.566864, 55.792489], [37.565723, 55.792913], [37.565036, 55.793172], [37.564843, 55.79324], [37.563809, 55.793614], [37.563625, 55.793718], [37.56333, 55.793898], [37.562433, 55.794634], [37.561078, 55.79574], [37.560975, 55.795824], [37.560033, 55.796686], [37.559441, 55.797232], [37.559168, 55.797483], [37.558759, 55.797871], [37.55862, 55.798003], [37.558586, 55.798035], [37.558239, 55.798355], [37.557994, 55.798581], [37.557333, 55.799195], [37.557248, 55.799274], [37.557202, 55.799333], [37.556937, 55.799672], [37.556791, 55.799834], [37.556726, 55.799905], [37.555802, 55.800731], [37.555351, 55.801124], [37.55513, 55.801303], [37.555119, 55.801312], [37.554647, 55.801697], [37.553875, 55.802321], [37.553785, 55.802392], [37.553703, 55.802462], [37.551075, 55.804615], [37.550907, 55.804747], [37.549638, 55.805745], [37.549436, 55.805903], [37.548463, 55.806638]]]}}, {"type": "Feature", "properties": {"name": "Сокол", "name_en": "Sokol", "okrug": "САО", "source_name": "Сокол", "okato": "45277589", "oktmo": "45345000"}, "geometry": {"type": "Polygon", "coordinates": [[[37.486836, 55.815346], [37.487315, 55.815319], [37.488136, 55.815303], [37.493497, 55.815187], [37.495515, 55.815099], [37.498178, 55.815012], [37.500252, 55.814955], [37.502902, 55.814894], [37.508082, 55.814751], [37.50978, 55.81477], [37.511628, 55.814847], [37.513686, 55.814943], [37.516539, 55.815057], [37.519497, 55.815174], [37.516845, 55.811917], [37.516305, 55.81173], [37.515935, 55.811363], [37.515127, 55.810526], [37.514659, 55.810232], [37.512792, 55.808033], [37.511369, 55.806475], [37.511012, 55.806083], [37.513607, 55.805447], [37.51601, 55.804853], [37.520439, 55.803737], [37.520194, 55.803219], [37.520166, 55.803162], [37.520144, 55.803108], [37.520137, 55.803042], [37.52018, 55.802744], [37.520181, 55.802668], [37.520167, 55.802588], [37.519875, 55.801535], [37.519616, 55.800675], [37.519518, 55.80035], [37.519322, 55.799698], [37.519261, 55.79948], [37.51903, 55.798641], [37.519013, 55.798579], [37.518933, 55.798268], [37.518822, 55.79784], [37.518734, 55.797502], [37.518609, 55.797012], [37.518539, 55.796712], [37.518245, 55.795666], [37.518243, 55.795633], [37.51824, 55.795526], [37.518223, 55.795268], [37.51796, 55.794726], [37.518547, 55.794601], [37.518879, 55.794492], [37.518906, 55.794352], [37.518794, 55.794198], [37.51839, 55.793693], [37.518319, 55.793583], [37.51835, 55.793493], [37.517961, 55.793439], [37.509578, 55.791973], [37.503892, 55.791121], [37.503247, 55.793861], [37.502576, 55.794982], [37.500605, 55.797353], [37.499558, 55.798594], [37.498478, 55.799819], [37.496143, 55.802474], [37.493174, 55.805957], [37.490987, 55.808499], [37.48941, 55.810313], [37.488582, 55.811269], [37.487898, 55.812102], [37.48766, 55.812439], [37.487362, 55.812991], [37.487224, 55.813278], [37.487101, 55.813666], [37.487028, 55.813952], [37.48687, 55.815007], [37.486836, 55.815346]]]}}, {"type": "Feature", "properties": {"name": "Тимирязевский", "name_en": "Timiryazevsky", "okrug": "САО", "source_name": "Тимирязевский", "okato": "45277592", "oktmo": "45346000"}, "geometry": {"type": "Polygon", "coordinates": [[[37.531778, 55.831388], [37.533645, 55.833509], [37.534202, 55.833962], [37.537369, 55.835788], [37.54061, 55.837333], [37.542359, 55.83801], [37.54931, 55.840552], [37.558766, 55.844099], [37.560539, 55.844842], [37.555184, 55.848356], [37.555506, 55.848468], [37.555677, 55.848527], [37.555986, 55.84863], [37.556293, 55.848728], [37.556615, 55.84883], [37.556922, 55.848922], [37.557284, 55.849024], [37.55764, 55.849114], [37.557938, 55.84918], [37.558218, 55.84924], [37.558507, 55.849298], [37.558804, 55.849352], [37.559127, 55.849405], [37.559436, 55.84945], [37.559803, 55.849496], [37.560176, 55.84954], [37.560589, 55.849582], [37.560999, 55.84962], [37.561302, 55.849643], [37.561605, 55.849662], [37.561996, 55.849679], [37.562377, 55.849691], [37.562758, 55.849696], [37.563137, 55.8497], [37.563671, 55.849703], [37.563999, 55.849701], [37.564319, 55.849697], [37.564675, 55.849686], [37.565069, 55.849664], [37.565488, 55.849634], [37.565898, 55.849598], [37.566257, 55.849561], [37.56692, 55.849497], [37.567507, 55.84944], [37.568322, 55.849358], [37.568779, 55.849301], [37.569228, 55.849238], [37.569777, 55.849159], [37.570403, 55.849056], [37.571337, 55.848892], [37.572306, 55.848726], [37.573205, 55.848572], [37.573583, 55.848507], [37.573772, 55.848476], [37.573896, 55.848099], [37.574441, 55.846566], [37.574949, 55.845094], [37.575398, 55.843929], [37.575618, 55.843584], [37.576018, 55.843094], [37.577661, 55.84143], [37.57797, 55.841021], [37.578218, 55.840621], [37.578494, 55.840036], [37.578673, 55.839444], [37.578719, 55.839032], [37.578739, 55.838614], [37.578641, 55.837907], [37.578548, 55.837588], [37.578371, 55.837141], [37.578154, 55.836786], [37.577819, 55.836297], [37.577448, 55.83589], [37.576819, 55.835346], [37.576294, 55.83495], [37.576111, 55.834804], [37.575967, 55.834697], [37.575083, 55.833978], [37.574443, 55.833305], [37.574146, 55.832856], [37.573891, 55.832395], [37.573762, 55.832085], [37.57365, 55.831719], [37.573571, 55.831321], [37.573576, 55.830584], [37.573948, 55.822797], [37.574022, 55.822393], [37.574142, 55.821959], [37.574308, 55.821533], [37.574553, 55.821116], [37.57569, 55.819595], [37.577536, 55.817125], [37.577818, 55.816641], [37.578055, 55.816055], [37.57868, 55.813139], [37.578831, 55.812621], [37.579044, 55.812191], [37.579145, 55.812019], [37.579308, 55.811808], [37.579607, 55.811478], [37.580426, 55.810852], [37.581054, 55.810507], [37.583642, 55.809306], [37.584402, 55.808893], [37.58473, 55.808682], [37.584336, 55.808685], [37.583137, 55.808622], [37.580652, 55.808287], [37.578299, 55.807908], [37.575856, 55.807517], [37.571993, 55.806837], [37.565972, 55.80589], [37.560897, 55.805133], [37.560059, 55.805011], [37.559427, 55.804943], [37.558377, 55.804867], [37.55728, 55.804884], [37.555852, 55.805016], [37.555094, 55.805143], [37.554473, 55.805262], [37.553836, 55.805397], [37.553405, 55.805506], [37.552889, 55.805641], [37.552269, 55.805825], [37.551773, 55.806003], [37.551367, 55.806144], [37.551095, 55.80625], [37.550712, 55.806424], [37.549832, 55.806876], [37.549465, 55.807081], [37.544133, 55.810021], [37.541292, 55.811606], [37.540778, 55.811897], [37.541092, 55.812075], [37.541003, 55.812207], [37.539884, 55.814139], [37.539395, 55.81496], [37.53905, 55.815482], [37.538493, 55.816311], [37.538486, 55.816367], [37.538421, 55.816422], [37.537885, 55.817114], [37.537468, 55.817512], [37.536163, 55.818643], [37.53613, 55.818684], [37.535508, 55.819455], [37.535345, 55.819635], [37.535239, 55.81974], [37.53388, 55.820695], [37.53252, 55.821386], [37.532137, 55.82168], [37.531953, 55.821822], [37.531907, 55.822281], [37.531938, 55.822615], [37.532005, 55.822868], [37.532159, 55.823461], [37.532341, 55.82368], [37.532682, 55.824639], [37.532681, 55.824841], [37.532705, 55.824956], [37.532828, 55.825468], [37.532804, 55.825693], [37.532795, 55.825783], [37.532688, 55.826986], [37.532597, 55.828171], [37.532455, 55.829528], [37.532446, 55.829619], [37.532062, 55.83068], [37.532041, 55.831115], [37.532031, 55.831327], [37.531778, 55.831388]]]}}, {"type": "Feature", "properties": {"name": "Ховрино", "name_en": "Khovrino", "okrug": "САО", "source_name": "Ховрино", "okato": "45277595", "oktmo": "45347000"}, "geometry": {"type": "Polygon", "coordinates": [[[37.462493, 55.882721], [37.464723, 55.88346], [37.467317, 55.883793], [37.471306, 55.884699], [37.473697, 55.885299], [37.474534, 55.884875], [37.512573, 55.868456], [37.514371, 55.867613], [37.513165, 55.86655], [37.51017, 55.864369], [37.509127, 55.864083], [37.508204, 55.863743], [37.506955, 55.863076], [37.505872, 55.862571], [37.505424, 55.86239], [37.505462, 55.862343], [37.505497, 55.862299], [37.505519, 55.862245], [37.505505, 55.862176], [37.50548, 55.862124], [37.505408, 55.862053], [37.505314, 55.862009], [37.508117, 55.859975], [37.509393, 55.859051], [37.509991, 55.858612], [37.510975, 55.857895], [37.511192, 55.857739], [37.5104, 55.857439], [37.508123, 55.85662], [37.507749, 55.856485], [37.504131, 55.855185], [37.503177, 55.854829], [37.502181, 55.854472], [37.5, 55.853684], [37.499759, 55.853599], [37.499497, 55.853502], [37.498556, 55.853162], [37.498238, 55.853046], [37.496849, 55.852543], [37.496716, 55.852656], [37.495622, 55.853584], [37.494613, 55.854441], [37.49356, 55.855335], [37.493501, 55.855385], [37.493172, 55.855663], [37.492047, 55.856649], [37.491418, 55.8572], [37.491382, 55.857232], [37.48975, 55.858621], [37.489342, 55.85895], [37.489141, 55.85914], [37.488947, 55.85909], [37.488685, 55.859022], [37.488315, 55.858935], [37.487999, 55.858856], [37.487442, 55.858717], [37.486854, 55.858571], [37.485744, 55.858294], [37.485447, 55.85822], [37.485239, 55.858404], [37.482317, 55.860775], [37.481701, 55.861269], [37.481326, 55.861589], [37.481137, 55.861759], [37.479856, 55.862858], [37.479762, 55.862942], [37.479588, 55.863095], [37.479519, 55.863159], [37.479343, 55.863319], [37.478394, 55.864236], [37.478179, 55.864443], [37.477389, 55.865174], [37.477293, 55.865261], [37.47715, 55.865391], [37.476599, 55.865934], [37.476469, 55.866061], [37.476619, 55.866128], [37.477128, 55.866327], [37.477372, 55.866405], [37.477612, 55.866469], [37.477956, 55.866552], [37.478234, 55.866611], [37.478511, 55.866656], [37.478774, 55.866693], [37.479132, 55.866728], [37.479047, 55.866799], [37.479005, 55.866835], [37.477755, 55.868037], [37.47668, 55.869069], [37.474126, 55.871518], [37.473943, 55.871693], [37.473188, 55.872417], [37.469852, 55.875578], [37.46969, 55.875722], [37.469387, 55.875994], [37.469208, 55.87617], [37.469161, 55.87627], [37.469178, 55.876359], [37.469228, 55.876432], [37.46932, 55.876514], [37.469417, 55.87657], [37.467159, 55.878874], [37.466568, 55.879486], [37.465968, 55.880014], [37.46588, 55.880067], [37.465385, 55.880367], [37.464838, 55.880624], [37.464245, 55.880902], [37.463422, 55.881177], [37.462531, 55.881859], [37.462493, 55.882721]]]}}, {"type": "Feature", "properties": {"name": "Хорошёвский", "name_en": "Khoroshyovsky", "okrug": "САО", "source_name": "Хорошёвский", "okato": "45277598", "oktmo": "45348000"}, "geometry": {"type": "Polygon", "coordinates": [[[37.503892, 55.791121], [37.509578, 55.791973], [37.517961, 55.793439], [37.51835, 55.793493], [37.518319, 55.793583], [37.51839, 55.793693], [37.518794, 55.794198], [37.518906, 55.794352], [37.518879, 55.794492], [37.518547, 55.794601], [37.51796, 55.794726], [37.518223, 55.795268], [37.51824, 55.795526], [37.518243, 55.795633], [37.518245, 55.795666], [37.518539, 55.796712], [37.518609, 55.797012], [37.518734, 55.797502], [37.518822, 55.79784], [37.518933, 55.798268], [37.519013, 55.798579], [37.51903, 55.798641], [37.519261, 55.79948], [37.519322, 55.799698], [37.519518, 55.80035], [37.519616, 55.800675], [37.519875, 55.801535], [37.520167, 55.802588], [37.520181, 55.802668], [37.52018, 55.802744], [37.520137, 55.803042], [37.520144, 55.803108], [37.520166, 55.803162], [37.520194, 55.803219], [37.520439, 55.803737], [37.522006, 55.803311], [37.531186, 55.800711], [37.551167, 55.791905], [37.55068, 55.79161], [37.545737, 55.788129], [37.542725, 55.785922], [37.541877, 55.785406], [37.54084, 55.784963], [37.541501, 55.784283], [37.541993, 55.78346], [37.543281, 55.78372], [37.544086, 55.78358], [37.544276, 55.783276], [37.544872, 55.781948], [37.545106, 55.781405], [37.545297, 55.781028], [37.545375, 55.780912], [37.545499, 55.780803], [37.545639, 55.780717], [37.545733, 55.780656], [37.545876, 55.780562], [37.54723, 55.779696], [37.550526, 55.777632], [37.550638, 55.777562], [37.55075, 55.777493], [37.551108, 55.777287], [37.551232, 55.77724], [37.551543, 55.777122], [37.552115, 55.77696], [37.553085, 55.776684], [37.553967, 55.776434], [37.55503, 55.776121], [37.554705, 55.77576], [37.554629, 55.775674], [37.554537, 55.775575], [37.554344, 55.775375], [37.554265, 55.775291], [37.554155, 55.775198], [37.55395, 55.775034], [37.553807, 55.774937], [37.55359, 55.774803], [37.553416, 55.774714], [37.55323, 55.774621], [37.553106, 55.774565], [37.552963, 55.774503], [37.552843, 55.774453], [37.552701, 55.774402], [37.5525, 55.774334], [37.55228, 55.77427], [37.552117, 55.774225], [37.551901, 55.774178], [37.55169, 55.774133], [37.551917, 55.773408], [37.548082, 55.773106], [37.546342, 55.773153], [37.544434, 55.772989], [37.543398, 55.772792], [37.541863, 55.772406], [37.54057, 55.771953], [37.538963, 55.771129], [37.537923, 55.770367], [37.53728, 55.769705], [37.536633, 55.769065], [37.536243, 55.76738], [37.536061, 55.766104], [37.534727, 55.766198], [37.534662, 55.766001], [37.534622, 55.765901], [37.534293, 55.765392], [37.534149, 55.765104], [37.533865, 55.764885], [37.533575, 55.764711], [37.533113, 55.764356], [37.532281, 55.763481], [37.532119, 55.763371], [37.531822, 55.763223], [37.528847, 55.761975], [37.52834, 55.761758], [37.526884, 55.761135], [37.526779, 55.761085], [37.526424, 55.760924], [37.525612, 55.760487], [37.525067, 55.760108], [37.524388, 55.759878], [37.524285, 55.759846], [37.522562, 55.761688], [37.521943, 55.761509], [37.521475, 55.76202], [37.521233, 55.762271], [37.520829, 55.762714], [37.520517, 55.763041], [37.520136, 55.76344], [37.51985, 55.763736], [37.519573, 55.764023], [37.518737, 55.764904], [37.517917, 55.765771], [37.517102, 55.766624], [37.516326, 55.767428], [37.515963, 55.767811], [37.515561, 55.768233], [37.515242, 55.768569], [37.515074, 55.768744], [37.514927, 55.768899], [37.514793, 55.769041], [37.514665, 55.769178], [37.514308, 55.769558], [37.514006, 55.769874], [37.513847, 55.77004], [37.513676, 55.770216], [37.51334, 55.770561], [37.513173, 55.770739], [37.512803, 55.771124], [37.512525, 55.771417], [37.512123, 55.771839], [37.511888, 55.772086], [37.511706, 55.77228], [37.511275, 55.77276], [37.510993, 55.773066], [37.510552, 55.773521], [37.51025, 55.773828], [37.51004, 55.774043], [37.509691, 55.774396], [37.509433, 55.774662], [37.5092, 55.774879], [37.508645, 55.775446], [37.508075, 55.776056], [37.507741, 55.776431], [37.507444, 55.776821], [37.507052, 55.777433], [37.506981, 55.777571], [37.506853, 55.777863], [37.506649, 55.778409], [37.506286, 55.780322], [37.505761, 55.78267], [37.505234, 55.784854], [37.50489, 55.786634], [37.504392, 55.788578], [37.504044, 55.790445], [37.503892, 55.791121]]]}}, {"type": "Feature", "properties": {"name": "Алексеевский", "name_en": "Alekseevsky", "okrug": "СВАО", "source_name": "Алексеевский", "okato": "45280552", "oktmo": "45349000"}, "geometry": {"type": "Polygon", "coordinates": [[[37.634986, 55.79714], [37.635523, 55.799649], [37.635924, 55.801337], [37.636544, 55.804714], [37.63679, 55.805991], [37.637264, 55.808499], [37.637308, 55.808885], [37.637386, 55.810056], [37.637453, 55.810708], [37.637559, 55.811381], [37.637945, 55.812999], [37.638208, 55.814178], [37.638445, 55.815388], [37.638639, 55.816445], [37.63886, 55.817536], [37.639073, 55.818069], [37.639295, 55.818588], [37.639559, 55.818995], [37.640003, 55.819556], [37.64049, 55.820088], [37.643946, 55.823397], [37.645064, 55.824425], [37.647117, 55.826375], [37.64778, 55.827053], [37.649607, 55.828873], [37.649721, 55.828977], [37.652211, 55.831255], [37.653637, 55.832597], [37.654296, 55.833281], [37.654518, 55.833065], [37.65483, 55.832831], [37.655055, 55.832615], [37.65515, 55.832387], [37.655154, 55.832127], [37.655024, 55.831838], [37.654868, 55.831667], [37.654504, 55.831386], [37.654196, 55.831122], [37.653811, 55.830776], [37.653499, 55.83039], [37.653487, 55.830118], [37.653515, 55.829758], [37.653739, 55.829178], [37.654399, 55.828643], [37.655427, 55.828285], [37.65675, 55.828102], [37.658206, 55.827789], [37.660798, 55.827527], [37.66211, 55.827307], [37.664765, 55.826694], [37.66625, 55.826298], [37.667002, 55.825993], [37.667317, 55.825659], [37.667206, 55.825364], [37.667318, 55.825102], [37.667548, 55.824956], [37.667952, 55.82492], [37.668442, 55.824958], [37.668865, 55.824862], [37.66911, 55.82474], [37.669644, 55.824579], [37.669979, 55.824506], [37.670217, 55.824462], [37.670463, 55.824424], [37.670323, 55.824082], [37.669852, 55.822789], [37.669246, 55.821541], [37.668576, 55.820448], [37.668081, 55.819877], [37.66607, 55.81747], [37.663108, 55.814046], [37.662803, 55.813699], [37.660044, 55.810549], [37.658119, 55.80836], [37.657818, 55.808022], [37.65453, 55.804101], [37.651398, 55.80011], [37.651155, 55.799058], [37.65101, 55.798707], [37.650984, 55.797832], [37.651143, 55.7969], [37.651334, 55.796418], [37.651304, 55.795943], [37.650465, 55.794212], [37.650423, 55.793859], [37.650366, 55.793392], [37.650309, 55.792919], [37.650452, 55.79164], [37.650817, 55.790756], [37.651522, 55.789369], [37.650147, 55.789724], [37.648756, 55.790107], [37.648228, 55.790238], [37.647731, 55.790381], [37.646997, 55.790605], [37.646295, 55.790888], [37.645527, 55.791269], [37.64296, 55.792981], [37.640459, 55.794599], [37.638266, 55.795663], [37.636499, 55.796389], [37.635345, 55.796962], [37.634986, 55.79714]]]}}, {"type": "Feature", "properties": {"name": "Алтуфьевский", "name_en": "Altufyevsky", "okrug": "СВАО", "source_name": "Алтуфьевский", "okato": "45280554", "oktmo": "45350000"}, "geometry": {"type": "Polygon", "coordinates": [[[37.567405, 55.887302], [37.572455, 55.887242], [37.576347, 55.887163], [37.57976, 55.88725], [37.58554, 55.886963], [37.586669, 55.886951], [37.586677, 55.887208], [37.590512, 55.887124], [37.590565, 55.887124], [37.590765, 55.887125], [37.591594, 55.887134], [37.592079, 55.887124], [37.59318, 55.887089], [37.593878, 55.887026], [37.594246, 55.886995], [37.59443, 55.886967], [37.594664, 55.886924], [37.594814, 55.886904], [37.595707, 55.886708], [37.596622, 55.886447], [37.596928, 55.886354], [37.59722, 55.886236], [37.597308, 55.886201], [37.597619, 55.886067], [37.597918, 55.885927], [37.59804, 55.885881], [37.598634, 55.885533], [37.599301, 55.885157], [37.599528, 55.885009], [37.59962, 55.884975], [37.600006, 55.884682], [37.600271, 55.884511], [37.600346, 55.884501], [37.600892, 55.884062], [37.602552, 55.883029], [37.602687, 55.882934], [37.60294, 55.882528], [37.603684, 55.881935], [37.605129, 55.880801], [37.605487, 55.880533], [37.606171, 55.880188], [37.606513, 55.879925], [37.606765, 55.87968], [37.607163, 55.87932], [37.607541, 55.879108], [37.597766, 55.877203], [37.594109, 55.87649], [37.591619, 55.87594], [37.58753, 55.875078], [37.586446, 55.874849], [37.586278, 55.874814], [37.586028, 55.87241], [37.585299, 55.870008], [37.583437, 55.870086], [37.576617, 55.869761], [37.574005, 55.86963], [37.572314, 55.869537], [37.572184, 55.869533], [37.57213, 55.869682], [37.571919, 55.870225], [37.571371, 55.870182], [37.570475, 55.872177], [37.569999, 55.873306], [37.569287, 55.874989], [37.568467, 55.876988], [37.568291, 55.87759], [37.568162, 55.878282], [37.567675, 55.882644], [37.567499, 55.884548], [37.567405, 55.887302]]]}}, {"type": "Feature", "properties": {"name": "Бабушкинский", "name_en": "Babushkinsky", "okrug": "СВАО", "source_name": "Бабушкинский", "okato": "45280556", "oktmo": "45351000"}, "geometry": {"type": "Polygon", "coordinates": [[[37.641721, 55.865312], [37.641732, 55.865323], [37.642149, 55.865354], [37.645163, 55.86548], [37.646792, 55.865975], [37.64762, 55.866536], [37.647904, 55.866624], [37.648186, 55.866566], [37.648613, 55.86661], [37.648831, 55.866671], [37.648961, 55.866749], [37.648998, 55.866841], [37.648519, 55.867001], [37.648286, 55.8673], [37.64844, 55.86743], [37.648474, 55.867772], [37.648971, 55.868201], [37.649279, 55.868391], [37.649855, 55.868682], [37.650534, 55.86914], [37.650814, 55.869658], [37.650947, 55.86979], [37.651206, 55.870054], [37.651603, 55.870321], [37.652107, 55.870491], [37.653277, 55.870725], [37.653796, 55.870787], [37.654155, 55.870852], [37.655347, 55.871329], [37.655602, 55.871448], [37.655817, 55.871528], [37.656011, 55.871554], [37.656148, 55.871598], [37.656177, 55.871667], [37.656161, 55.871821], [37.656201, 55.871879], [37.656289, 55.871921], [37.656962, 55.872113], [37.65718, 55.872119], [37.657362, 55.872166], [37.658091, 55.87268], [37.658418, 55.873004], [37.658662, 55.873327], [37.658678, 55.873592], [37.658414, 55.874302], [37.657796, 55.874573], [37.657426, 55.875019], [37.657372, 55.875347], [37.657342, 55.875795], [37.65733, 55.87661], [37.657304, 55.876787], [37.657343, 55.877185], [37.657277, 55.877362], [37.657236, 55.877575], [37.65725, 55.87776], [37.657277, 55.877921], [37.657205, 55.878486], [37.657217, 55.878648], [37.65726, 55.878793], [37.657297, 55.87912], [37.657323, 55.879472], [37.657367, 55.87959], [37.657479, 55.879819], [37.657678, 55.880041], [37.657858, 55.880209], [37.658467, 55.880599], [37.658809, 55.880801], [37.6593, 55.88102], [37.659646, 55.881132], [37.660025, 55.881212], [37.660398, 55.881296], [37.6607, 55.881401], [37.661776, 55.881718], [37.662356, 55.881897], [37.662685, 55.881968], [37.663401, 55.882036], [37.663686, 55.882009], [37.66392, 55.882025], [37.66416, 55.882101], [37.664789, 55.88232], [37.665067, 55.882364], [37.665354, 55.882358], [37.666158, 55.882112], [37.66646, 55.882042], [37.666611, 55.882021], [37.666753, 55.882029], [37.667535, 55.881998], [37.668493, 55.881911], [37.669233, 55.881914], [37.670138, 55.881992], [37.670364, 55.882011], [37.671413, 55.882047], [37.67194, 55.882136], [37.673636, 55.882809], [37.673728, 55.882873], [37.673735, 55.882954], [37.673074, 55.883161], [37.672972, 55.883285], [37.672927, 55.88344], [37.673028, 55.883561], [37.673233, 55.88364], [37.673961, 55.8838], [37.67463, 55.883745], [37.675111, 55.883691], [37.675125, 55.883679], [37.675121, 55.883509], [37.675128, 55.883438], [37.675161, 55.883345], [37.675224, 55.883243], [37.675341, 55.883116], [37.67561, 55.882916], [37.675801, 55.882764], [37.675894, 55.882698], [37.676866, 55.882109], [37.677871, 55.881519], [37.678162, 55.881341], [37.678272, 55.881236], [37.678399, 55.881091], [37.67857, 55.880809], [37.679255, 55.879528], [37.679594, 55.878906], [37.680338, 55.877538], [37.680411, 55.877408], [37.680631, 55.876952], [37.680662, 55.876881], [37.680605, 55.876806], [37.679618, 55.875518], [37.679239, 55.875018], [37.67903, 55.874747], [37.678506, 55.874068], [37.678046, 55.873471], [37.677983, 55.873389], [37.677916, 55.873301], [37.677199, 55.872343], [37.677166, 55.872299], [37.677003, 55.872088], [37.676583, 55.871523], [37.676316, 55.871166], [37.676046, 55.870763], [37.675988, 55.870629], [37.675893, 55.870412], [37.675813, 55.870194], [37.675701, 55.86974], [37.675688, 55.869681], [37.675586, 55.869205], [37.675442, 55.868527], [37.675353, 55.868111], [37.675325, 55.867973], [37.676471, 55.867699], [37.676823, 55.867615], [37.677102, 55.867494], [37.677233, 55.867429], [37.677732, 55.867186], [37.678541, 55.866791], [37.679434, 55.866356], [37.679533, 55.866308], [37.679643, 55.866255], [37.680427, 55.865875], [37.680845, 55.865668], [37.68132, 55.865433], [37.681441, 55.865373], [37.68157, 55.865313], [37.682049, 55.865093], [37.683407, 55.864439], [37.683541, 55.864374], [37.6829, 55.86394], [37.682317, 55.863563], [37.682215, 55.863495], [37.68157, 55.863064], [37.681106, 55.861908], [37.681153, 55.861884], [37.681239, 55.861848], [37.681345, 55.861806], [37.68152, 55.861722], [37.681828, 55.861563], [37.679398, 55.859993], [37.678162, 55.859092], [37.676994, 55.858266], [37.676043, 55.857588], [37.675195, 55.856951], [37.674596, 55.856439], [37.674187, 55.856032], [37.673851, 55.855676], [37.673454, 55.855176], [37.673108, 55.85465], [37.672866, 55.854202], [37.672687, 55.853882], [37.672524, 55.853511], [37.67242, 55.85315], [37.672268, 55.852465], [37.672085, 55.85146], [37.671943, 55.850425], [37.671447, 55.850446], [37.671211, 55.850448], [37.670885, 55.850894], [37.670585, 55.851132], [37.67038, 55.851269], [37.669295, 55.85195], [37.666374, 55.853846], [37.66428, 55.855164], [37.662839, 55.85613], [37.662002, 55.856847], [37.661891, 55.856953], [37.661814, 55.856927], [37.661719, 55.85689], [37.661673, 55.856879], [37.661607, 55.856865], [37.661456, 55.856838], [37.661187, 55.856833], [37.661031, 55.856848], [37.659467, 55.856997], [37.657059, 55.857228], [37.655752, 55.857353], [37.654879, 55.85744], [37.654673, 55.857456], [37.654476, 55.857473], [37.65398, 55.857514], [37.653745, 55.857537], [37.653446, 55.857558], [37.652942, 55.857599], [37.647266, 55.860745], [37.646852, 55.860975], [37.646698, 55.861086], [37.646043, 55.861557], [37.645335, 55.862585], [37.645303, 55.862632], [37.644975, 55.863122], [37.644812, 55.863344], [37.643481, 55.863805], [37.642593, 55.864112], [37.64237, 55.864243], [37.642129, 55.864395], [37.641906, 55.864727], [37.641777, 55.865131], [37.641721, 55.865312]]]}}, {"type": "Feature", "properties": {"name": "Бибирево", "name_en": "Bibirevo", "okrug": "СВАО", "source_name": "Бибирево", "okato": "45280558", "oktmo": "45352000"}, "geometry": {"type": "Polygon", "coordinates": [[[37.586677, 55.887208], [37.586799, 55.89123], [37.58688, 55.893876], [37.586962, 55.896761], [37.587043, 55.899692], [37.587144, 55.903334], [37.587246, 55.90702], [37.587266, 55.907606], [37.587591, 55.908625], [37.588738, 55.91024], [37.590506, 55.912613], [37.590977, 55.913624], [37.591202, 55.913594], [37.591059, 55.913293], [37.590755, 55.912455], [37.590511, 55.91209], [37.590379, 55.91184], [37.590394, 55.911532], [37.590503, 55.911292], [37.591077, 55.910742], [37.592659, 55.909343], [37.593153, 55.908948], [37.594984, 55.908455], [37.597662, 55.907689], [37.599129, 55.907277], [37.609253, 55.904561], [37.615607, 55.902927], [37.617512, 55.90242], [37.619522, 55.90192], [37.621349, 55.901515], [37.625554, 55.900686], [37.627517, 55.900313], [37.62927, 55.899929], [37.629464, 55.899934], [37.630694, 55.899702], [37.633723, 55.899198], [37.637352, 55.898608], [37.638925, 55.898425], [37.644372, 55.897685], [37.635612, 55.893683], [37.630616, 55.891685], [37.630382, 55.891592], [37.62803, 55.890652], [37.627289, 55.890356], [37.625388, 55.889596], [37.625084, 55.889454], [37.624864, 55.889359], [37.624687, 55.889259], [37.62429, 55.889089], [37.623884, 55.888993], [37.623432, 55.889019], [37.623179, 55.888976], [37.622923, 55.888849], [37.622799, 55.888658], [37.622761, 55.888484], [37.622868, 55.888262], [37.622996, 55.888052], [37.623185, 55.887929], [37.623212, 55.887831], [37.623175, 55.887779], [37.622955, 55.88763], [37.622564, 55.887475], [37.622374, 55.887419], [37.622184, 55.887407], [37.622062, 55.887371], [37.621911, 55.887233], [37.621898, 55.887174], [37.621925, 55.887127], [37.621935, 55.887079], [37.621861, 55.887012], [37.621669, 55.886931], [37.621391, 55.886878], [37.621126, 55.886749], [37.621066, 55.886562], [37.620894, 55.886399], [37.620672, 55.886371], [37.620567, 55.886236], [37.620449, 55.886207], [37.620286, 55.886225], [37.620179, 55.886202], [37.620105, 55.886134], [37.620165, 55.886026], [37.620345, 55.885956], [37.620422, 55.885915], [37.620422, 55.885858], [37.620382, 55.885797], [37.620284, 55.885721], [37.620007, 55.885644], [37.619648, 55.885611], [37.619332, 55.885671], [37.61907, 55.885695], [37.618922, 55.885722], [37.618737, 55.885711], [37.618711, 55.885678], [37.618636, 55.885475], [37.618681, 55.885267], [37.618309, 55.884859], [37.617934, 55.88474], [37.617619, 55.884578], [37.617209, 55.884307], [37.61719, 55.884116], [37.616937, 55.88402], [37.616753, 55.883902], [37.616546, 55.883854], [37.616279, 55.883908], [37.616068, 55.883877], [37.615909, 55.883761], [37.615935, 55.88363], [37.615842, 55.883482], [37.615555, 55.883398], [37.615377, 55.883298], [37.615264, 55.883135], [37.614835, 55.883131], [37.61454, 55.883161], [37.614323, 55.883128], [37.614222, 55.883035], [37.614247, 55.88295], [37.614362, 55.882844], [37.614398, 55.882697], [37.614551, 55.882505], [37.614605, 55.882272], [37.614803, 55.882059], [37.614876, 55.881894], [37.614808, 55.8818], [37.614855, 55.881702], [37.615062, 55.881565], [37.615239, 55.88119], [37.615664, 55.881054], [37.616044, 55.880982], [37.616555, 55.880863], [37.616909, 55.880606], [37.616901, 55.880334], [37.611341, 55.879993], [37.608576, 55.879574], [37.607541, 55.879108], [37.607163, 55.87932], [37.606765, 55.87968], [37.606513, 55.879925], [37.606171, 55.880188], [37.605487, 55.880533], [37.605129, 55.880801], [37.603684, 55.881935], [37.60294, 55.882528], [37.602687, 55.882934], [37.602552, 55.883029], [37.600892, 55.884062], [37.600346, 55.884501], [37.600271, 55.884511], [37.600006, 55.884682], [37.59962, 55.884975], [37.599528, 55.885009], [37.599301, 55.885157], [37.598634, 55.885533], [37.59804, 55.885881], [37.597918, 55.885927], [37.597619, 55.886067], [37.597308, 55.886201], [37.59722, 55.886236], [37.596928, 55.886354], [37.596622, 55.886447], [37.595707, 55.886708], [37.594814, 55.886904], [37.594664, 55.886924], [37.59443, 55.886967], [37.594246, 55.886995], [37.593878, 55.887026], [37.59318, 55.887089], [37.592079, 55.887124], [37.591594, 55.887134], [37.590765, 55.887125], [37.590565, 55.887124], [37.590512, 55.887124], [37.586677, 55.887208]]]}}, {"type": "Feature", "properties": {"name": "Бутырский", "name_en": "Butyrsky", "okrug": "СВАО", "source_name": "Бутырский", "okato": "45280561", "oktmo": "45353000"}, "geometry": {"type": "Polygon", "coordinates": [[[37.573571, 55.831321], [37.57365, 55.831719], [37.573762, 55.832085], [37.573891, 55.832395], [37.574146, 55.832856], [37.574443, 55.833305], [37.575083, 55.833978], [37.575967, 55.834697], [37.576111, 55.834804], [37.577137, 55.834124], [37.579366, 55.832556], [37.580587, 55.831726], [37.582091, 55.830895], [37.584533, 55.829698], [37.585891, 55.828887], [37.589091, 55.826587], [37.601176, 55.818807], [37.603689, 55.817177], [37.604713, 55.816516], [37.61031, 55.812913], [37.610878, 55.812497], [37.613374, 55.810837], [37.609302, 55.80905], [37.60149, 55.80683], [37.599736, 55.806596], [37.596916, 55.80557], [37.596123, 55.805281], [37.595349, 55.805266], [37.595354, 55.805244], [37.595566, 55.804355], [37.595572, 55.804317], [37.595776, 55.80308], [37.596039, 55.802557], [37.596327, 55.801096], [37.59637, 55.799894], [37.596296, 55.799611], [37.596238, 55.798928], [37.59625, 55.798761], [37.59633, 55.798684], [37.59635, 55.798665], [37.596351, 55.798637], [37.596225, 55.798546], [37.595197, 55.798086], [37.594453, 55.797675], [37.593711, 55.797238], [37.592812, 55.796647], [37.592068, 55.796095], [37.59078, 55.794867], [37.589771, 55.793814], [37.58919, 55.793149], [37.588855, 55.792422], [37.588224, 55.79251], [37.588166, 55.792522], [37.58813, 55.792532], [37.588095, 55.792544], [37.588065, 55.792558], [37.587743, 55.792578], [37.586473, 55.793379], [37.585676, 55.793902], [37.584948, 55.794311], [37.584759, 55.79444], [37.584681, 55.79451], [37.584614, 55.794579], [37.584542, 55.794663], [37.584474, 55.79475], [37.584414, 55.794845], [37.584368, 55.794937], [37.584331, 55.795024], [37.584261, 55.795264], [37.584234, 55.795443], [37.584186, 55.795853], [37.584202, 55.796262], [37.584114, 55.797208], [37.583969, 55.798494], [37.58372, 55.799932], [37.583507, 55.801022], [37.583187, 55.802378], [37.582841, 55.803722], [37.58234, 55.805521], [37.581784, 55.806426], [37.581197, 55.807374], [37.580652, 55.808287], [37.583137, 55.808622], [37.584336, 55.808685], [37.58473, 55.808682], [37.584402, 55.808893], [37.583642, 55.809306], [37.581054, 55.810507], [37.580426, 55.810852], [37.579607, 55.811478], [37.579308, 55.811808], [37.579145, 55.812019], [37.579044, 55.812191], [37.578831, 55.812621], [37.57868, 55.813139], [37.578055, 55.816055], [37.577818, 55.816641], [37.577536, 55.817125], [37.57569, 55.819595], [37.574553, 55.821116], [37.574308, 55.821533], [37.574142, 55.821959], [37.574022, 55.822393], [37.573948, 55.822797], [37.573576, 55.830584], [37.573571, 55.831321]]]}}, {"type": "Feature", "properties": {"name": "Лианозово", "name_en": "Lianozovo", "okrug": "СВАО", "source_name": "Лианозово", "okato": "45280563", "oktmo": "45354000"}, "geometry": {"type": "Polygon", "coordinates": [[[37.536857, 55.907064], [37.555651, 55.909119], [37.555951, 55.909556], [37.570537, 55.911017], [37.574149, 55.911273], [37.578601, 55.911434], [37.580351, 55.911292], [37.581027, 55.911187], [37.583892, 55.910958], [37.587351, 55.910369], [37.588279, 55.911597], [37.588713, 55.911931], [37.589514, 55.912148], [37.589876, 55.91239], [37.590251, 55.912962], [37.590735, 55.913656], [37.590977, 55.913624], [37.590506, 55.912613], [37.588738, 55.91024], [37.587591, 55.908625], [37.587266, 55.907606], [37.587246, 55.90702], [37.587144, 55.903334], [37.587043, 55.899692], [37.586962, 55.896761], [37.58688, 55.893876], [37.586799, 55.89123], [37.586677, 55.887208], [37.586669, 55.886951], [37.58554, 55.886963], [37.57976, 55.88725], [37.576347, 55.887163], [37.572455, 55.887242], [37.567405, 55.887302], [37.567199, 55.889279], [37.567056, 55.890163], [37.566755, 55.890837], [37.566359, 55.891417], [37.565897, 55.891934], [37.565371, 55.892386], [37.564748, 55.892842], [37.564058, 55.893273], [37.563069, 55.893698], [37.562228, 55.894041], [37.559042, 55.895234], [37.552856, 55.897461], [37.551978, 55.897775], [37.544119, 55.900666], [37.542885, 55.901142], [37.542371, 55.901368], [37.541665, 55.901731], [37.54117, 55.902027], [37.540577, 55.902431], [37.539943, 55.902884], [37.539227, 55.9035], [37.538693, 55.903999], [37.538279, 55.904465], [37.53806, 55.904756], [37.537858, 55.905062], [37.537612, 55.905475], [37.536857, 55.907064]]]}}, {"type": "Feature", "properties": {"name": "Лосиноостровский", "name_en": "Losinoostrovsky", "okrug": "СВАО", "source_name": "Лосиноостровский", "okato": "45280565", "oktmo": "45355000"}, "geometry": {"type": "Polygon", "coordinates": [[[37.675111, 55.883691], [37.675916, 55.883579], [37.676322, 55.883337], [37.67655, 55.883208], [37.676831, 55.883105], [37.677233, 55.88312], [37.6776, 55.883165], [37.67827, 55.883355], [37.678636, 55.883783], [37.679118, 55.884115], [37.679567, 55.884437], [37.680037, 55.884831], [37.680403, 55.885151], [37.68074, 55.885305], [37.680984, 55.885511], [37.681194, 55.885742], [37.681406, 55.886065], [37.681554, 55.886444], [37.68163, 55.88721], [37.68166, 55.887517], [37.681904, 55.887967], [37.68287, 55.889028], [37.683263, 55.889428], [37.683788, 55.890078], [37.684281, 55.890578], [37.684679, 55.891098], [37.684976, 55.891758], [37.685081, 55.892381], [37.685131, 55.892898], [37.685186, 55.893101], [37.685183, 55.893514], [37.68524, 55.893663], [37.685222, 55.89391], [37.685259, 55.894063], [37.685254, 55.894271], [37.685177, 55.894435], [37.685198, 55.89461], [37.685219, 55.895061], [37.685245, 55.895083], [37.688906, 55.895045], [37.694288, 55.894875], [37.69872, 55.894336], [37.703052, 55.893412], [37.706435, 55.892258], [37.707188, 55.892331], [37.707343, 55.892259], [37.707586, 55.892146], [37.707582, 55.891766], [37.711206, 55.890149], [37.719269, 55.886128], [37.719707, 55.88591], [37.71622, 55.883556], [37.714702, 55.882514], [37.714518, 55.882377], [37.70498, 55.876404], [37.686809, 55.864839], [37.681828, 55.861563], [37.68152, 55.861722], [37.681345, 55.861806], [37.681239, 55.861848], [37.681153, 55.861884], [37.681106, 55.861908], [37.68157, 55.863064], [37.682215, 55.863495], [37.682317, 55.863563], [37.6829, 55.86394], [37.683541, 55.864374], [37.683407, 55.864439], [37.682049, 55.865093], [37.68157, 55.865313], [37.681441, 55.865373], [37.68132, 55.865433], [37.680845, 55.865668], [37.680427, 55.865875], [37.679643, 55.866255], [37.679533, 55.866308], [37.679434, 55.866356], [37.678541, 55.866791], [37.677732, 55.867186], [37.677233, 55.867429], [37.677102, 55.867494], [37.676823, 55.867615], [37.676471, 55.867699], [37.675325, 55.867973], [37.675353, 55.868111], [37.675442, 55.868527], [37.675586, 55.869205], [37.675688, 55.869681], [37.675701, 55.86974], [37.675813, 55.870194], [37.675893, 55.870412], [37.675988, 55.870629], [37.676046, 55.870763], [37.676316, 55.871166], [37.676583, 55.871523], [37.677003, 55.872088], [37.677166, 55.872299], [37.677199, 55.872343], [37.677916, 55.873301], [37.677983, 55.873389], [37.678046, 55.873471], [37.678506, 55.874068], [37.67903, 55.874747], [37.679239, 55.875018], [37.679618, 55.875518], [37.680605, 55.876806], [37.680662, 55.876881], [37.680631, 55.876952], [37.680411, 55.877408], [37.680338, 55.877538], [37.679594, 55.878906], [37.679255, 55.879528], [37.67857, 55.880809], [37.678399, 55.881091], [37.678272, 55.881236], [37.678162, 55.881341], [37.677871, 55.881519], [37.676866, 55.882109], [37.675894, 55.882698], [37.675801, 55.882764], [37.67561, 55.882916], [37.675341, 55.883116], [37.675224, 55.883243], [37.675161, 55.883345], [37.675128, 55.883438], [37.675121, 55.883509], [37.675125, 55.883679], [37.675111, 55.883691]]]}}, {"type": "Feature", "properties": {"name": "Марфино", "name_en": "Marfino", "okrug": "СВАО", "source_name": "Марфино", "okato": "45280567", "oktmo": "45356000"}, "geometry": {"type": "Polygon", "coordinates": [[[37.573772, 55.848476], [37.575618, 55.848153], [37.576629, 55.847992], [37.57745, 55.847908], [37.580048, 55.847801], [37.58202, 55.847728], [37.584833, 55.847614], [37.591505, 55.847362], [37.592823, 55.847315], [37.592598, 55.847116], [37.592574, 55.846311], [37.591441, 55.846028], [37.590473, 55.845639], [37.590835, 55.845434], [37.590206, 55.84483], [37.588344, 55.84483], [37.587173, 55.84483], [37.586998, 55.84371], [37.586331, 55.843538], [37.58675, 55.842957], [37.586856, 55.842824], [37.586921, 55.842354], [37.587033, 55.842228], [37.588922, 55.840083], [37.589191, 55.839597], [37.589492, 55.838993], [37.589373, 55.838974], [37.589225, 55.838951], [37.588741, 55.838878], [37.588447, 55.839357], [37.587753, 55.839201], [37.587445, 55.83957], [37.587108, 55.839486], [37.585896, 55.840174], [37.58209, 55.838312], [37.581275, 55.838807], [37.580518, 55.838909], [37.580485, 55.838817], [37.580432, 55.837527], [37.580419, 55.833839], [37.582242, 55.83373], [37.586462, 55.832964], [37.59156, 55.833625], [37.59139, 55.834123], [37.5913, 55.834184], [37.5908, 55.835593], [37.59088, 55.835643], [37.590826, 55.83583], [37.5908, 55.836061], [37.590934, 55.836105], [37.592605, 55.83507], [37.595337, 55.833421], [37.596468, 55.832809], [37.600469, 55.830739], [37.600554, 55.830681], [37.600706, 55.830503], [37.600852, 55.830289], [37.600886, 55.830232], [37.600913, 55.830188], [37.601139, 55.829837], [37.601182, 55.82975], [37.601216, 55.82968], [37.601268, 55.82953], [37.601491, 55.8285], [37.601639, 55.827749], [37.601801, 55.826928], [37.602161, 55.825135], [37.602187, 55.824966], [37.602194, 55.824927], [37.602208, 55.824844], [37.602226, 55.824743], [37.602423, 55.823856], [37.602446, 55.82376], [37.602461, 55.823693], [37.6028, 55.822009], [37.602812, 55.82195], [37.602823, 55.821903], [37.602861, 55.82173], [37.602899, 55.821525], [37.602922, 55.821433], [37.602947, 55.821325], [37.603446, 55.818773], [37.60355, 55.818103], [37.603637, 55.818056], [37.603689, 55.817177], [37.601176, 55.818807], [37.589091, 55.826587], [37.585891, 55.828887], [37.584533, 55.829698], [37.582091, 55.830895], [37.580587, 55.831726], [37.579366, 55.832556], [37.577137, 55.834124], [37.576111, 55.834804], [37.576294, 55.83495], [37.576819, 55.835346], [37.577448, 55.83589], [37.577819, 55.836297], [37.578154, 55.836786], [37.578371, 55.837141], [37.578548, 55.837588], [37.578641, 55.837907], [37.578739, 55.838614], [37.578719, 55.839032], [37.578673, 55.839444], [37.578494, 55.840036], [37.578218, 55.840621], [37.57797, 55.841021], [37.577661, 55.84143], [37.576018, 55.843094], [37.575618, 55.843584], [37.575398, 55.843929], [37.574949, 55.845094], [37.574441, 55.846566], [37.573896, 55.848099], [37.573772, 55.848476]]]}}, {"type": "Feature", "properties": {"name": "Марьина Роща", "name_en": "Maryina Roshcha", "okrug": "СВАО", "source_name": "Марьина Роща", "okato": "45280569", "oktmo": "45357000"}, "geometry": {"type": "Polygon", "coordinates": [[[37.588855, 55.792422], [37.58919, 55.793149], [37.589771, 55.793814], [37.59078, 55.794867], [37.592068, 55.796095], [37.592812, 55.796647], [37.593711, 55.797238], [37.594453, 55.797675], [37.595197, 55.798086], [37.596225, 55.798546], [37.596351, 55.798637], [37.59635, 55.798665], [37.59633, 55.798684], [37.59625, 55.798761], [37.596238, 55.798928], [37.596296, 55.799611], [37.59637, 55.799894], [37.596327, 55.801096], [37.596039, 55.802557], [37.595776, 55.80308], [37.595572, 55.804317], [37.595566, 55.804355], [37.595354, 55.805244], [37.595349, 55.805266], [37.596123, 55.805281], [37.596916, 55.80557], [37.599736, 55.806596], [37.60149, 55.80683], [37.609302, 55.80905], [37.613374, 55.810837], [37.614566, 55.810075], [37.633757, 55.797704], [37.63446, 55.79725], [37.634945, 55.796947], [37.634755, 55.796022], [37.634418, 55.794623], [37.634416, 55.794204], [37.634565, 55.792278], [37.634622, 55.791862], [37.63407, 55.791832], [37.63343, 55.791814], [37.632785, 55.791814], [37.632264, 55.791845], [37.631533, 55.791931], [37.629737, 55.79226], [37.628946, 55.792375], [37.627963, 55.79252], [37.624619, 55.792694], [37.623426, 55.79276], [37.619364, 55.793017], [37.618166, 55.793088], [37.616976, 55.793123], [37.616307, 55.793135], [37.616301, 55.79291], [37.616322, 55.792472], [37.61633, 55.792303], [37.61639, 55.791539], [37.616399, 55.791421], [37.616412, 55.791232], [37.616506, 55.789814], [37.616516, 55.789706], [37.616548, 55.789372], [37.616618, 55.788637], [37.616629, 55.788522], [37.616641, 55.788374], [37.616695, 55.787901], [37.6167, 55.787853], [37.616708, 55.787794], [37.61677, 55.787312], [37.616798, 55.786824], [37.61682, 55.786432], [37.616722, 55.786147], [37.61627, 55.785382], [37.616224, 55.785304], [37.616134, 55.78515], [37.615944, 55.78483], [37.615612, 55.784277], [37.615516, 55.784125], [37.615383, 55.783893], [37.615178, 55.783481], [37.615145, 55.783159], [37.61493, 55.783384], [37.61478, 55.783481], [37.614571, 55.783512], [37.61376, 55.783385], [37.613094, 55.783401], [37.612962, 55.783382], [37.612909, 55.783312], [37.612727, 55.782882], [37.612549, 55.782679], [37.612414, 55.78262], [37.612255, 55.782591], [37.611868, 55.782718], [37.61149, 55.782842], [37.611385, 55.782876], [37.611297, 55.782905], [37.61093, 55.783025], [37.610367, 55.783197], [37.610202, 55.783247], [37.609748, 55.783394], [37.609297, 55.783539], [37.608058, 55.783962], [37.607907, 55.784013], [37.607334, 55.784209], [37.60711, 55.784282], [37.606794, 55.784389], [37.606754, 55.784405], [37.606632, 55.784453], [37.606318, 55.784571], [37.606002, 55.78469], [37.605683, 55.784825], [37.605448, 55.784935], [37.60468, 55.785289], [37.604534, 55.785327], [37.604343, 55.785347], [37.603879, 55.785311], [37.603743, 55.7853], [37.60358, 55.785288], [37.602862, 55.785232], [37.602687, 55.785218], [37.602159, 55.785177], [37.602037, 55.785168], [37.601895, 55.785156], [37.601708, 55.785142], [37.601665, 55.785266], [37.601656, 55.78529], [37.601597, 55.785461], [37.601517, 55.785691], [37.60119, 55.786578], [37.601134, 55.786715], [37.600881, 55.787331], [37.600771, 55.787598], [37.600682, 55.787816], [37.600611, 55.788028], [37.600416, 55.788606], [37.600371, 55.78874], [37.600149, 55.789398], [37.600121, 55.789501], [37.599903, 55.790309], [37.599764, 55.790821], [37.59931, 55.792285], [37.59928, 55.79238], [37.599251, 55.792478], [37.595663, 55.792217], [37.594386, 55.792344], [37.593632, 55.792423], [37.592803, 55.792447], [37.592261, 55.792444], [37.59167, 55.792454], [37.590167, 55.792434], [37.590029, 55.792432], [37.589928, 55.792424], [37.589444, 55.792382], [37.589362, 55.792375], [37.589273, 55.792372], [37.589195, 55.792375], [37.589118, 55.792383], [37.588855, 55.792422]]]}}, {"type": "Feature", "properties": {"name": "Останкинский", "name_en": "Ostankinsky", "okrug": "СВАО", "source_name": "Останкинский", "okato": "45280572", "oktmo": "45358000"}, "geometry": {"type": "Polygon", "coordinates": [[[37.580419, 55.833839], [37.580432, 55.837527], [37.580485, 55.838817], [37.580518, 55.838909], [37.581275, 55.838807], [37.58209, 55.838312], [37.585896, 55.840174], [37.587108, 55.839486], [37.587445, 55.83957], [37.587753, 55.839201], [37.588447, 55.839357], [37.588741, 55.838878], [37.589225, 55.838951], [37.589373, 55.838974], [37.589492, 55.838993], [37.589191, 55.839597], [37.588922, 55.840083], [37.587033, 55.842228], [37.586921, 55.842354], [37.586856, 55.842824], [37.58675, 55.842957], [37.586331, 55.843538], [37.586998, 55.84371], [37.587173, 55.84483], [37.588344, 55.84483], [37.590206, 55.84483], [37.590835, 55.845434], [37.590473, 55.845639], [37.591441, 55.846028], [37.592574, 55.846311], [37.592598, 55.847116], [37.592823, 55.847315], [37.601893, 55.846964], [37.605759, 55.84684], [37.610077, 55.84666], [37.612321, 55.846482], [37.615932, 55.850192], [37.616097, 55.850353], [37.616944, 55.851196], [37.617081, 55.851331], [37.617229, 55.851475], [37.617561, 55.851808], [37.617687, 55.851933], [37.618609, 55.852848], [37.619206, 55.85344], [37.619366, 55.853598], [37.619842, 55.85407], [37.619956, 55.854222], [37.620092, 55.854405], [37.62023, 55.854649], [37.620325, 55.854899], [37.620335, 55.854944], [37.620376, 55.855131], [37.620393, 55.855931], [37.620381, 55.857015], [37.620348, 55.859161], [37.620358, 55.859265], [37.622498, 55.858556], [37.623081, 55.858293], [37.623279, 55.858206], [37.62363, 55.858126], [37.623911, 55.858078], [37.624032, 55.858057], [37.624498, 55.858001], [37.624793, 55.85794], [37.624991, 55.857882], [37.625213, 55.857789], [37.62518, 55.857623], [37.625146, 55.857405], [37.625101, 55.857268], [37.625041, 55.857086], [37.6251, 55.85685], [37.62512, 55.856772], [37.625504, 55.856181], [37.625744, 55.855729], [37.625858, 55.855384], [37.62602, 55.853617], [37.626039, 55.853418], [37.626485, 55.848751], [37.626575, 55.847983], [37.626597, 55.847665], [37.626626, 55.847378], [37.62664, 55.847122], [37.62665, 55.846921], [37.626714, 55.846112], [37.626722, 55.846016], [37.626945, 55.846012], [37.6315, 55.845846], [37.632719, 55.845801], [37.635285, 55.845694], [37.635868, 55.845676], [37.635885, 55.845162], [37.635945, 55.84457], [37.636056, 55.843877], [37.636095, 55.843472], [37.636126, 55.843157], [37.636164, 55.842766], [37.636437, 55.840356], [37.63646, 55.840152], [37.636486, 55.839926], [37.636563, 55.83926], [37.63658, 55.839115], [37.636677, 55.838404], [37.63672, 55.838022], [37.636743, 55.837805], [37.636486, 55.837872], [37.636075, 55.837983], [37.635856, 55.83804], [37.634513, 55.838392], [37.634362, 55.838423], [37.633798, 55.838499], [37.633589, 55.838512], [37.632707, 55.838561], [37.632364, 55.838619], [37.632015, 55.83824], [37.63202, 55.836945], [37.632015, 55.83595], [37.63304, 55.83595], [37.634229, 55.835324], [37.634313, 55.833809], [37.63684, 55.833826], [37.636843, 55.833514], [37.636954, 55.833511], [37.637104, 55.833372], [37.639504, 55.832474], [37.640015, 55.832281], [37.640081, 55.832259], [37.641945, 55.83161], [37.645633, 55.83037], [37.646223, 55.830171], [37.646396, 55.830112], [37.647372, 55.829778], [37.647776, 55.82964], [37.649344, 55.82911], [37.649721, 55.828977], [37.649607, 55.828873], [37.64778, 55.827053], [37.647117, 55.826375], [37.645064, 55.824425], [37.643946, 55.823397], [37.64049, 55.820088], [37.640003, 55.819556], [37.639559, 55.818995], [37.639295, 55.818588], [37.639073, 55.818069], [37.63886, 55.817536], [37.638639, 55.816445], [37.638445, 55.815388], [37.638208, 55.814178], [37.637945, 55.812999], [37.637559, 55.811381], [37.637453, 55.810708], [37.637386, 55.810056], [37.637308, 55.808885], [37.637264, 55.808499], [37.63679, 55.805991], [37.636544, 55.804714], [37.635924, 55.801337], [37.635523, 55.799649], [37.634986, 55.79714], [37.634945, 55.796947], [37.63446, 55.79725], [37.633757, 55.797704], [37.614566, 55.810075], [37.613374, 55.810837], [37.610878, 55.812497], [37.61031, 55.812913], [37.604713, 55.816516], [37.603689, 55.817177], [37.603637, 55.818056], [37.60355, 55.818103], [37.603446, 55.818773], [37.602947, 55.821325], [37.602922, 55.821433], [37.602899, 55.821525], [37.602861, 55.82173], [37.602823, 55.821903], [37.602812, 55.82195], [37.6028, 55.822009], [37.602461, 55.823693], [37.602446, 55.82376], [37.602423, 55.823856], [37.602226, 55.824743], [37.602208, 55.824844], [37.602194, 55.824927], [37.602187, 55.824966], [37.602161, 55.825135], [37.601801, 55.826928], [37.601639, 55.827749], [37.601491, 55.8285], [37.601268, 55.82953], [37.601216, 55.82968], [37.601182, 55.82975], [37.601139, 55.829837], [37.600913, 55.830188], [37.600886, 55.830232], [37.600852, 55.830289], [37.600706, 55.830503], [37.600554, 55.830681], [37.600469, 55.830739], [37.596468, 55.832809], [37.595337, 55.833421], [37.592605, 55.83507], [37.590934, 55.836105], [37.5908, 55.836061], [37.590826, 55.83583], [37.59088, 55.835643], [37.5908, 55.835593], [37.5913, 55.834184], [37.59139, 55.834123], [37.59156, 55.833625], [37.586462, 55.832964], [37.582242, 55.83373], [37.580419, 55.833839]]]}}, {"type": "Feature", "properties": {"name": "Отрадное", "name_en": "Otradnoye", "okrug": "СВАО", "source_name": "Отрадное", "okato": "45280574", "oktmo": "45359000"}, "geometry": {"type": "Polygon", "coordinates": [[[37.571371, 55.870182], [37.571919, 55.870225], [37.57213, 55.869682], [37.572184, 55.869533], [37.572314, 55.869537], [37.574005, 55.86963], [37.576617, 55.869761], [37.583437, 55.870086], [37.585299, 55.870008], [37.586028, 55.87241], [37.586278, 55.874814], [37.586446, 55.874849], [37.58753, 55.875078], [37.591619, 55.87594], [37.594109, 55.87649], [37.597766, 55.877203], [37.607541, 55.879108], [37.608576, 55.879574], [37.611341, 55.879993], [37.616901, 55.880334], [37.616871, 55.880058], [37.616757, 55.879889], [37.616895, 55.879773], [37.616972, 55.879516], [37.616864, 55.87923], [37.616727, 55.878892], [37.616455, 55.878755], [37.616293, 55.878733], [37.616239, 55.87871], [37.616231, 55.878687], [37.616241, 55.878632], [37.616346, 55.878588], [37.616366, 55.878528], [37.61633, 55.87845], [37.616233, 55.878384], [37.615801, 55.878333], [37.615623, 55.878249], [37.615639, 55.878121], [37.615817, 55.877972], [37.615896, 55.877805], [37.616047, 55.877729], [37.616092, 55.877681], [37.616079, 55.877594], [37.616177, 55.877495], [37.616169, 55.877426], [37.616093, 55.877368], [37.616004, 55.877379], [37.61588, 55.877424], [37.615627, 55.877206], [37.615929, 55.876984], [37.616406, 55.876995], [37.616568, 55.877071], [37.616675, 55.876991], [37.616735, 55.876671], [37.616588, 55.876279], [37.616782, 55.876042], [37.616796, 55.875955], [37.616722, 55.875876], [37.616568, 55.875789], [37.616675, 55.875624], [37.616702, 55.875334], [37.616272, 55.875224], [37.616272, 55.875066], [37.616494, 55.875002], [37.616702, 55.874836], [37.617039, 55.874627], [37.617655, 55.874473], [37.617828, 55.874412], [37.618114, 55.874288], [37.618215, 55.874107], [37.618283, 55.874069], [37.618618, 55.873708], [37.618935, 55.873376], [37.619399, 55.873015], [37.619776, 55.872721], [37.620068, 55.872601], [37.620557, 55.872399], [37.621012, 55.872283], [37.621502, 55.872249], [37.621879, 55.872148], [37.622231, 55.871984], [37.622703, 55.871691], [37.622943, 55.871493], [37.623175, 55.871233], [37.62363, 55.870964], [37.624136, 55.870747], [37.624909, 55.870549], [37.625312, 55.870405], [37.625699, 55.870313], [37.625948, 55.870313], [37.626033, 55.870251], [37.626136, 55.870193], [37.628033, 55.868951], [37.628231, 55.868864], [37.628445, 55.868854], [37.628625, 55.868873], [37.628831, 55.868893], [37.629029, 55.86883], [37.629132, 55.868724], [37.629295, 55.868594], [37.629338, 55.868459], [37.629467, 55.868228], [37.629604, 55.868127], [37.629664, 55.868012], [37.629861, 55.867872], [37.629947, 55.867727], [37.630093, 55.867294], [37.63017, 55.86713], [37.630325, 55.866774], [37.630402, 55.866152], [37.630385, 55.865897], [37.630402, 55.865628], [37.630522, 55.865459], [37.630797, 55.865261], [37.63114, 55.865189], [37.631398, 55.865204], [37.631784, 55.86516], [37.632162, 55.86503], [37.632411, 55.864857], [37.632565, 55.864732], [37.632668, 55.86451], [37.632471, 55.864289], [37.632908, 55.863961], [37.633235, 55.863696], [37.633442, 55.863533], [37.633509, 55.863473], [37.633587, 55.8634], [37.63363, 55.863361], [37.633626, 55.862949], [37.633818, 55.862425], [37.634119, 55.862184], [37.634216, 55.862044], [37.63449, 55.861731], [37.634865, 55.861509], [37.635109, 55.86137], [37.634231, 55.860857], [37.633855, 55.860614], [37.633706, 55.860448], [37.63359, 55.860321], [37.633218, 55.859893], [37.632956, 55.859415], [37.632875, 55.859176], [37.632876, 55.858923], [37.632928, 55.858504], [37.633006, 55.857933], [37.633054, 55.857684], [37.632945, 55.857442], [37.632901, 55.857357], [37.63261, 55.857282], [37.632081, 55.857221], [37.631006, 55.856988], [37.629232, 55.856885], [37.628681, 55.856898], [37.627071, 55.85699], [37.625915, 55.85721], [37.625715, 55.857261], [37.625146, 55.857405], [37.62518, 55.857623], [37.625213, 55.857789], [37.624991, 55.857882], [37.624793, 55.85794], [37.624498, 55.858001], [37.624032, 55.858057], [37.623911, 55.858078], [37.62363, 55.858126], [37.623279, 55.858206], [37.623081, 55.858293], [37.622498, 55.858556], [37.620358, 55.859265], [37.620348, 55.859161], [37.620381, 55.857015], [37.620393, 55.855931], [37.620376, 55.855131], [37.620335, 55.854944], [37.620325, 55.854899], [37.62023, 55.854649], [37.620092, 55.854405], [37.619956, 55.854222], [37.619842, 55.85407], [37.619366, 55.853598], [37.619206, 55.85344], [37.618609, 55.852848], [37.617687, 55.851933], [37.617561, 55.851808], [37.617229, 55.851475], [37.617081, 55.851331], [37.616944, 55.851196], [37.616097, 55.850353], [37.615932, 55.850192], [37.612321, 55.846482], [37.610077, 55.84666], [37.605759, 55.84684], [37.601893, 55.846964], [37.592823, 55.847315], [37.591505, 55.847362], [37.584833, 55.847614], [37.58202, 55.847728], [37.580048, 55.847801], [37.57745, 55.847908], [37.576629, 55.847992], [37.575618, 55.848153], [37.573772, 55.848476], [37.573671, 55.848794], [37.573309, 55.84984], [37.57309, 55.850624], [37.572906, 55.85142], [37.572759, 55.852362], [37.572678, 55.853206], [37.572643, 55.854158], [37.572707, 55.854735], [37.572785, 55.855241], [37.573442, 55.856873], [37.57415, 55.858602], [37.574351, 55.859218], [37.574546, 55.859893], [37.574632, 55.860457], [37.574681, 55.861137], [37.5746, 55.862117], [37.574328, 55.863002], [37.573918, 55.864012], [37.573186, 55.865787], [37.572618, 55.867106], [37.571371, 55.870182]]]}}, {"type": "Feature", "properties": {"name": "Ростокино", "name_en": "Rostokino", "okrug": "СВАО", "source_name": "Ростокино", "okato": "45280577", "oktmo": "45360000"}, "geometry": {"type": "Polygon", "coordinates": [[[37.632015, 55.83595], [37.63202, 55.836945], [37.632015, 55.83824], [37.632364, 55.838619], [37.632707, 55.838561], [37.633589, 55.838512], [37.633798, 55.838499], [37.634362, 55.838423], [37.634513, 55.838392], [37.635856, 55.83804], [37.636075, 55.837983], [37.636486, 55.837872], [37.636743, 55.837805], [37.63672, 55.838022], [37.636677, 55.838404], [37.63658, 55.839115], [37.636563, 55.83926], [37.636486, 55.839926], [37.63646, 55.840152], [37.636437, 55.840356], [37.636164, 55.842766], [37.636126, 55.843157], [37.636095, 55.843472], [37.636056, 55.843877], [37.635945, 55.84457], [37.635885, 55.845162], [37.635868, 55.845676], [37.636425, 55.845652], [37.637667, 55.845619], [37.638481, 55.845577], [37.639936, 55.845535], [37.64302, 55.845321], [37.648257, 55.844947], [37.649459, 55.844768], [37.650557, 55.844621], [37.653706, 55.843837], [37.655044, 55.843385], [37.656485, 55.842977], [37.659961, 55.841889], [37.662535, 55.841084], [37.663091, 55.840918], [37.663466, 55.840795], [37.663872, 55.840671], [37.668181, 55.839427], [37.669517, 55.838951], [37.67021, 55.83874], [37.670381, 55.837676], [37.670521, 55.836549], [37.670627, 55.83565], [37.670767, 55.834508], [37.670887, 55.833602], [37.671027, 55.832565], [37.671274, 55.830887], [37.671501, 55.829474], [37.671543, 55.82902], [37.671525, 55.828204], [37.671495, 55.827552], [37.671462, 55.827231], [37.671282, 55.826604], [37.67095, 55.825686], [37.670643, 55.824917], [37.670606, 55.824838], [37.670463, 55.824424], [37.670217, 55.824462], [37.669979, 55.824506], [37.669644, 55.824579], [37.66911, 55.82474], [37.668865, 55.824862], [37.668442, 55.824958], [37.667952, 55.82492], [37.667548, 55.824956], [37.667318, 55.825102], [37.667206, 55.825364], [37.667317, 55.825659], [37.667002, 55.825993], [37.66625, 55.826298], [37.664765, 55.826694], [37.66211, 55.827307], [37.660798, 55.827527], [37.658206, 55.827789], [37.65675, 55.828102], [37.655427, 55.828285], [37.654399, 55.828643], [37.653739, 55.829178], [37.653515, 55.829758], [37.653487, 55.830118], [37.653499, 55.83039], [37.653811, 55.830776], [37.654196, 55.831122], [37.654504, 55.831386], [37.654868, 55.831667], [37.655024, 55.831838], [37.655154, 55.832127], [37.65515, 55.832387], [37.655055, 55.832615], [37.65483, 55.832831], [37.654518, 55.833065], [37.654296, 55.833281], [37.653637, 55.832597], [37.652211, 55.831255], [37.649721, 55.828977], [37.649344, 55.82911], [37.647776, 55.82964], [37.647372, 55.829778], [37.646396, 55.830112], [37.646223, 55.830171], [37.645633, 55.83037], [37.641945, 55.83161], [37.640081, 55.832259], [37.640015, 55.832281], [37.639504, 55.832474], [37.637104, 55.833372], [37.636954, 55.833511], [37.636843, 55.833514], [37.63684, 55.833826], [37.634313, 55.833809], [37.634229, 55.835324], [37.63304, 55.83595], [37.632015, 55.83595]]]}}, {"type": "Feature", "properties": {"name": "Свиблово", "name_en": "Sviblovo", "okrug": "СВАО", "source_name": "Свиблово", "okato": "45280580", "oktmo": "45361000"}, "geometry": {"type": "Polygon", "coordinates": [[[37.625041, 55.857086], [37.625101, 55.857268], [37.625146, 55.857405], [37.625715, 55.857261], [37.625915, 55.85721], [37.627071, 55.85699], [37.628681, 55.856898], [37.629232, 55.856885], [37.631006, 55.856988], [37.632081, 55.857221], [37.63261, 55.857282], [37.632901, 55.857357], [37.632945, 55.857442], [37.633054, 55.857684], [37.633006, 55.857933], [37.632928, 55.858504], [37.632876, 55.858923], [37.632875, 55.859176], [37.632956, 55.859415], [37.633218, 55.859893], [37.63359, 55.860321], [37.633706, 55.860448], [37.633855, 55.860614], [37.634231, 55.860857], [37.635109, 55.86137], [37.636707, 55.862368], [37.63814, 55.863259], [37.63828, 55.863426], [37.638294, 55.86355], [37.63835, 55.863639], [37.639086, 55.864013], [37.639308, 55.864121], [37.639909, 55.864863], [37.640165, 55.865019], [37.640488, 55.865167], [37.640903, 55.865251], [37.641732, 55.865323], [37.641721, 55.865312], [37.641777, 55.865131], [37.641906, 55.864727], [37.642129, 55.864395], [37.64237, 55.864243], [37.642593, 55.864112], [37.643481, 55.863805], [37.644812, 55.863344], [37.644975, 55.863122], [37.645303, 55.862632], [37.645335, 55.862585], [37.646043, 55.861557], [37.646698, 55.861086], [37.646852, 55.860975], [37.647266, 55.860745], [37.652942, 55.857599], [37.653446, 55.857558], [37.653745, 55.857537], [37.65398, 55.857514], [37.654476, 55.857473], [37.654673, 55.857456], [37.654879, 55.85744], [37.655752, 55.857353], [37.657059, 55.857228], [37.659467, 55.856997], [37.661031, 55.856848], [37.661187, 55.856833], [37.661456, 55.856838], [37.661607, 55.856865], [37.661673, 55.856879], [37.661719, 55.85689], [37.661814, 55.856927], [37.661891, 55.856953], [37.662002, 55.856847], [37.662839, 55.85613], [37.66428, 55.855164], [37.666374, 55.853846], [37.669295, 55.85195], [37.67038, 55.851269], [37.670585, 55.851132], [37.670885, 55.850894], [37.671211, 55.850448], [37.671447, 55.850446], [37.671943, 55.850425], [37.671757, 55.849057], [37.671455, 55.846809], [37.66723, 55.843614], [37.665397, 55.842252], [37.664575, 55.841643], [37.663466, 55.840795], [37.663091, 55.840918], [37.662535, 55.841084], [37.659961, 55.841889], [37.656485, 55.842977], [37.655044, 55.843385], [37.653706, 55.843837], [37.650557, 55.844621], [37.649459, 55.844768], [37.648257, 55.844947], [37.64302, 55.845321], [37.639936, 55.845535], [37.638481, 55.845577], [37.637667, 55.845619], [37.636425, 55.845652], [37.635868, 55.845676], [37.635285, 55.845694], [37.632719, 55.845801], [37.6315, 55.845846], [37.626945, 55.846012], [37.626722, 55.846016], [37.626714, 55.846112], [37.62665, 55.846921], [37.62664, 55.847122], [37.626626, 55.847378], [37.626597, 55.847665], [37.626575, 55.847983], [37.626485, 55.848751], [37.626039, 55.853418], [37.62602, 55.853617], [37.625858, 55.855384], [37.625744, 55.855729], [37.625504, 55.856181], [37.62512, 55.856772], [37.6251, 55.85685], [37.625041, 55.857086]]]}}, {"type": "Feature", "properties": {"name": "Северный", "name_en": "Severny", "okrug": "СВАО", "source_name": "Северный", "okato": "45280585", "oktmo": "45363000"}, "geometry": {"type": "Polygon", "coordinates": [[[37.51948, 55.941763], [37.520042, 55.941845], [37.523768, 55.94239], [37.523899, 55.94266], [37.526914, 55.942985], [37.534172, 55.943849], [37.536004, 55.943939], [37.537117, 55.944071], [37.537633, 55.944126], [37.540914, 55.944061], [37.541765, 55.943914], [37.543175, 55.943897], [37.541273, 55.946929], [37.540021, 55.948954], [37.539683, 55.949471], [37.538892, 55.950662], [37.538107, 55.951941], [37.537429, 55.952877], [37.537846, 55.952932], [37.539047, 55.953198], [37.540653, 55.953649], [37.540813, 55.953855], [37.542017, 55.95412], [37.543849, 55.954527], [37.545747, 55.95512], [37.546637, 55.955345], [37.546618, 55.955505], [37.547894, 55.955687], [37.548298, 55.955803], [37.548859, 55.954708], [37.549413, 55.954539], [37.549617, 55.954223], [37.550518, 55.952626], [37.550327, 55.952229], [37.550202, 55.951953], [37.550651, 55.951269], [37.551966, 55.951297], [37.551929, 55.952138], [37.551674, 55.952239], [37.551766, 55.953485], [37.552568, 55.953481], [37.552447, 55.95374], [37.5532, 55.953941], [37.555104, 55.953995], [37.555069, 55.95308], [37.555064, 55.951618], [37.557343, 55.952348], [37.56672, 55.955277], [37.571686, 55.956866], [37.574201, 55.957699], [37.575367, 55.957306], [37.57485, 55.956351], [37.578538, 55.955766], [37.580814, 55.954163], [37.579249, 55.953848], [37.579551, 55.953407], [37.580162, 55.952196], [37.580157, 55.951885], [37.579535, 55.949642], [37.569775, 55.950647], [37.569687, 55.950643], [37.568211, 55.950597], [37.567973, 55.950835], [37.563216, 55.951335], [37.562593, 55.951251], [37.562881, 55.948056], [37.563784, 55.945452], [37.564158, 55.943938], [37.564307, 55.942745], [37.564563, 55.941333], [37.567614, 55.94112], [37.570164, 55.941315], [37.569951, 55.936691], [37.569301, 55.936866], [37.567736, 55.936713], [37.566269, 55.936715], [37.565668, 55.933589], [37.56496, 55.933517], [37.560705, 55.932515], [37.560816, 55.931566], [37.560924, 55.930428], [37.561038, 55.928823], [37.560956, 55.928032], [37.560808, 55.92736], [37.560566, 55.926258], [37.559722, 55.923135], [37.559149, 55.921108], [37.558733, 55.920252], [37.558572, 55.91958], [37.557998, 55.91679], [37.557365, 55.914561], [37.556431, 55.91158], [37.555951, 55.909556], [37.555651, 55.909119], [37.536857, 55.907064], [37.537191, 55.907591], [37.536271, 55.908791], [37.528307, 55.924813], [37.528101, 55.925207], [37.527755, 55.925359], [37.526807, 55.927309], [37.523529, 55.933642], [37.521024, 55.938549], [37.520221, 55.94011], [37.520319, 55.940202], [37.520253, 55.940326], [37.51948, 55.941763]]]}}, {"type": "Feature", "properties": {"name": "Северное Медведково", "name_en": "Severnoye Medvedkovo", "okrug": "СВАО", "source_name": "Северное Медведково", "okato": "45280583", "oktmo": "45362000"}, "geometry": {"type": "Polygon", "coordinates": [[[37.619648, 55.885611], [37.620007, 55.885644], [37.620284, 55.885721], [37.620382, 55.885797], [37.620422, 55.885858], [37.620422, 55.885915], [37.620345, 55.885956], [37.620165, 55.886026], [37.620105, 55.886134], [37.620179, 55.886202], [37.620286, 55.886225], [37.620449, 55.886207], [37.620567, 55.886236], [37.620672, 55.886371], [37.620894, 55.886399], [37.621066, 55.886562], [37.621126, 55.886749], [37.621391, 55.886878], [37.621669, 55.886931], [37.621861, 55.887012], [37.621935, 55.887079], [37.621925, 55.887127], [37.621898, 55.887174], [37.621911, 55.887233], [37.622062, 55.887371], [37.622184, 55.887407], [37.622374, 55.887419], [37.622564, 55.887475], [37.622955, 55.88763], [37.623175, 55.887779], [37.623212, 55.887831], [37.623185, 55.887929], [37.622996, 55.888052], [37.622868, 55.888262], [37.622761, 55.888484], [37.622799, 55.888658], [37.622923, 55.888849], [37.623179, 55.888976], [37.623432, 55.889019], [37.623884, 55.888993], [37.62429, 55.889089], [37.624687, 55.889259], [37.624864, 55.889359], [37.625084, 55.889454], [37.625388, 55.889596], [37.627289, 55.890356], [37.62803, 55.890652], [37.630382, 55.891592], [37.630616, 55.891685], [37.635612, 55.893683], [37.644372, 55.897685], [37.652257, 55.896779], [37.660422, 55.896062], [37.662638, 55.895885], [37.66892, 55.895639], [37.669556, 55.895776], [37.671526, 55.896921], [37.671824, 55.89722], [37.6719, 55.897734], [37.672613, 55.897807], [37.672725, 55.897423], [37.672976, 55.897084], [37.673062, 55.897042], [37.6741, 55.896581], [37.674456, 55.896435], [37.676319, 55.895455], [37.676838, 55.895311], [37.682213, 55.895114], [37.685245, 55.895083], [37.685219, 55.895061], [37.685198, 55.89461], [37.685177, 55.894435], [37.685254, 55.894271], [37.685259, 55.894063], [37.685222, 55.89391], [37.68524, 55.893663], [37.685183, 55.893514], [37.685186, 55.893101], [37.685131, 55.892898], [37.685081, 55.892381], [37.684976, 55.891758], [37.684679, 55.891098], [37.684281, 55.890578], [37.683788, 55.890078], [37.683263, 55.889428], [37.68287, 55.889028], [37.681904, 55.887967], [37.68166, 55.887517], [37.68163, 55.88721], [37.681554, 55.886444], [37.681406, 55.886065], [37.681194, 55.885742], [37.680984, 55.885511], [37.68074, 55.885305], [37.680403, 55.885151], [37.680037, 55.884831], [37.679567, 55.884437], [37.679118, 55.884115], [37.678636, 55.883783], [37.67827, 55.883355], [37.6776, 55.883165], [37.677233, 55.88312], [37.676831, 55.883105], [37.67655, 55.883208], [37.676322, 55.883337], [37.675916, 55.883579], [37.675111, 55.883691], [37.67463, 55.883745], [37.673961, 55.8838], [37.673233, 55.88364], [37.673028, 55.883561], [37.672927, 55.88344], [37.672972, 55.883285], [37.673074, 55.883161], [37.673735, 55.882954], [37.673728, 55.882873], [37.673636, 55.882809], [37.67194, 55.882136], [37.671413, 55.882047], [37.670364, 55.882011], [37.670138, 55.881992], [37.669233, 55.881914], [37.668493, 55.881911], [37.667535, 55.881998], [37.666753, 55.882029], [37.666611, 55.882021], [37.66646, 55.882042], [37.666158, 55.882112], [37.665354, 55.882358], [37.665067, 55.882364], [37.664789, 55.88232], [37.66416, 55.882101], [37.66392, 55.882025], [37.663686, 55.882009], [37.663401, 55.882036], [37.662685, 55.881968], [37.662356, 55.881897], [37.661776, 55.881718], [37.6607, 55.881401], [37.660398, 55.881296], [37.660025, 55.881212], [37.659646, 55.881132], [37.6593, 55.88102], [37.658809, 55.880801], [37.658467, 55.880599], [37.657858, 55.880209], [37.657678, 55.880041], [37.657479, 55.879819], [37.657367, 55.87959], [37.657323, 55.879472], [37.657297, 55.87912], [37.65726, 55.878793], [37.657217, 55.878648], [37.657205, 55.878486], [37.657277, 55.877921], [37.65725, 55.87776], [37.657236, 55.877575], [37.657277, 55.877362], [37.657343, 55.877185], [37.657304, 55.876787], [37.65733, 55.87661], [37.656999, 55.876611], [37.656969, 55.876612], [37.656557, 55.876623], [37.654569, 55.876662], [37.647459, 55.877373], [37.6463, 55.877343], [37.644454, 55.877562], [37.642495, 55.877764], [37.638301, 55.878193], [37.636354, 55.878414], [37.636613, 55.878926], [37.63828, 55.880659], [37.639913, 55.882321], [37.641731, 55.884131], [37.637043, 55.884655], [37.634234, 55.884867], [37.631266, 55.885014], [37.629485, 55.885097], [37.623923, 55.885323], [37.619648, 55.885611]]]}}, {"type": "Feature", "properties": {"name": "Южное Медведково", "name_en": "Yuzhnoye Medvedkovo", "okrug": "СВАО", "source_name": "Южное Медведково", "okato": "45280594", "oktmo": "45364000"}, "geometry": {"type": "Polygon", "coordinates": [[[37.614222, 55.883035], [37.614323, 55.883128], [37.61454, 55.883161], [37.614835, 55.883131], [37.615264, 55.883135], [37.615377, 55.883298], [37.615555, 55.883398], [37.615842, 55.883482], [37.615935, 55.88363], [37.615909, 55.883761], [37.616068, 55.883877], [37.616279, 55.883908], [37.616546, 55.883854], [37.616753, 55.883902], [37.616937, 55.88402], [37.61719, 55.884116], [37.617209, 55.884307], [37.617619, 55.884578], [37.617934, 55.88474], [37.618309, 55.884859], [37.618681, 55.885267], [37.618636, 55.885475], [37.618711, 55.885678], [37.618737, 55.885711], [37.618922, 55.885722], [37.61907, 55.885695], [37.619332, 55.885671], [37.619648, 55.885611], [37.623923, 55.885323], [37.629485, 55.885097], [37.631266, 55.885014], [37.634234, 55.884867], [37.637043, 55.884655], [37.641731, 55.884131], [37.639913, 55.882321], [37.63828, 55.880659], [37.636613, 55.878926], [37.636354, 55.878414], [37.638301, 55.878193], [37.642495, 55.877764], [37.644454, 55.877562], [37.6463, 55.877343], [37.647459, 55.877373], [37.654569, 55.876662], [37.656557, 55.876623], [37.656969, 55.876612], [37.656999, 55.876611], [37.65733, 55.87661], [37.657342, 55.875795], [37.657372, 55.875347], [37.657426, 55.875019], [37.657796, 55.874573], [37.658414, 55.874302], [37.658678, 55.873592], [37.658662, 55.873327], [37.658418, 55.873004], [37.658091, 55.87268], [37.657362, 55.872166], [37.65718, 55.872119], [37.656962, 55.872113], [37.656289, 55.871921], [37.656201, 55.871879], [37.656161, 55.871821], [37.656177, 55.871667], [37.656148, 55.871598], [37.656011, 55.871554], [37.655817, 55.871528], [37.655602, 55.871448], [37.655347, 55.871329], [37.654155, 55.870852], [37.653796, 55.870787], [37.653277, 55.870725], [37.652107, 55.870491], [37.651603, 55.870321], [37.651206, 55.870054], [37.650947, 55.86979], [37.650814, 55.869658], [37.650534, 55.86914], [37.649855, 55.868682], [37.649279, 55.868391], [37.648971, 55.868201], [37.648474, 55.867772], [37.64844, 55.86743], [37.648286, 55.8673], [37.648519, 55.867001], [37.648998, 55.866841], [37.648961, 55.866749], [37.648831, 55.866671], [37.648613, 55.86661], [37.648186, 55.866566], [37.647904, 55.866624], [37.64762, 55.866536], [37.646792, 55.865975], [37.645163, 55.86548], [37.642149, 55.865354], [37.641732, 55.865323], [37.640903, 55.865251], [37.640488, 55.865167], [37.640165, 55.865019], [37.639909, 55.864863], [37.639308, 55.864121], [37.639086, 55.864013], [37.63835, 55.863639], [37.638294, 55.86355], [37.63828, 55.863426], [37.63814, 55.863259], [37.636707, 55.862368], [37.635109, 55.86137], [37.634865, 55.861509], [37.63449, 55.861731], [37.634216, 55.862044], [37.634119, 55.862184], [37.633818, 55.862425], [37.633626, 55.862949], [37.63363, 55.863361], [37.633587, 55.8634], [37.633509, 55.863473], [37.633442, 55.863533], [37.633235, 55.863696], [37.632908, 55.863961], [37.632471, 55.864289], [37.632668, 55.86451], [37.632565, 55.864732], [37.632411, 55.864857], [37.632162, 55.86503], [37.631784, 55.86516], [37.631398, 55.865204], [37.63114, 55.865189], [37.630797, 55.865261], [37.630522, 55.865459], [37.630402, 55.865628], [37.630385, 55.865897], [37.630402, 55.866152], [37.630325, 55.866774], [37.63017, 55.86713], [37.630093, 55.867294], [37.629947, 55.867727], [37.629861, 55.867872], [37.629664, 55.868012], [37.629604, 55.868127], [37.629467, 55.868228], [37.629338, 55.868459], [37.629295, 55.868594], [37.629132, 55.868724], [37.629029, 55.86883], [37.628831, 55.868893], [37.628625, 55.868873], [37.628445, 55.868854], [37.628231, 55.868864], [37.628033, 55.868951], [37.626136, 55.870193], [37.626033, 55.870251], [37.625948, 55.870313], [37.625699, 55.870313], [37.625312, 55.870405], [37.624909, 55.870549], [37.624136, 55.870747], [37.62363, 55.870964], [37.623175, 55.871233], [37.622943, 55.871493], [37.622703, 55.871691], [37.622231, 55.871984], [37.621879, 55.872148], [37.621502, 55.872249], [37.621012, 55.872283], [37.620557, 55.872399], [37.620068, 55.872601], [37.619776, 55.872721], [37.619399, 55.873015], [37.618935, 55.873376], [37.618618, 55.873708], [37.618283, 55.874069], [37.618215, 55.874107], [37.618114, 55.874288], [37.617828, 55.874412], [37.617655, 55.874473], [37.617039, 55.874627], [37.616702, 55.874836], [37.616494, 55.875002], [37.616272, 55.875066], [37.616272, 55.875224], [37.616702, 55.875334], [37.616675, 55.875624], [37.616568, 55.875789], [37.616722, 55.875876], [37.616796, 55.875955], [37.616782, 55.876042], [37.616588, 55.876279], [37.616735, 55.876671], [37.616675, 55.876991], [37.616568, 55.877071], [37.616406, 55.876995], [37.615929, 55.876984], [37.615627, 55.877206], [37.61588, 55.877424], [37.616004, 55.877379], [37.616093, 55.877368], [37.616169, 55.877426], [37.616177, 55.877495], [37.616079, 55.877594], [37.616092, 55.877681], [37.616047, 55.877729], [37.615896, 55.877805], [37.615817, 55.877972], [37.615639, 55.878121], [37.615623, 55.878249], [37.615801, 55.878333], [37.616233, 55.878384], [37.61633, 55.87845], [37.616366, 55.878528], [37.616346, 55.878588], [37.616241, 55.878632], [37.616231, 55.878687], [37.616239, 55.87871], [37.616293, 55.878733], [37.616455, 55.878755], [37.616727, 55.878892], [37.616864, 55.87923], [37.616972, 55.879516], [37.616895, 55.879773], [37.616757, 55.879889], [37.616871, 55.880058], [37.616901, 55.880334], [37.616909, 55.880606], [37.616555, 55.880863], [37.616044, 55.880982], [37.615664, 55.881054], [37.615239, 55.88119], [37.615062, 55.881565], [37.614855, 55.881702], [37.614808, 55.8818], [37.614876, 55.881894], [37.614803, 55.882059], [37.614605, 55.882272], [37.614551, 55.882505], [37.614398, 55.882697], [37.614362, 55.882844], [37.614247, 55.88295], [37.614222, 55.883035]]]}}, {"type": "Feature", "properties": {"name": "Ярославский", "name_en": "Yaroslavsky", "okrug": "СВАО", "source_name": "Ярославский", "okato": "45280597", "oktmo": "45365000"}, "geometry": {"type": "Polygon", "coordinates": [[[37.663466, 55.840795], [37.664575, 55.841643], [37.665397, 55.842252], [37.66723, 55.843614], [37.671455, 55.846809], [37.671757, 55.849057], [37.671943, 55.850425], [37.672085, 55.85146], [37.672268, 55.852465], [37.67242, 55.85315], [37.672524, 55.853511], [37.672687, 55.853882], [37.672866, 55.854202], [37.673108, 55.85465], [37.673454, 55.855176], [37.673851, 55.855676], [37.674187, 55.856032], [37.674596, 55.856439], [37.675195, 55.856951], [37.676043, 55.857588], [37.676994, 55.858266], [37.678162, 55.859092], [37.679398, 55.859993], [37.681828, 55.861563], [37.686809, 55.864839], [37.70498, 55.876404], [37.714518, 55.882377], [37.714702, 55.882514], [37.71622, 55.883556], [37.719707, 55.88591], [37.720208, 55.885661], [37.721481, 55.885038], [37.724362, 55.883802], [37.727524, 55.883951], [37.730065, 55.885015], [37.731555, 55.885619], [37.732099, 55.885316], [37.731259, 55.884774], [37.730879, 55.884396], [37.730382, 55.884012], [37.730193, 55.883784], [37.730004, 55.883556], [37.729665, 55.883091], [37.72956, 55.882903], [37.729453, 55.882617], [37.72923, 55.882043], [37.72945, 55.881569], [37.729702, 55.881057], [37.730375, 55.880607], [37.73237, 55.879523], [37.73426, 55.878642], [37.732658, 55.877665], [37.731479, 55.876879], [37.731196, 55.876767], [37.731081, 55.87596], [37.73182, 55.874945], [37.729833, 55.874665], [37.729479, 55.874387], [37.728542, 55.874259], [37.728324, 55.874215], [37.72806, 55.874004], [37.727927, 55.8739], [37.72755, 55.873924], [37.72734, 55.873922], [37.727082, 55.873855], [37.726555, 55.873799], [37.726092, 55.87364], [37.724256, 55.873008], [37.723629, 55.873202], [37.723624, 55.873406], [37.722445, 55.873632], [37.721736, 55.872983], [37.719053, 55.872246], [37.715813, 55.870154], [37.715232, 55.869802], [37.711143, 55.867432], [37.709035, 55.866252], [37.707699, 55.865519], [37.707924, 55.865337], [37.707836, 55.865265], [37.707212, 55.864758], [37.706614, 55.864286], [37.706669, 55.864143], [37.708864, 55.863198], [37.709116, 55.862564], [37.709322, 55.861008], [37.70504, 55.861001], [37.702658, 55.862558], [37.701998, 55.862175], [37.700773, 55.861456], [37.700564, 55.861122], [37.71047, 55.860735], [37.714939, 55.860674], [37.717921, 55.860634], [37.718246, 55.860008], [37.721456, 55.853364], [37.721639, 55.852924], [37.721005, 55.852206], [37.719405, 55.851423], [37.720105, 55.850573], [37.719379, 55.850044], [37.71802, 55.84935], [37.717128, 55.849057], [37.714075, 55.846915], [37.712503, 55.847527], [37.712388, 55.847433], [37.71216, 55.847355], [37.711899, 55.847355], [37.709781, 55.847543], [37.705518, 55.847861], [37.703587, 55.848773], [37.696823, 55.848161], [37.694505, 55.84951], [37.693964, 55.851807], [37.6945, 55.853025], [37.694676, 55.853402], [37.692774, 55.855167], [37.69243, 55.85533], [37.692634, 55.85551], [37.692895, 55.855568], [37.693069, 55.855699], [37.693133, 55.855797], [37.692521, 55.856133], [37.691631, 55.85603], [37.690747, 55.856177], [37.690598, 55.856084], [37.690243, 55.855896], [37.68941, 55.855957], [37.688705, 55.856122], [37.687981, 55.855516], [37.686863, 55.85452], [37.686875, 55.854517], [37.688328, 55.853926], [37.692392, 55.852953], [37.68997, 55.851223], [37.692226, 55.850307], [37.69114, 55.848543], [37.69032, 55.848005], [37.689067, 55.847289], [37.68889, 55.8472], [37.688824, 55.847167], [37.686619, 55.845963], [37.686562, 55.845934], [37.685844, 55.845542], [37.685362, 55.84529], [37.681389, 55.843212], [37.680258, 55.842475], [37.67844, 55.841823], [37.678529, 55.841439], [37.678533, 55.84104], [37.678457, 55.84069], [37.678293, 55.840343], [37.678009, 55.83994], [37.677738, 55.839676], [37.677383, 55.83939], [37.676898, 55.839094], [37.676316, 55.838822], [37.675689, 55.838614], [37.674964, 55.83845], [37.674206, 55.838347], [37.673502, 55.838318], [37.672849, 55.838336], [37.672088, 55.838407], [37.670721, 55.838635], [37.67021, 55.83874], [37.669517, 55.838951], [37.668181, 55.839427], [37.663872, 55.840671], [37.663466, 55.840795]]]}}, {"type": "Feature", "properties": {"name": "Богородское", "name_en": "Bogorodskoye", "okrug": "ВАО", "source_name": "Богородское", "okato": "45263552", "oktmo": "45301000"}, "geometry": {"type": "Polygon", "coordinates": [[[37.67021, 55.83874], [37.671258, 55.838461], [37.673791, 55.837809], [37.677284, 55.83693], [37.683482, 55.835363], [37.687238, 55.834388], [37.689984, 55.833527], [37.692548, 55.832671], [37.694775, 55.831911], [37.701575, 55.829604], [37.708303, 55.82732], [37.711662, 55.826146], [37.712332, 55.825899], [37.715274, 55.824926], [37.721988, 55.822623], [37.725141, 55.821551], [37.727082, 55.820902], [37.730983, 55.819578], [37.733159, 55.818829], [37.734756, 55.818222], [37.736004, 55.817666], [37.736608, 55.817386], [37.737336, 55.817036], [37.738501, 55.816417], [37.739794, 55.815742], [37.74144, 55.814834], [37.741937, 55.814528], [37.742812, 55.81412], [37.745129, 55.811819], [37.745931, 55.81036], [37.746014, 55.809035], [37.744955, 55.808973], [37.739264, 55.808974], [37.738176, 55.808974], [37.736275, 55.809003], [37.735662, 55.809006], [37.735086, 55.809006], [37.733936, 55.809011], [37.733605, 55.809017], [37.73345, 55.80902], [37.732352, 55.808999], [37.732104, 55.808932], [37.731813, 55.808795], [37.731732, 55.808837], [37.731258, 55.809084], [37.731051, 55.809191], [37.730151, 55.80966], [37.730073, 55.8097], [37.72992, 55.80978], [37.72985, 55.809817], [37.72974, 55.809752], [37.729239, 55.809456], [37.728515, 55.809027], [37.727545, 55.808473], [37.727468, 55.808429], [37.726672, 55.807957], [37.726606, 55.807916], [37.726263, 55.807714], [37.726101, 55.807619], [37.725004, 55.806976], [37.72481, 55.806852], [37.724716, 55.806794], [37.724465, 55.806666], [37.724209, 55.806571], [37.723997, 55.806496], [37.723028, 55.806312], [37.722669, 55.806248], [37.722564, 55.806229], [37.722165, 55.806161], [37.721499, 55.806038], [37.720917, 55.805936], [37.718494, 55.805512], [37.718018, 55.805429], [37.717929, 55.805413], [37.717813, 55.805391], [37.717539, 55.80534], [37.714427, 55.804847], [37.712958, 55.804581], [37.712302, 55.804458], [37.712125, 55.804426], [37.711954, 55.804384], [37.711653, 55.80431], [37.711387, 55.804214], [37.709044, 55.803047], [37.708751, 55.802894], [37.70825, 55.803211], [37.707945, 55.803416], [37.707791, 55.803534], [37.707676, 55.803656], [37.707071, 55.803493], [37.706832, 55.803428], [37.706627, 55.803373], [37.706139, 55.803241], [37.705885, 55.803172], [37.705191, 55.802985], [37.704567, 55.802816], [37.704458, 55.802787], [37.703906, 55.802638], [37.703591, 55.802553], [37.702372, 55.802224], [37.699864, 55.801502], [37.699505, 55.801414], [37.699153, 55.801375], [37.698985, 55.801362], [37.698803, 55.801343], [37.698828, 55.801459], [37.699195, 55.802214], [37.699231, 55.802355], [37.699319, 55.802491], [37.699465, 55.802748], [37.699677, 55.802971], [37.699846, 55.803206], [37.700012, 55.803464], [37.700198, 55.80365], [37.700347, 55.803851], [37.700498, 55.804031], [37.700706, 55.804237], [37.700828, 55.804484], [37.701085, 55.80471], [37.701316, 55.804984], [37.701589, 55.805297], [37.701742, 55.805476], [37.701857, 55.805874], [37.701911, 55.806524], [37.701806, 55.80702], [37.701651, 55.807356], [37.701386, 55.80765], [37.701058, 55.807884], [37.700685, 55.808051], [37.700333, 55.808475], [37.700265, 55.809735], [37.700047, 55.809936], [37.699754, 55.810067], [37.699382, 55.81009], [37.698828, 55.810123], [37.698326, 55.810347], [37.697877, 55.810629], [37.69724, 55.810789], [37.696558, 55.810791], [37.69589, 55.810722], [37.695495, 55.810748], [37.695036, 55.81086], [37.694823, 55.810998], [37.694908, 55.811334], [37.695185, 55.811583], [37.695422, 55.811776], [37.695431, 55.811951], [37.695287, 55.812115], [37.69498, 55.812255], [37.694636, 55.812305], [37.693776, 55.812334], [37.691999, 55.813202], [37.68824, 55.816544], [37.68745, 55.817089], [37.686259, 55.816774], [37.685438, 55.816857], [37.684341, 55.817151], [37.682513, 55.817888], [37.681885, 55.81802], [37.681357, 55.81813], [37.680278, 55.818098], [37.679412, 55.818254], [37.678939, 55.818469], [37.678798, 55.818714], [37.678426, 55.818902], [37.677463, 55.819055], [37.677112, 55.819322], [37.676631, 55.819444], [37.674962, 55.820541], [37.674859, 55.821004], [37.674329, 55.821348], [37.673649, 55.821646], [37.672651, 55.822445], [37.671917, 55.823517], [37.670885, 55.824351], [37.670463, 55.824424], [37.670606, 55.824838], [37.670643, 55.824917], [37.67095, 55.825686], [37.671282, 55.826604], [37.671462, 55.827231], [37.671495, 55.827552], [37.671525, 55.828204], [37.671543, 55.82902], [37.671501, 55.829474], [37.671274, 55.830887], [37.671027, 55.832565], [37.670887, 55.833602], [37.670767, 55.834508], [37.670627, 55.83565], [37.670521, 55.836549], [37.670381, 55.837676], [37.67021, 55.83874]]]}}, {"type": "Feature", "properties": {"name": "Вешняки", "name_en": "Veshnyaki", "okrug": "ВАО", "source_name": "Вешняки", "okato": "45263555", "oktmo": "45302000"}, "geometry": {"type": "Polygon", "coordinates": [[[37.767299, 55.734269], [37.769698, 55.734754], [37.773589, 55.735506], [37.776448, 55.736001], [37.778185, 55.736319], [37.77857, 55.73639], [37.781885, 55.737003], [37.793093, 55.739377], [37.794728, 55.739686], [37.79732, 55.740141], [37.798057, 55.740258], [37.809067, 55.742417], [37.813562, 55.743318], [37.816554, 55.743946], [37.820735, 55.744763], [37.823575, 55.745277], [37.828083, 55.746158], [37.842684, 55.749073], [37.842543, 55.747176], [37.842008, 55.747224], [37.84181, 55.743031], [37.841648, 55.740493], [37.840635, 55.731956], [37.840416, 55.730487], [37.840228, 55.729006], [37.839918, 55.72646], [37.839554, 55.722985], [37.838963, 55.718685], [37.838763, 55.716627], [37.838613, 55.71552], [37.838359, 55.714483], [37.838191, 55.714009], [37.837772, 55.713115], [37.836529, 55.710676], [37.836199, 55.710079], [37.836024, 55.709776], [37.833901, 55.710475], [37.827312, 55.712683], [37.82388, 55.713846], [37.820728, 55.714895], [37.816772, 55.716226], [37.813581, 55.717316], [37.812093, 55.717821], [37.808573, 55.718999], [37.804808, 55.720267], [37.800811, 55.721539], [37.799118, 55.722106], [37.796771, 55.722893], [37.793719, 55.723979], [37.792307, 55.724462], [37.789796, 55.725293], [37.779063, 55.728889], [37.777143, 55.729506], [37.775897, 55.729939], [37.774888, 55.730387], [37.774173, 55.730744], [37.773852, 55.730906], [37.769965, 55.732905], [37.769267, 55.733254], [37.767519, 55.734154], [37.767299, 55.734269]]]}}, {"type": "Feature", "properties": {"name": "Восточный", "name_en": "Vostochny", "okrug": "ВАО", "source_name": "Восточный", "okato": "45263561", "oktmo": "45304000"}, "geometry": {"type": "MultiPolygon", "coordinates": [[[[37.845327, 55.813562], [37.852883, 55.816721], [37.857321, 55.817911], [37.857266, 55.81834], [37.85811, 55.818789], [37.857548, 55.819572], [37.859173, 55.819979], [37.85944, 55.819482], [37.85999, 55.819392], [37.862319, 55.819938], [37.862261, 55.820018], [37.866172, 55.820852], [37.866215, 55.820931], [37.868716, 55.821499], [37.868518, 55.821864], [37.869121, 55.821975], [37.869128, 55.821956], [37.872252, 55.822498], [37.873798, 55.820004], [37.876441, 55.820471], [37.878339, 55.820653], [37.878945, 55.819897], [37.879722, 55.819573], [37.880538, 55.819513], [37.882114, 55.819834], [37.883968, 55.820339], [37.884278, 55.819961], [37.885118, 55.820599], [37.887934, 55.820711], [37.888742, 55.819696], [37.892373, 55.819178], [37.892354, 55.819079], [37.897243, 55.818232], [37.898949, 55.817438], [37.899785, 55.816136], [37.899935, 55.815141], [37.899463, 55.814583], [37.897965, 55.813789], [37.897237, 55.813657], [37.896656, 55.81365], [37.896024, 55.813732], [37.895435, 55.81376], [37.89438, 55.813932], [37.893057, 55.814226], [37.892054, 55.814827], [37.891423, 55.815044], [37.889296, 55.815176], [37.888886, 55.815479], [37.888152, 55.815675], [37.887903, 55.815942], [37.886874, 55.816532], [37.88614, 55.816166], [37.885321, 55.816662], [37.884129, 55.816661], [37.882119, 55.815471], [37.88164, 55.815015], [37.880832, 55.814581], [37.880842, 55.814319], [37.879825, 55.814205], [37.879484, 55.813472], [37.879642, 55.813267], [37.878975, 55.812425], [37.878148, 55.811429], [37.877357, 55.811467], [37.874128, 55.810694], [37.873582, 55.808696], [37.870081, 55.807761], [37.871199, 55.806329], [37.866587, 55.804211], [37.865743, 55.804208], [37.863265, 55.807421], [37.862823, 55.807312], [37.861697, 55.80869], [37.860272, 55.808576], [37.860034, 55.808427], [37.860687, 55.807541], [37.856369, 55.806041], [37.856119, 55.806649], [37.856011, 55.806588], [37.852185, 55.80896], [37.8513, 55.808834], [37.850692, 55.80855], [37.850469, 55.808672], [37.850237, 55.808557], [37.848872, 55.809423], [37.849809, 55.810466], [37.845327, 55.813562]]], [[[37.791304, 56.007147], [37.791591, 56.007453], [37.793224, 56.00807], [37.793014, 56.008233], [37.795332, 56.008999], [37.794934, 56.00929], [37.797984, 56.009532], [37.798532, 56.009668], [37.79889, 56.009607], [37.798958, 56.00959], [37.798127, 56.007685], [37.798665, 56.006803], [37.799507, 56.00611], [37.797427, 56.00538], [37.796862, 56.004633], [37.793691, 56.005358], [37.793098, 56.005527], [37.791304, 56.007147]]], [[[37.788725, 56.001389], [37.791381, 56.00227], [37.790977, 56.002655], [37.790339, 56.002512], [37.790014, 56.00285], [37.791075, 56.003224], [37.792137, 56.003597], [37.792908, 56.00387], [37.793035, 56.003788], [37.793532, 56.003767], [37.794156, 56.003185], [37.797732, 55.99985], [37.795328, 55.999025], [37.79302, 56.001142], [37.792487, 56.00095], [37.790183, 56.000124], [37.788725, 56.001389]]], [[[37.867472, 55.823703], [37.868511, 55.823919], [37.87046, 55.824271], [37.871728, 55.82465], [37.872441, 55.824852], [37.873601, 55.825184], [37.874402, 55.825244], [37.874879, 55.825267], [37.875665, 55.825342], [37.876002, 55.824903], [37.873097, 55.823794], [37.868942, 55.82287], [37.869207, 55.822363], [37.868322, 55.822211], [37.867472, 55.823703]]]]}}, {"type": "Feature", "properties": {"name": "Гольяново", "name_en": "Golyanovo", "okrug": "ВАО", "source_name": "Гольяново", "okato": "45263564", "oktmo": "45305000"}, "geometry": {"type": "Polygon", "coordinates": [[[37.746014, 55.809035], [37.746533, 55.810087], [37.746767, 55.810311], [37.747082, 55.810528], [37.747392, 55.810678], [37.749782, 55.811473], [37.751662, 55.812097], [37.754275, 55.812911], [37.759451, 55.814977], [37.761752, 55.815909], [37.764166, 55.817196], [37.767062, 55.818281], [37.767805, 55.818493], [37.768364, 55.818652], [37.769495, 55.818909], [37.770104, 55.819048], [37.771541, 55.819149], [37.773936, 55.819593], [37.776296, 55.820095], [37.784889, 55.821919], [37.784689, 55.824392], [37.781424, 55.824762], [37.781253, 55.825856], [37.780848, 55.828895], [37.780329, 55.832652], [37.780055, 55.834533], [37.779462, 55.838935], [37.778869, 55.843338], [37.778356, 55.848344], [37.777752, 55.855067], [37.777406, 55.856442], [37.782611, 55.853773], [37.785298, 55.852404], [37.787898, 55.851078], [37.789546, 55.850239], [37.79541, 55.847192], [37.802231, 55.84367], [37.807961, 55.84074], [37.813896, 55.837664], [37.818585, 55.835295], [37.823348, 55.832771], [37.827385, 55.830599], [37.829744, 55.830558], [37.830139, 55.830303], [37.83005, 55.829722], [37.830081, 55.829153], [37.832338, 55.827567], [37.83439, 55.825961], [37.83605, 55.824223], [37.83737, 55.82249], [37.838094, 55.820972], [37.83839, 55.819927], [37.838591, 55.819321], [37.838707, 55.819106], [37.839174, 55.816262], [37.839809, 55.81587], [37.841991, 55.815182], [37.842727, 55.815118], [37.843302, 55.815207], [37.843431, 55.815086], [37.843552, 55.814972], [37.842827, 55.814697], [37.84208, 55.814489], [37.841461, 55.814321], [37.84078, 55.814197], [37.839672, 55.814043], [37.838015, 55.813806], [37.836222, 55.813569], [37.834831, 55.813402], [37.833827, 55.813322], [37.832634, 55.81325], [37.831941, 55.813181], [37.828817, 55.812854], [37.820994, 55.811835], [37.816804, 55.811275], [37.81176, 55.810646], [37.810585, 55.810562], [37.809877, 55.81053], [37.804751, 55.810393], [37.800102, 55.810252], [37.797468, 55.810187], [37.787159, 55.809899], [37.784204, 55.809823], [37.782764, 55.809786], [37.781991, 55.809736], [37.780568, 55.809615], [37.780144, 55.809554], [37.779052, 55.809391], [37.778503, 55.809298], [37.776385, 55.808773], [37.775259, 55.808449], [37.77299, 55.8078], [37.76371, 55.805346], [37.759309, 55.804183], [37.757268, 55.803648], [37.754996, 55.803057], [37.753946, 55.802804], [37.753227, 55.802636], [37.752227, 55.80242], [37.750848, 55.80217], [37.747306, 55.801518], [37.7462, 55.801335], [37.746189, 55.802465], [37.746056, 55.804958], [37.746063, 55.805186], [37.746014, 55.809035]]]}}, {"type": "Feature", "properties": {"name": "Ивановское", "name_en": "Ivanovskoye", "okrug": "ВАО", "source_name": "Ивановское", "okato": "45263567", "oktmo": "45306000"}, "geometry": {"type": "Polygon", "coordinates": [[[37.799809, 55.76232], [37.799814, 55.762431], [37.799992, 55.762907], [37.800218, 55.763468], [37.800357, 55.763784], [37.800421, 55.763911], [37.800458, 55.763983], [37.800961, 55.765072], [37.801438, 55.766153], [37.801489, 55.766356], [37.801412, 55.766876], [37.80128, 55.767772], [37.801239, 55.767891], [37.801187, 55.76793], [37.80132, 55.767954], [37.801321, 55.768007], [37.801254, 55.769227], [37.801091, 55.772287], [37.801049, 55.772997], [37.800993, 55.774028], [37.800938, 55.77497], [37.800925, 55.775196], [37.800779, 55.777733], [37.800669, 55.779626], [37.800644, 55.780059], [37.800609, 55.780512], [37.80044, 55.782672], [37.800206, 55.785501], [37.799983, 55.787953], [37.799943, 55.788127], [37.799909, 55.788272], [37.802081, 55.788391], [37.803218, 55.788388], [37.804481, 55.788385], [37.805958, 55.788381], [37.805995, 55.788381], [37.806156, 55.788381], [37.807895, 55.788397], [37.808383, 55.788449], [37.808574, 55.788457], [37.809285, 55.788445], [37.810327, 55.788529], [37.810875, 55.788575], [37.8112, 55.788548], [37.811534, 55.788487], [37.812, 55.78848], [37.81242, 55.78857], [37.812481, 55.788574], [37.813614, 55.788591], [37.814584, 55.788601], [37.814763, 55.788593], [37.815285, 55.788744], [37.815665, 55.78875], [37.816958, 55.788725], [37.81769, 55.788685], [37.818202, 55.788687], [37.818646, 55.788678], [37.818758, 55.788647], [37.818765, 55.788709], [37.818829, 55.78877], [37.819164, 55.788793], [37.819402, 55.788792], [37.823018, 55.78878], [37.823559, 55.788851], [37.823865, 55.789079], [37.823768, 55.789983], [37.823744, 55.790204], [37.829966, 55.789325], [37.831506, 55.788667], [37.834125, 55.787622], [37.838478, 55.788378], [37.842025, 55.788963], [37.842227, 55.787168], [37.842679, 55.783223], [37.843138, 55.77924], [37.844622, 55.778501], [37.845557, 55.778208], [37.845861, 55.778185], [37.846052, 55.778171], [37.846382, 55.778199], [37.848425, 55.778652], [37.850004, 55.778929], [37.850473, 55.778904], [37.850679, 55.778563], [37.850409, 55.778479], [37.849883, 55.778297], [37.849319, 55.778098], [37.848935, 55.777967], [37.848652, 55.777866], [37.847179, 55.777392], [37.84669, 55.777254], [37.845757, 55.777006], [37.845396, 55.776459], [37.845037, 55.775979], [37.843809, 55.775315], [37.843513, 55.775058], [37.843401, 55.774735], [37.843459, 55.773962], [37.843565, 55.773852], [37.843506, 55.773668], [37.843572, 55.77284], [37.843625, 55.772557], [37.844453, 55.771137], [37.844527, 55.771131], [37.844591, 55.771021], [37.844519, 55.771002], [37.845137, 55.770037], [37.845591, 55.769254], [37.845934, 55.768614], [37.845698, 55.768071], [37.845188, 55.767969], [37.844422, 55.767597], [37.843829, 55.767279], [37.843611, 55.767108], [37.843498, 55.766907], [37.843439, 55.766081], [37.843398, 55.765174], [37.843339, 55.764046], [37.843259, 55.762403], [37.843411, 55.762361], [37.843412, 55.762201], [37.843234, 55.762195], [37.843201, 55.761846], [37.843139, 55.760697], [37.84316, 55.76046], [37.843112, 55.759691], [37.843067, 55.758935], [37.843045, 55.758732], [37.842939, 55.756818], [37.842902, 55.755573], [37.842897, 55.755209], [37.842894, 55.755057], [37.842806, 55.755024], [37.842793, 55.754737], [37.842782, 55.754507], [37.842777, 55.754359], [37.84275, 55.753791], [37.842709, 55.753791], [37.842655, 55.753142], [37.842725, 55.752824], [37.842698, 55.751589], [37.842738, 55.750805], [37.842714, 55.749445], [37.842684, 55.749073], [37.828083, 55.746158], [37.827627, 55.746951], [37.828124, 55.747405], [37.828212, 55.747484], [37.828272, 55.747539], [37.828347, 55.747608], [37.828872, 55.748088], [37.828893, 55.748107], [37.829236, 55.748396], [37.82938, 55.748512], [37.829486, 55.748588], [37.829577, 55.748647], [37.829673, 55.748699], [37.830305, 55.748975], [37.830694, 55.749147], [37.83076, 55.749202], [37.830799, 55.749251], [37.830822, 55.7493], [37.830824, 55.749352], [37.830713, 55.749474], [37.83025, 55.74963], [37.829151, 55.749785], [37.826751, 55.750137], [37.824604, 55.750463], [37.823887, 55.750566], [37.823769, 55.750657], [37.82387, 55.750846], [37.824249, 55.751662], [37.824398, 55.751964], [37.824492, 55.752154], [37.82471, 55.752593], [37.825113, 55.753408], [37.825146, 55.753473], [37.825188, 55.75357], [37.825522, 55.754336], [37.825621, 55.754562], [37.825977, 55.755377], [37.826394, 55.756334], [37.826531, 55.756647], [37.826805, 55.757273], [37.826928, 55.757556], [37.826962, 55.757635], [37.825766, 55.757802], [37.824729, 55.757947], [37.822473, 55.758266], [37.821168, 55.75845], [37.820367, 55.758597], [37.820038, 55.758644], [37.819849, 55.758671], [37.817788, 55.75897], [37.814337, 55.759466], [37.811557, 55.759854], [37.811269, 55.759893], [37.808815, 55.760222], [37.808701, 55.76024], [37.806551, 55.760563], [37.806205, 55.760614], [37.804237, 55.760909], [37.804115, 55.760927], [37.803953, 55.760954], [37.803236, 55.761074], [37.803013, 55.761098], [37.802818, 55.761114], [37.802588, 55.761122], [37.802367, 55.761122], [37.802105, 55.761113], [37.801892, 55.761098], [37.801705, 55.761081], [37.80064, 55.76089], [37.799924, 55.76209], [37.799846, 55.762219], [37.799809, 55.76232]]]}}, {"type": "Feature", "properties": {"name": "Измайлово", "name_en": "Izmaylovo", "okrug": "ВАО", "source_name": "Измайлово", "okato": "45263570", "oktmo": "45307000"}, "geometry": {"type": "Polygon", "coordinates": [[[37.743004, 55.787798], [37.743009, 55.788158], [37.743023, 55.788524], [37.743069, 55.788895], [37.74311, 55.789179], [37.743204, 55.78952], [37.743323, 55.789917], [37.74424, 55.792653], [37.744433, 55.79323], [37.744519, 55.793486], [37.74548, 55.796168], [37.745605, 55.796515], [37.745918, 55.79739], [37.746223, 55.798508], [37.746274, 55.798948], [37.746271, 55.800431], [37.746231, 55.801104], [37.7462, 55.801335], [37.747306, 55.801518], [37.750848, 55.80217], [37.751128, 55.802138], [37.751491, 55.802204], [37.751814, 55.802225], [37.75222, 55.802238], [37.753185, 55.802248], [37.754528, 55.802262], [37.75552, 55.802272], [37.756345, 55.802281], [37.757091, 55.802288], [37.75733, 55.802291], [37.763186, 55.802356], [37.765077, 55.802384], [37.766679, 55.802394], [37.767791, 55.802399], [37.767869, 55.8024], [37.768651, 55.80243], [37.769139, 55.80248], [37.774643, 55.802548], [37.78026, 55.802636], [37.786029, 55.802652], [37.798769, 55.802783], [37.804921, 55.802864], [37.805125, 55.802867], [37.805123, 55.802698], [37.805228, 55.801674], [37.805306, 55.800503], [37.80531, 55.800436], [37.805385, 55.799312], [37.805399, 55.798884], [37.805436, 55.797726], [37.805458, 55.797052], [37.805476, 55.796611], [37.805479, 55.796521], [37.805504, 55.795938], [37.805529, 55.795335], [37.805537, 55.795125], [37.805544, 55.79497], [37.805566, 55.794524], [37.805582, 55.794209], [37.805607, 55.793424], [37.805611, 55.79331], [37.805412, 55.793305], [37.805169, 55.793306], [37.805041, 55.793305], [37.803454, 55.793288], [37.802898, 55.793282], [37.802703, 55.793282], [37.802455, 55.793278], [37.802202, 55.793275], [37.801422, 55.793265], [37.801056, 55.79326], [37.800133, 55.793247], [37.799687, 55.793242], [37.799474, 55.793239], [37.799557, 55.791144], [37.799561, 55.791043], [37.799561, 55.790935], [37.799564, 55.789903], [37.7996, 55.789684], [37.799891, 55.788725], [37.799895, 55.788611], [37.799909, 55.788272], [37.799943, 55.788127], [37.799983, 55.787953], [37.800206, 55.785501], [37.80044, 55.782672], [37.800609, 55.780512], [37.800644, 55.780059], [37.800669, 55.779626], [37.800779, 55.777733], [37.800925, 55.775196], [37.800938, 55.77497], [37.800993, 55.774028], [37.801049, 55.772997], [37.801091, 55.772287], [37.801254, 55.769227], [37.801321, 55.768007], [37.80132, 55.767954], [37.801187, 55.76793], [37.794367, 55.766601], [37.791883, 55.766107], [37.791755, 55.766343], [37.778673, 55.766106], [37.777382, 55.765876], [37.775396, 55.765276], [37.771932, 55.76419], [37.770424, 55.763619], [37.769169, 55.763196], [37.768937, 55.76397], [37.768784, 55.763925], [37.764049, 55.762182], [37.760036, 55.761397], [37.757717, 55.760959], [37.7564, 55.760667], [37.754484, 55.760306], [37.753698, 55.759611], [37.753556, 55.759803], [37.750931, 55.764523], [37.748566, 55.765935], [37.748178, 55.768988], [37.748114, 55.769494], [37.748039, 55.770047], [37.74541, 55.770062], [37.745032, 55.771574], [37.744201, 55.775663], [37.743764, 55.778481], [37.743675, 55.77926], [37.743622, 55.779891], [37.743614, 55.780108], [37.743527, 55.78123], [37.743393, 55.782744], [37.74336, 55.783343], [37.743229, 55.784711], [37.743072, 55.786869], [37.743063, 55.787039], [37.74306, 55.787098], [37.743004, 55.787798]]]}}, {"type": "Feature", "properties": {"name": "Восточное Измайлово", "name_en": "Vostochnoye Izmaylovo", "okrug": "ВАО", "source_name": "Восточное Измайлово", "okato": "45263558", "oktmo": "45303000"}, "geometry": {"type": "Polygon", "coordinates": [[[37.799474, 55.793239], [37.799687, 55.793242], [37.800133, 55.793247], [37.801056, 55.79326], [37.801422, 55.793265], [37.802202, 55.793275], [37.802455, 55.793278], [37.802703, 55.793282], [37.802898, 55.793282], [37.803454, 55.793288], [37.805041, 55.793305], [37.805169, 55.793306], [37.805412, 55.793305], [37.805611, 55.79331], [37.805607, 55.793424], [37.805582, 55.794209], [37.805566, 55.794524], [37.805544, 55.79497], [37.805537, 55.795125], [37.805529, 55.795335], [37.805504, 55.795938], [37.805479, 55.796521], [37.805476, 55.796611], [37.805458, 55.797052], [37.805436, 55.797726], [37.805399, 55.798884], [37.805385, 55.799312], [37.80531, 55.800436], [37.805306, 55.800503], [37.805228, 55.801674], [37.805123, 55.802698], [37.805125, 55.802867], [37.81196, 55.80296], [37.818858, 55.803055], [37.823127, 55.803189], [37.825435, 55.803219], [37.826622, 55.803234], [37.827002, 55.803238], [37.829184, 55.803267], [37.829518, 55.803281], [37.830631, 55.803327], [37.830975, 55.803334], [37.832107, 55.803336], [37.832188, 55.803345], [37.832248, 55.803367], [37.832333, 55.803414], [37.832402, 55.803444], [37.83249, 55.803462], [37.832617, 55.803473], [37.8355, 55.80355], [37.840412, 55.803686], [37.840514, 55.802471], [37.840902, 55.798865], [37.841318, 55.795145], [37.841779, 55.791156], [37.842025, 55.788963], [37.838478, 55.788378], [37.834125, 55.787622], [37.831506, 55.788667], [37.829966, 55.789325], [37.823744, 55.790204], [37.823768, 55.789983], [37.823865, 55.789079], [37.823559, 55.788851], [37.823018, 55.78878], [37.819402, 55.788792], [37.819164, 55.788793], [37.818829, 55.78877], [37.818765, 55.788709], [37.818758, 55.788647], [37.818646, 55.788678], [37.818202, 55.788687], [37.81769, 55.788685], [37.816958, 55.788725], [37.815665, 55.78875], [37.815285, 55.788744], [37.814763, 55.788593], [37.814584, 55.788601], [37.813614, 55.788591], [37.812481, 55.788574], [37.81242, 55.78857], [37.812, 55.78848], [37.811534, 55.788487], [37.8112, 55.788548], [37.810875, 55.788575], [37.810327, 55.788529], [37.809285, 55.788445], [37.808574, 55.788457], [37.808383, 55.788449], [37.807895, 55.788397], [37.806156, 55.788381], [37.805995, 55.788381], [37.805958, 55.788381], [37.804481, 55.788385], [37.803218, 55.788388], [37.802081, 55.788391], [37.799909, 55.788272], [37.799895, 55.788611], [37.799891, 55.788725], [37.7996, 55.789684], [37.799564, 55.789903], [37.799561, 55.790935], [37.799561, 55.791043], [37.799557, 55.791144], [37.799474, 55.793239]]]}}, {"type": "Feature", "properties": {"name": "Северное Измайлово", "name_en": "Severnoye Izmaylovo", "okrug": "ВАО", "source_name": "Северное Измайлово", "okato": "45263585", "oktmo": "45313000"}, "geometry": {"type": "Polygon", "coordinates": [[[37.750848, 55.80217], [37.752227, 55.80242], [37.753227, 55.802636], [37.753946, 55.802804], [37.754996, 55.803057], [37.757268, 55.803648], [37.759309, 55.804183], [37.76371, 55.805346], [37.77299, 55.8078], [37.775259, 55.808449], [37.776385, 55.808773], [37.778503, 55.809298], [37.779052, 55.809391], [37.780144, 55.809554], [37.780568, 55.809615], [37.781991, 55.809736], [37.782764, 55.809786], [37.784204, 55.809823], [37.787159, 55.809899], [37.797468, 55.810187], [37.800102, 55.810252], [37.804751, 55.810393], [37.809877, 55.81053], [37.810585, 55.810562], [37.81176, 55.810646], [37.816804, 55.811275], [37.820994, 55.811835], [37.828817, 55.812854], [37.831941, 55.813181], [37.832634, 55.81325], [37.833827, 55.813322], [37.834831, 55.813402], [37.836222, 55.813569], [37.838015, 55.813806], [37.839672, 55.814043], [37.84078, 55.814197], [37.841461, 55.814321], [37.84208, 55.814489], [37.842827, 55.814697], [37.843552, 55.814972], [37.843623, 55.814904], [37.843762, 55.814774], [37.843044, 55.814365], [37.841449, 55.812895], [37.840632, 55.812452], [37.840046, 55.812078], [37.839791, 55.811739], [37.839762, 55.811625], [37.839952, 55.80903], [37.840207, 55.806135], [37.840412, 55.803686], [37.8355, 55.80355], [37.832617, 55.803473], [37.83249, 55.803462], [37.832402, 55.803444], [37.832333, 55.803414], [37.832248, 55.803367], [37.832188, 55.803345], [37.832107, 55.803336], [37.830975, 55.803334], [37.830631, 55.803327], [37.829518, 55.803281], [37.829184, 55.803267], [37.827002, 55.803238], [37.826622, 55.803234], [37.825435, 55.803219], [37.823127, 55.803189], [37.818858, 55.803055], [37.81196, 55.80296], [37.805125, 55.802867], [37.804921, 55.802864], [37.798769, 55.802783], [37.786029, 55.802652], [37.78026, 55.802636], [37.774643, 55.802548], [37.769139, 55.80248], [37.768651, 55.80243], [37.767869, 55.8024], [37.767791, 55.802399], [37.766679, 55.802394], [37.765077, 55.802384], [37.763186, 55.802356], [37.75733, 55.802291], [37.757091, 55.802288], [37.756345, 55.802281], [37.75552, 55.802272], [37.754528, 55.802262], [37.753185, 55.802248], [37.75222, 55.802238], [37.751814, 55.802225], [37.751491, 55.802204], [37.751128, 55.802138], [37.750848, 55.80217]]]}}, {"type": "Feature", "properties": {"name": "Косино-Ухтомский", "name_en": "Kosino-Ukhtomsky", "okrug": "ВАО", "source_name": "Косино-Ухтомский", "okato": "45263573", "oktmo": "45308000"}, "geometry": {"type": "Polygon", "coordinates": [[[37.836024, 55.709776], [37.836199, 55.710079], [37.836529, 55.710676], [37.837772, 55.713115], [37.838191, 55.714009], [37.838359, 55.714483], [37.838613, 55.71552], [37.838763, 55.716627], [37.838963, 55.718685], [37.839554, 55.722985], [37.839918, 55.72646], [37.840228, 55.729006], [37.840416, 55.730487], [37.84119, 55.730731], [37.841947, 55.730882], [37.843421, 55.731032], [37.844254, 55.731068], [37.845584, 55.731103], [37.846948, 55.731178], [37.847666, 55.731183], [37.849886, 55.7311], [37.854055, 55.730856], [37.854613, 55.730823], [37.854896, 55.730811], [37.861303, 55.730523], [37.862187, 55.73256], [37.869536, 55.732386], [37.871234, 55.730839], [37.87157, 55.730848], [37.873412, 55.729648], [37.872167, 55.727705], [37.870271, 55.726586], [37.87245, 55.723377], [37.876109, 55.723435], [37.876996, 55.721617], [37.876396, 55.720437], [37.881005, 55.719099], [37.882486, 55.719003], [37.883426, 55.719159], [37.886123, 55.719594], [37.88692, 55.720261], [37.887129, 55.721653], [37.886081, 55.72237], [37.884156, 55.723396], [37.885478, 55.724192], [37.887444, 55.723769], [37.888903, 55.723787], [37.889851, 55.723701], [37.890633, 55.722309], [37.892308, 55.723187], [37.898367, 55.723569], [37.899318, 55.723619], [37.89933, 55.724027], [37.900185, 55.724343], [37.901823, 55.724419], [37.902421, 55.725251], [37.903526, 55.725334], [37.905051, 55.7251], [37.905048, 55.72497], [37.905441, 55.724945], [37.906356, 55.724791], [37.907788, 55.724803], [37.911834, 55.725744], [37.913806, 55.726581], [37.915048, 55.726984], [37.915467, 55.727468], [37.916175, 55.72771], [37.916396, 55.72816], [37.916928, 55.728357], [37.917383, 55.72945], [37.917969, 55.730523], [37.918039, 55.730622], [37.918665, 55.730704], [37.919327, 55.730705], [37.919978, 55.730802], [37.920605, 55.730878], [37.921162, 55.730858], [37.92212, 55.731013], [37.922866, 55.731231], [37.923585, 55.731226], [37.924045, 55.731051], [37.924144, 55.731002], [37.924241, 55.730891], [37.924394, 55.730846], [37.92448, 55.730827], [37.924794, 55.730765], [37.9252, 55.73051], [37.925552, 55.730518], [37.925616, 55.73047], [37.92653, 55.730542], [37.92748, 55.730227], [37.928022, 55.730003], [37.928353, 55.729541], [37.928401, 55.729427], [37.928523, 55.729354], [37.928859, 55.729323], [37.929964, 55.729453], [37.930242, 55.729807], [37.930414, 55.729858], [37.930874, 55.729755], [37.931379, 55.729374], [37.931945, 55.729156], [37.932952, 55.72869], [37.93429, 55.727876], [37.93496, 55.727639], [37.935596, 55.727386], [37.936336, 55.727131], [37.937609, 55.726887], [37.937683, 55.726534], [37.938967, 55.725578], [37.939757, 55.725032], [37.94014, 55.724685], [37.940458, 55.724572], [37.94065, 55.724558], [37.94061, 55.724516], [37.940522, 55.724492], [37.940819, 55.724338], [37.941138, 55.723986], [37.941583, 55.723495], [37.94181, 55.72317], [37.942273, 55.722992], [37.942432, 55.72281], [37.942403, 55.722762], [37.942482, 55.722693], [37.942401, 55.722529], [37.942405, 55.722487], [37.942485, 55.722479], [37.942527, 55.722429], [37.942504, 55.722386], [37.942471, 55.722386], [37.94261, 55.722052], [37.942932, 55.721949], [37.94303, 55.721927], [37.943097, 55.721916], [37.943199, 55.721927], [37.943265, 55.721935], [37.943335, 55.721914], [37.943369, 55.721881], [37.943342, 55.721837], [37.943316, 55.721812], [37.943302, 55.721784], [37.943367, 55.721705], [37.943514, 55.721512], [37.943579, 55.72145], [37.943705, 55.72143], [37.943888, 55.721435], [37.943969, 55.721442], [37.944006, 55.721483], [37.944087, 55.721507], [37.944135, 55.721497], [37.944081, 55.721426], [37.944066, 55.721397], [37.944331, 55.721327], [37.944355, 55.721357], [37.944435, 55.721535], [37.944479, 55.721549], [37.944548, 55.721537], [37.944627, 55.721488], [37.945049, 55.721222], [37.94565, 55.720838], [37.945163, 55.720812], [37.942996, 55.719813], [37.941327, 55.718952], [37.940681, 55.718619], [37.938367, 55.717426], [37.937997, 55.717383], [37.936587, 55.716238], [37.930932, 55.716193], [37.92807, 55.716159], [37.926254, 55.71515], [37.926115, 55.712187], [37.925692, 55.711982], [37.924847, 55.711113], [37.924794, 55.711117], [37.923355, 55.709539], [37.92258, 55.708689], [37.921917, 55.707961], [37.920674, 55.707796], [37.919245, 55.707606], [37.907012, 55.706991], [37.906227, 55.706992], [37.905442, 55.706993], [37.901343, 55.706624], [37.897244, 55.706255], [37.89337, 55.705554], [37.892897, 55.705506], [37.886971, 55.705215], [37.885493, 55.70422], [37.884015, 55.703226], [37.883871, 55.703286], [37.883184, 55.702821], [37.882497, 55.702356], [37.882306, 55.702461], [37.881502, 55.701852], [37.880573, 55.70115], [37.88114, 55.700862], [37.881099, 55.700845], [37.879472, 55.700268], [37.877388, 55.698893], [37.875304, 55.697519], [37.872946, 55.696055], [37.871532, 55.695298], [37.868431, 55.696868], [37.865328, 55.698438], [37.864865, 55.698675], [37.862691, 55.699787], [37.860053, 55.701137], [37.859529, 55.700825], [37.858952, 55.701104], [37.858781, 55.700995], [37.858176, 55.701254], [37.853409, 55.70354], [37.853435, 55.703789], [37.85234, 55.704195], [37.849201, 55.705267], [37.845551, 55.706485], [37.843956, 55.707026], [37.842371, 55.707614], [37.841371, 55.707966], [37.837409, 55.709289], [37.836024, 55.709776]]]}}, {"type": "Feature", "properties": {"name": "Метрогородок", "name_en": "Metrogorodok", "okrug": "ВАО", "source_name": "Метрогородок", "okato": "45263581", "oktmo": "45311000"}, "geometry": {"type": "Polygon", "coordinates": [[[37.67021, 55.83874], [37.670721, 55.838635], [37.672088, 55.838407], [37.672849, 55.838336], [37.673502, 55.838318], [37.674206, 55.838347], [37.674964, 55.83845], [37.675689, 55.838614], [37.676316, 55.838822], [37.676898, 55.839094], [37.677383, 55.83939], [37.677738, 55.839676], [37.678009, 55.83994], [37.678293, 55.840343], [37.678457, 55.84069], [37.678533, 55.84104], [37.678529, 55.841439], [37.67844, 55.841823], [37.680258, 55.842475], [37.681389, 55.843212], [37.685362, 55.84529], [37.685844, 55.845542], [37.686562, 55.845934], [37.686619, 55.845963], [37.688824, 55.847167], [37.68889, 55.8472], [37.689067, 55.847289], [37.69032, 55.848005], [37.69114, 55.848543], [37.692226, 55.850307], [37.68997, 55.851223], [37.692392, 55.852953], [37.688328, 55.853926], [37.686875, 55.854517], [37.686863, 55.85452], [37.687981, 55.855516], [37.688705, 55.856122], [37.68941, 55.855957], [37.690243, 55.855896], [37.690598, 55.856084], [37.690747, 55.856177], [37.691631, 55.85603], [37.692521, 55.856133], [37.693133, 55.855797], [37.693069, 55.855699], [37.692895, 55.855568], [37.692634, 55.85551], [37.69243, 55.85533], [37.692774, 55.855167], [37.694676, 55.853402], [37.6945, 55.853025], [37.693964, 55.851807], [37.694505, 55.84951], [37.696823, 55.848161], [37.703587, 55.848773], [37.705518, 55.847861], [37.709781, 55.847543], [37.711899, 55.847355], [37.71216, 55.847355], [37.712388, 55.847433], [37.712503, 55.847527], [37.714075, 55.846915], [37.717128, 55.849057], [37.71802, 55.84935], [37.719379, 55.850044], [37.720105, 55.850573], [37.719405, 55.851423], [37.721005, 55.852206], [37.721639, 55.852924], [37.721456, 55.853364], [37.718246, 55.860008], [37.717921, 55.860634], [37.714939, 55.860674], [37.71047, 55.860735], [37.700564, 55.861122], [37.700773, 55.861456], [37.701998, 55.862175], [37.702658, 55.862558], [37.70504, 55.861001], [37.709322, 55.861008], [37.709116, 55.862564], [37.708864, 55.863198], [37.706669, 55.864143], [37.706614, 55.864286], [37.707212, 55.864758], [37.707836, 55.865265], [37.707924, 55.865337], [37.707699, 55.865519], [37.709035, 55.866252], [37.711143, 55.867432], [37.715232, 55.869802], [37.715813, 55.870154], [37.719053, 55.872246], [37.721736, 55.872983], [37.722445, 55.873632], [37.723624, 55.873406], [37.723629, 55.873202], [37.724256, 55.873008], [37.726092, 55.87364], [37.726555, 55.873799], [37.727082, 55.873855], [37.72734, 55.873922], [37.72755, 55.873924], [37.727927, 55.8739], [37.72806, 55.874004], [37.728324, 55.874215], [37.728542, 55.874259], [37.729479, 55.874387], [37.729833, 55.874665], [37.73182, 55.874945], [37.731081, 55.87596], [37.731196, 55.876767], [37.731479, 55.876879], [37.732658, 55.877665], [37.73426, 55.878642], [37.735505, 55.878], [37.744659, 55.873325], [37.768498, 55.860892], [37.777406, 55.856442], [37.777752, 55.855067], [37.778356, 55.848344], [37.778869, 55.843338], [37.779462, 55.838935], [37.780055, 55.834533], [37.780329, 55.832652], [37.780848, 55.828895], [37.781253, 55.825856], [37.781424, 55.824762], [37.784689, 55.824392], [37.784889, 55.821919], [37.776296, 55.820095], [37.773936, 55.819593], [37.771541, 55.819149], [37.770104, 55.819048], [37.769495, 55.818909], [37.768364, 55.818652], [37.767805, 55.818493], [37.767062, 55.818281], [37.764166, 55.817196], [37.761752, 55.815909], [37.759451, 55.814977], [37.754275, 55.812911], [37.751662, 55.812097], [37.749782, 55.811473], [37.747392, 55.810678], [37.747082, 55.810528], [37.746767, 55.810311], [37.746533, 55.810087], [37.746014, 55.809035], [37.745931, 55.81036], [37.745129, 55.811819], [37.742812, 55.81412], [37.741937, 55.814528], [37.74144, 55.814834], [37.739794, 55.815742], [37.738501, 55.816417], [37.737336, 55.817036], [37.736608, 55.817386], [37.736004, 55.817666], [37.734756, 55.818222], [37.733159, 55.818829], [37.730983, 55.819578], [37.727082, 55.820902], [37.725141, 55.821551], [37.721988, 55.822623], [37.715274, 55.824926], [37.712332, 55.825899], [37.711662, 55.826146], [37.708303, 55.82732], [37.701575, 55.829604], [37.694775, 55.831911], [37.692548, 55.832671], [37.689984, 55.833527], [37.687238, 55.834388], [37.683482, 55.835363], [37.677284, 55.83693], [37.673791, 55.837809], [37.671258, 55.838461], [37.67021, 55.83874]]]}}, {"type": "Feature", "properties": {"name": "Новогиреево", "name_en": "Novogireevo", "okrug": "ВАО", "source_name": "Новогиреево", "okato": "45263576", "oktmo": "45309000"}, "geometry": {"type": "Polygon", "coordinates": [[[37.773211, 55.736696], [37.773531, 55.737579], [37.774409, 55.738187], [37.774539, 55.73841], [37.77528, 55.738396], [37.775911, 55.738431], [37.776719, 55.73857], [37.776776, 55.738683], [37.777335, 55.739776], [37.777548, 55.740191], [37.777941, 55.740958], [37.778165, 55.741412], [37.778278, 55.741634], [37.778961, 55.742094], [37.779387, 55.742917], [37.780307, 55.742354], [37.780822, 55.742039], [37.781162, 55.741992], [37.783046, 55.742805], [37.783247, 55.743595], [37.782621, 55.743881], [37.783, 55.744618], [37.783022, 55.744661], [37.783275, 55.745325], [37.783937, 55.745303], [37.784025, 55.745717], [37.78404, 55.745788], [37.784898, 55.745734], [37.786783, 55.745615], [37.787713, 55.745555], [37.787918, 55.745541], [37.787815, 55.745715], [37.787054, 55.746992], [37.78704, 55.747016], [37.786382, 55.748176], [37.785994, 55.748862], [37.785066, 55.75033], [37.784722, 55.750876], [37.784688, 55.750929], [37.787473, 55.751438], [37.788569, 55.751639], [37.791157, 55.752109], [37.791507, 55.752189], [37.791654, 55.752239], [37.791837, 55.752276], [37.798232, 55.753457], [37.800646, 55.753869], [37.800958, 55.753893], [37.801589, 55.753876], [37.803303, 55.753648], [37.805636, 55.753314], [37.805655, 55.753361], [37.80568, 55.753448], [37.80675, 55.755995], [37.806784, 55.756068], [37.806809, 55.756124], [37.808701, 55.76024], [37.808815, 55.760222], [37.811269, 55.759893], [37.811557, 55.759854], [37.814337, 55.759466], [37.817788, 55.75897], [37.819849, 55.758671], [37.820038, 55.758644], [37.820367, 55.758597], [37.821168, 55.75845], [37.822473, 55.758266], [37.824729, 55.757947], [37.825766, 55.757802], [37.826962, 55.757635], [37.826928, 55.757556], [37.826805, 55.757273], [37.826531, 55.756647], [37.826394, 55.756334], [37.825977, 55.755377], [37.825621, 55.754562], [37.825522, 55.754336], [37.825188, 55.75357], [37.825146, 55.753473], [37.825113, 55.753408], [37.82471, 55.752593], [37.824492, 55.752154], [37.824398, 55.751964], [37.824249, 55.751662], [37.82387, 55.750846], [37.823769, 55.750657], [37.823887, 55.750566], [37.824604, 55.750463], [37.826751, 55.750137], [37.829151, 55.749785], [37.83025, 55.74963], [37.830713, 55.749474], [37.830824, 55.749352], [37.830822, 55.7493], [37.830799, 55.749251], [37.83076, 55.749202], [37.830694, 55.749147], [37.830305, 55.748975], [37.829673, 55.748699], [37.829577, 55.748647], [37.829486, 55.748588], [37.82938, 55.748512], [37.829236, 55.748396], [37.828893, 55.748107], [37.828872, 55.748088], [37.828347, 55.747608], [37.828272, 55.747539], [37.828212, 55.747484], [37.828124, 55.747405], [37.827627, 55.746951], [37.828083, 55.746158], [37.823575, 55.745277], [37.820735, 55.744763], [37.816554, 55.743946], [37.813562, 55.743318], [37.809067, 55.742417], [37.798057, 55.740258], [37.79732, 55.740141], [37.794728, 55.739686], [37.793093, 55.739377], [37.781885, 55.737003], [37.77857, 55.73639], [37.778185, 55.736319], [37.776448, 55.736001], [37.773589, 55.735506], [37.773211, 55.736696]]]}}, {"type": "Feature", "properties": {"name": "Новокосино", "name_en": "Novokosino", "okrug": "ВАО", "source_name": "Новокосино", "okato": "45263579", "oktmo": "45310000"}, "geometry": {"type": "Polygon", "coordinates": [[[37.840416, 55.730487], [37.840635, 55.731956], [37.841648, 55.740493], [37.84181, 55.743031], [37.842008, 55.747224], [37.842543, 55.747176], [37.842655, 55.746735], [37.843146, 55.746325], [37.843678, 55.745903], [37.844804, 55.745315], [37.845706, 55.744872], [37.846805, 55.744587], [37.847917, 55.744535], [37.847996, 55.7445], [37.849706, 55.744621], [37.851424, 55.744757], [37.852966, 55.744881], [37.853921, 55.74495], [37.856617, 55.745068], [37.859187, 55.745155], [37.860543, 55.745243], [37.863233, 55.745573], [37.864223, 55.745724], [37.864739, 55.745847], [37.87285, 55.747413], [37.879525, 55.748729], [37.882541, 55.74934], [37.887345, 55.748457], [37.88771, 55.748577], [37.888246, 55.748464], [37.888712, 55.747143], [37.889334, 55.745473], [37.890028, 55.743628], [37.890953, 55.742195], [37.890403, 55.742085], [37.890085, 55.741871], [37.890085, 55.741604], [37.885829, 55.742613], [37.883604, 55.742691], [37.88175, 55.742731], [37.880753, 55.742504], [37.880107, 55.742255], [37.880033, 55.741746], [37.878009, 55.73787], [37.873161, 55.738157], [37.868489, 55.73729], [37.866539, 55.736296], [37.866705, 55.736182], [37.864238, 55.734717], [37.865471, 55.733159], [37.868892, 55.732973], [37.869536, 55.732386], [37.862187, 55.73256], [37.861303, 55.730523], [37.854896, 55.730811], [37.854613, 55.730823], [37.854055, 55.730856], [37.849886, 55.7311], [37.847666, 55.731183], [37.846948, 55.731178], [37.845584, 55.731103], [37.844254, 55.731068], [37.843421, 55.731032], [37.841947, 55.730882], [37.84119, 55.730731], [37.840416, 55.730487]]]}}, {"type": "Feature", "properties": {"name": "Перово", "name_en": "Perovo", "okrug": "ВАО", "source_name": "Перово", "okato": "45263583", "oktmo": "45312000"}, "geometry": {"type": "Polygon", "coordinates": [[[37.719612, 55.751979], [37.72175, 55.752396], [37.723854, 55.752813], [37.727092, 55.753444], [37.73204, 55.754433], [37.733981, 55.754812], [37.736466, 55.755305], [37.741137, 55.756184], [37.745662, 55.757089], [37.746583, 55.757279], [37.748709, 55.7577], [37.750755, 55.758102], [37.754009, 55.75871], [37.754216, 55.758746], [37.753698, 55.759611], [37.754484, 55.760306], [37.7564, 55.760667], [37.757717, 55.760959], [37.760036, 55.761397], [37.764049, 55.762182], [37.768784, 55.763925], [37.768937, 55.76397], [37.769169, 55.763196], [37.770424, 55.763619], [37.771932, 55.76419], [37.775396, 55.765276], [37.777382, 55.765876], [37.778673, 55.766106], [37.791755, 55.766343], [37.791883, 55.766107], [37.794367, 55.766601], [37.801187, 55.76793], [37.801239, 55.767891], [37.80128, 55.767772], [37.801412, 55.766876], [37.801489, 55.766356], [37.801438, 55.766153], [37.800961, 55.765072], [37.800458, 55.763983], [37.800421, 55.763911], [37.800357, 55.763784], [37.800218, 55.763468], [37.799992, 55.762907], [37.799814, 55.762431], [37.799809, 55.76232], [37.799846, 55.762219], [37.799924, 55.76209], [37.80064, 55.76089], [37.801705, 55.761081], [37.801892, 55.761098], [37.802105, 55.761113], [37.802367, 55.761122], [37.802588, 55.761122], [37.802818, 55.761114], [37.803013, 55.761098], [37.803236, 55.761074], [37.803953, 55.760954], [37.804115, 55.760927], [37.804237, 55.760909], [37.806205, 55.760614], [37.806551, 55.760563], [37.808701, 55.76024], [37.806809, 55.756124], [37.806784, 55.756068], [37.80675, 55.755995], [37.80568, 55.753448], [37.805655, 55.753361], [37.805636, 55.753314], [37.803303, 55.753648], [37.801589, 55.753876], [37.800958, 55.753893], [37.800646, 55.753869], [37.798232, 55.753457], [37.791837, 55.752276], [37.791654, 55.752239], [37.791507, 55.752189], [37.791157, 55.752109], [37.788569, 55.751639], [37.787473, 55.751438], [37.784688, 55.750929], [37.784722, 55.750876], [37.785066, 55.75033], [37.785994, 55.748862], [37.786382, 55.748176], [37.78704, 55.747016], [37.787054, 55.746992], [37.787815, 55.745715], [37.787918, 55.745541], [37.787713, 55.745555], [37.786783, 55.745615], [37.784898, 55.745734], [37.78404, 55.745788], [37.784025, 55.745717], [37.783937, 55.745303], [37.783275, 55.745325], [37.783022, 55.744661], [37.783, 55.744618], [37.782621, 55.743881], [37.783247, 55.743595], [37.783046, 55.742805], [37.781162, 55.741992], [37.780822, 55.742039], [37.780307, 55.742354], [37.779387, 55.742917], [37.778961, 55.742094], [37.778278, 55.741634], [37.778165, 55.741412], [37.777941, 55.740958], [37.777548, 55.740191], [37.777335, 55.739776], [37.776776, 55.738683], [37.776719, 55.73857], [37.775911, 55.738431], [37.77528, 55.738396], [37.774539, 55.73841], [37.774409, 55.738187], [37.773531, 55.737579], [37.773211, 55.736696], [37.773589, 55.735506], [37.769698, 55.734754], [37.767299, 55.734269], [37.767132, 55.734358], [37.765891, 55.734964], [37.762636, 55.736542], [37.762205, 55.736708], [37.761758, 55.736857], [37.761271, 55.736993], [37.760911, 55.737069], [37.760543, 55.737134], [37.759983, 55.737226], [37.759228, 55.737364], [37.758548, 55.737453], [37.755363, 55.737849], [37.753977, 55.738048], [37.752766, 55.738258], [37.751622, 55.738499], [37.750459, 55.7388], [37.74935, 55.739157], [37.748392, 55.739535], [37.747509, 55.739946], [37.746723, 55.740368], [37.745945, 55.740878], [37.745287, 55.74139], [37.743967, 55.74254], [37.743099, 55.743178], [37.742374, 55.743666], [37.741742, 55.744052], [37.741017, 55.744452], [37.740182, 55.744832], [37.739342, 55.745177], [37.738416, 55.745486], [37.737447, 55.745756], [37.736598, 55.745975], [37.736188, 55.74609], [37.726536, 55.748647], [37.725325, 55.748967], [37.724446, 55.749232], [37.723633, 55.749516], [37.723015, 55.749773], [37.7224, 55.750062], [37.721852, 55.750353], [37.721365, 55.750635], [37.72084, 55.750977], [37.720573, 55.751161], [37.720309, 55.751355], [37.719745, 55.75185], [37.719612, 55.751979]]]}}, {"type": "Feature", "properties": {"name": "Преображенское", "name_en": "Preobrazhenskoye", "okrug": "ВАО", "source_name": "Преображенское", "okato": "45263594", "oktmo": "45316000"}, "geometry": {"type": "Polygon", "coordinates": [[[37.698574, 55.80028], [37.698803, 55.801343], [37.698985, 55.801362], [37.699153, 55.801375], [37.699505, 55.801414], [37.699864, 55.801502], [37.702372, 55.802224], [37.703591, 55.802553], [37.703906, 55.802638], [37.704458, 55.802787], [37.704567, 55.802816], [37.705191, 55.802985], [37.705885, 55.803172], [37.706139, 55.803241], [37.706627, 55.803373], [37.706832, 55.803428], [37.707071, 55.803493], [37.707676, 55.803656], [37.707791, 55.803534], [37.707945, 55.803416], [37.70825, 55.803211], [37.708751, 55.802894], [37.709044, 55.803047], [37.711387, 55.804214], [37.711653, 55.80431], [37.711954, 55.804384], [37.712125, 55.804426], [37.712302, 55.804458], [37.712958, 55.804581], [37.714427, 55.804847], [37.717539, 55.80534], [37.717813, 55.805391], [37.717929, 55.805413], [37.718018, 55.805429], [37.718494, 55.805512], [37.720917, 55.805936], [37.721499, 55.806038], [37.722165, 55.806161], [37.722564, 55.806229], [37.722669, 55.806248], [37.723028, 55.806312], [37.723997, 55.806496], [37.724209, 55.806571], [37.724465, 55.806666], [37.724716, 55.806794], [37.72481, 55.806852], [37.725004, 55.806976], [37.726101, 55.807619], [37.726263, 55.807714], [37.726606, 55.807916], [37.726672, 55.807957], [37.727468, 55.808429], [37.727545, 55.808473], [37.728515, 55.809027], [37.729239, 55.809456], [37.72974, 55.809752], [37.72985, 55.809817], [37.72992, 55.80978], [37.730073, 55.8097], [37.730151, 55.80966], [37.731051, 55.809191], [37.731258, 55.809084], [37.731732, 55.808837], [37.731813, 55.808795], [37.732104, 55.808932], [37.732352, 55.808999], [37.73345, 55.80902], [37.733605, 55.809017], [37.733936, 55.809011], [37.735086, 55.809006], [37.735662, 55.809006], [37.736275, 55.809003], [37.738176, 55.808974], [37.739264, 55.808974], [37.744955, 55.808973], [37.746014, 55.809035], [37.746063, 55.805186], [37.746056, 55.804958], [37.746189, 55.802465], [37.7462, 55.801335], [37.746231, 55.801104], [37.746271, 55.800431], [37.746274, 55.798948], [37.746223, 55.798508], [37.745918, 55.79739], [37.745605, 55.796515], [37.74548, 55.796168], [37.744519, 55.793486], [37.739447, 55.793757], [37.738247, 55.793856], [37.737043, 55.793924], [37.735899, 55.794051], [37.735453, 55.793998], [37.735398, 55.79399], [37.735101, 55.793945], [37.734672, 55.793853], [37.734337, 55.793752], [37.733959, 55.793607], [37.733444, 55.793376], [37.733204, 55.793279], [37.732938, 55.793173], [37.732732, 55.793057], [37.732586, 55.79298], [37.732414, 55.79285], [37.732291, 55.792744], [37.732268, 55.792724], [37.732131, 55.792608], [37.731951, 55.792415], [37.73159, 55.791947], [37.731393, 55.791691], [37.731238, 55.791465], [37.731118, 55.791277], [37.731007, 55.791146], [37.730861, 55.790963], [37.730663, 55.790799], [37.730492, 55.790664], [37.730234, 55.790485], [37.730002, 55.79034], [37.729754, 55.790186], [37.729376, 55.789969], [37.729093, 55.789805], [37.728809, 55.789636], [37.728569, 55.789486], [37.728337, 55.789332], [37.727994, 55.789124], [37.727907, 55.789069], [37.727634, 55.788897], [37.727136, 55.788569], [37.726801, 55.788376], [37.726492, 55.788227], [37.726234, 55.788101], [37.725908, 55.787985], [37.725599, 55.787874], [37.72529, 55.787783], [37.724956, 55.78771], [37.724638, 55.787633], [37.724166, 55.787537], [37.723651, 55.787445], [37.72311, 55.787353], [37.722595, 55.787266], [37.721139, 55.787042], [37.720793, 55.786996], [37.720441, 55.787001], [37.720063, 55.787035], [37.719617, 55.787112], [37.719222, 55.787189], [37.718759, 55.787315], [37.718338, 55.787459], [37.717909, 55.787609], [37.717445, 55.787773], [37.717031, 55.787886], [37.716954, 55.787907], [37.716909, 55.787919], [37.717053, 55.787463], [37.717192, 55.787005], [37.71736, 55.786495], [37.717434, 55.786275], [37.717691, 55.785516], [37.717454, 55.785494], [37.715902, 55.78535], [37.714953, 55.785261], [37.714205, 55.785195], [37.714162, 55.785258], [37.714036, 55.785802], [37.71382, 55.785821], [37.713757, 55.785884], [37.713591, 55.786052], [37.713483, 55.786105], [37.713203, 55.78592], [37.712863, 55.785905], [37.712603, 55.785938], [37.712593, 55.785859], [37.71235, 55.785839], [37.712102, 55.785613], [37.712257, 55.785087], [37.712308, 55.785012], [37.711613, 55.784966], [37.711347, 55.784941], [37.710103, 55.784822], [37.708584, 55.784671], [37.706896, 55.784501], [37.706668, 55.783769], [37.706361, 55.783037], [37.703796, 55.783931], [37.703266, 55.784134], [37.702196, 55.784521], [37.702024, 55.784585], [37.701714, 55.784416], [37.70104, 55.784049], [37.700868, 55.783901], [37.700842, 55.783862], [37.7008, 55.783734], [37.700768, 55.78356], [37.700773, 55.783198], [37.700792, 55.782725], [37.69932, 55.782714], [37.699261, 55.783135], [37.698831, 55.785427], [37.698711, 55.786745], [37.699132, 55.788367], [37.699415, 55.788806], [37.700035, 55.789309], [37.700244, 55.789441], [37.700444, 55.78956], [37.700655, 55.789666], [37.701468, 55.790066], [37.702177, 55.790419], [37.702858, 55.790777], [37.703789, 55.791276], [37.704133, 55.791458], [37.704472, 55.791646], [37.704716, 55.791792], [37.704889, 55.791909], [37.705055, 55.792041], [37.705201, 55.792175], [37.70532, 55.792321], [37.705416, 55.792473], [37.705473, 55.792625], [37.705496, 55.792795], [37.705487, 55.792989], [37.705453, 55.793162], [37.705376, 55.793348], [37.705249, 55.793531], [37.705107, 55.793695], [37.704854, 55.793981], [37.704616, 55.79423], [37.704279, 55.794559], [37.703984, 55.794825], [37.703156, 55.795521], [37.7029, 55.795754], [37.701217, 55.797173], [37.699827, 55.798413], [37.698917, 55.799493], [37.698574, 55.80028]]]}}, {"type": "Feature", "properties": {"name": "Соколиная Гора", "name_en": "Sokolinaya Gora", "okrug": "ВАО", "source_name": "Соколиная Гора", "okato": "45263588", "oktmo": "45314000"}, "geometry": {"type": "Polygon", "coordinates": [[[37.69932, 55.782714], [37.700792, 55.782725], [37.700773, 55.783198], [37.700768, 55.78356], [37.7008, 55.783734], [37.700842, 55.783862], [37.700868, 55.783901], [37.70104, 55.784049], [37.701714, 55.784416], [37.702024, 55.784585], [37.702196, 55.784521], [37.703266, 55.784134], [37.703796, 55.783931], [37.706361, 55.783037], [37.706668, 55.783769], [37.706896, 55.784501], [37.708584, 55.784671], [37.710103, 55.784822], [37.711347, 55.784941], [37.711613, 55.784966], [37.712308, 55.785012], [37.712257, 55.785087], [37.712102, 55.785613], [37.71235, 55.785839], [37.712593, 55.785859], [37.712603, 55.785938], [37.712863, 55.785905], [37.713203, 55.78592], [37.713483, 55.786105], [37.713591, 55.786052], [37.713757, 55.785884], [37.71382, 55.785821], [37.714036, 55.785802], [37.714162, 55.785258], [37.714205, 55.785195], [37.714953, 55.785261], [37.715902, 55.78535], [37.717454, 55.785494], [37.717691, 55.785516], [37.717434, 55.786275], [37.71736, 55.786495], [37.717192, 55.787005], [37.717053, 55.787463], [37.716909, 55.787919], [37.716954, 55.787907], [37.717031, 55.787886], [37.717445, 55.787773], [37.717909, 55.787609], [37.718338, 55.787459], [37.718759, 55.787315], [37.719222, 55.787189], [37.719617, 55.787112], [37.720063, 55.787035], [37.720441, 55.787001], [37.720793, 55.786996], [37.721139, 55.787042], [37.722595, 55.787266], [37.72311, 55.787353], [37.723651, 55.787445], [37.724166, 55.787537], [37.724638, 55.787633], [37.724956, 55.78771], [37.72529, 55.787783], [37.725599, 55.787874], [37.725908, 55.787985], [37.726234, 55.788101], [37.726492, 55.788227], [37.726801, 55.788376], [37.727136, 55.788569], [37.727634, 55.788897], [37.727907, 55.789069], [37.727994, 55.789124], [37.728337, 55.789332], [37.728569, 55.789486], [37.728809, 55.789636], [37.729093, 55.789805], [37.729376, 55.789969], [37.729754, 55.790186], [37.730002, 55.79034], [37.730234, 55.790485], [37.730492, 55.790664], [37.730663, 55.790799], [37.730861, 55.790963], [37.731007, 55.791146], [37.731118, 55.791277], [37.731238, 55.791465], [37.731393, 55.791691], [37.73159, 55.791947], [37.731951, 55.792415], [37.732131, 55.792608], [37.732268, 55.792724], [37.732291, 55.792744], [37.732414, 55.79285], [37.732586, 55.79298], [37.732732, 55.793057], [37.732938, 55.793173], [37.733204, 55.793279], [37.733444, 55.793376], [37.733959, 55.793607], [37.734337, 55.793752], [37.734672, 55.793853], [37.735101, 55.793945], [37.735398, 55.79399], [37.735453, 55.793998], [37.735899, 55.794051], [37.737043, 55.793924], [37.738247, 55.793856], [37.739447, 55.793757], [37.744519, 55.793486], [37.744433, 55.79323], [37.74424, 55.792653], [37.743323, 55.789917], [37.743204, 55.78952], [37.74311, 55.789179], [37.743069, 55.788895], [37.743023, 55.788524], [37.743009, 55.788158], [37.743004, 55.787798], [37.74306, 55.787098], [37.743063, 55.787039], [37.743072, 55.786869], [37.743229, 55.784711], [37.74336, 55.783343], [37.743393, 55.782744], [37.743527, 55.78123], [37.743614, 55.780108], [37.743622, 55.779891], [37.743675, 55.77926], [37.743764, 55.778481], [37.744201, 55.775663], [37.745032, 55.771574], [37.74541, 55.770062], [37.748039, 55.770047], [37.748114, 55.769494], [37.748178, 55.768988], [37.748566, 55.765935], [37.750931, 55.764523], [37.753556, 55.759803], [37.753698, 55.759611], [37.754216, 55.758746], [37.754009, 55.75871], [37.750755, 55.758102], [37.748709, 55.7577], [37.746583, 55.757279], [37.745662, 55.757089], [37.741137, 55.756184], [37.736466, 55.755305], [37.733981, 55.754812], [37.73204, 55.754433], [37.727092, 55.753444], [37.723854, 55.752813], [37.72175, 55.752396], [37.719612, 55.751979], [37.719168, 55.752411], [37.718719, 55.752942], [37.718385, 55.753419], [37.718133, 55.753881], [37.717915, 55.754405], [37.717757, 55.75496], [37.717681, 55.755507], [37.71766, 55.755964], [37.717713, 55.756483], [37.717817, 55.756983], [37.71797, 55.757493], [37.71818, 55.758018], [37.718428, 55.758507], [37.719673, 55.760629], [37.719856, 55.760943], [37.720249, 55.76161], [37.720472, 55.762028], [37.720632, 55.762465], [37.720705, 55.762784], [37.720745, 55.763123], [37.720873, 55.764946], [37.720853, 55.76547], [37.720782, 55.765883], [37.720628, 55.766318], [37.720389, 55.766733], [37.720086, 55.767134], [37.719613, 55.767679], [37.717839, 55.769589], [37.717367, 55.770145], [37.716971, 55.770701], [37.716303, 55.771776], [37.715946, 55.772298], [37.714193, 55.774533], [37.713748, 55.775113], [37.713612, 55.775301], [37.713525, 55.775256], [37.713328, 55.775479], [37.712681, 55.776171], [37.710931, 55.778001], [37.71043, 55.778449], [37.70992, 55.778875], [37.709336, 55.779285], [37.70879, 55.779623], [37.708298, 55.779907], [37.707742, 55.780161], [37.707127, 55.780384], [37.706093, 55.780737], [37.70525, 55.780994], [37.705069, 55.781043], [37.704302, 55.781239], [37.703181, 55.781524], [37.70253, 55.781655], [37.701897, 55.78177], [37.701244, 55.78185], [37.700611, 55.781891], [37.699983, 55.781912], [37.699901, 55.781914], [37.699517, 55.781968], [37.699386, 55.781969], [37.69932, 55.782714]]]}}, {"type": "Feature", "properties": {"name": "Сокольники", "name_en": "Sokolniki", "okrug": "ВАО", "source_name": "Сокольники", "okato": "45263591", "oktmo": "45315000"}, "geometry": {"type": "Polygon", "coordinates": [[[37.650309, 55.792919], [37.650366, 55.793392], [37.650423, 55.793859], [37.650465, 55.794212], [37.651304, 55.795943], [37.651334, 55.796418], [37.651143, 55.7969], [37.650984, 55.797832], [37.65101, 55.798707], [37.651155, 55.799058], [37.651398, 55.80011], [37.65453, 55.804101], [37.657818, 55.808022], [37.658119, 55.80836], [37.660044, 55.810549], [37.662803, 55.813699], [37.663108, 55.814046], [37.66607, 55.81747], [37.668081, 55.819877], [37.668576, 55.820448], [37.669246, 55.821541], [37.669852, 55.822789], [37.670323, 55.824082], [37.670463, 55.824424], [37.670885, 55.824351], [37.671917, 55.823517], [37.672651, 55.822445], [37.673649, 55.821646], [37.674329, 55.821348], [37.674859, 55.821004], [37.674962, 55.820541], [37.676631, 55.819444], [37.677112, 55.819322], [37.677463, 55.819055], [37.678426, 55.818902], [37.678798, 55.818714], [37.678939, 55.818469], [37.679412, 55.818254], [37.680278, 55.818098], [37.681357, 55.81813], [37.681885, 55.81802], [37.682513, 55.817888], [37.684341, 55.817151], [37.685438, 55.816857], [37.686259, 55.816774], [37.68745, 55.817089], [37.68824, 55.816544], [37.691999, 55.813202], [37.693776, 55.812334], [37.694636, 55.812305], [37.69498, 55.812255], [37.695287, 55.812115], [37.695431, 55.811951], [37.695422, 55.811776], [37.695185, 55.811583], [37.694908, 55.811334], [37.694823, 55.810998], [37.695036, 55.81086], [37.695495, 55.810748], [37.69589, 55.810722], [37.696558, 55.810791], [37.69724, 55.810789], [37.697877, 55.810629], [37.698326, 55.810347], [37.698828, 55.810123], [37.699382, 55.81009], [37.699754, 55.810067], [37.700047, 55.809936], [37.700265, 55.809735], [37.700333, 55.808475], [37.700685, 55.808051], [37.701058, 55.807884], [37.701386, 55.80765], [37.701651, 55.807356], [37.701806, 55.80702], [37.701911, 55.806524], [37.701857, 55.805874], [37.701742, 55.805476], [37.701589, 55.805297], [37.701316, 55.804984], [37.701085, 55.80471], [37.700828, 55.804484], [37.700706, 55.804237], [37.700498, 55.804031], [37.700347, 55.803851], [37.700198, 55.80365], [37.700012, 55.803464], [37.699846, 55.803206], [37.699677, 55.802971], [37.699465, 55.802748], [37.699319, 55.802491], [37.699231, 55.802355], [37.699195, 55.802214], [37.698828, 55.801459], [37.698803, 55.801343], [37.698574, 55.80028], [37.698917, 55.799493], [37.699827, 55.798413], [37.701217, 55.797173], [37.7029, 55.795754], [37.703156, 55.795521], [37.703984, 55.794825], [37.704279, 55.794559], [37.704616, 55.79423], [37.704854, 55.793981], [37.705107, 55.793695], [37.705249, 55.793531], [37.705376, 55.793348], [37.705453, 55.793162], [37.705487, 55.792989], [37.705496, 55.792795], [37.705473, 55.792625], [37.705416, 55.792473], [37.70532, 55.792321], [37.705201, 55.792175], [37.705055, 55.792041], [37.704889, 55.791909], [37.704716, 55.791792], [37.704472, 55.791646], [37.704133, 55.791458], [37.703789, 55.791276], [37.702858, 55.790777], [37.702177, 55.790419], [37.701468, 55.790066], [37.700655, 55.789666], [37.700444, 55.78956], [37.700244, 55.789441], [37.700035, 55.789309], [37.699415, 55.788806], [37.699132, 55.788367], [37.698711, 55.786745], [37.698831, 55.785427], [37.699261, 55.783135], [37.69932, 55.782714], [37.699386, 55.781969], [37.696786, 55.782016], [37.696335, 55.781944], [37.692602, 55.781956], [37.69225, 55.781845], [37.688822, 55.781905], [37.685998, 55.782523], [37.682667, 55.783163], [37.678309, 55.78402], [37.675748, 55.78453], [37.675093, 55.784683], [37.674579, 55.784788], [37.674071, 55.784891], [37.672279, 55.785221], [37.667091, 55.786136], [37.663842, 55.786756], [37.662518, 55.787013], [37.661061, 55.787324], [37.66003, 55.787524], [37.655598, 55.788381], [37.651522, 55.789369], [37.650817, 55.790756], [37.650452, 55.79164], [37.650309, 55.792919]]]}}, {"type": "Feature", "properties": {"name": "Выхино-Жулебино", "name_en": "Vykhino-Zhulebino", "okrug": "ЮВАО", "source_name": "Выхино-Жулебино", "okato": "45290554", "oktmo": "45385000"}, "geometry": {"type": "Polygon", "coordinates": [[[37.787258, 55.690307], [37.787262, 55.690466], [37.7873, 55.690466], [37.787734, 55.690456], [37.788658, 55.690427], [37.789142, 55.690403], [37.789485, 55.69043], [37.789524, 55.690584], [37.789791, 55.691621], [37.789902, 55.691998], [37.7903, 55.693292], [37.790435, 55.693785], [37.790892, 55.695339], [37.791226, 55.696414], [37.791274, 55.696657], [37.791302, 55.696801], [37.791357, 55.697002], [37.791528, 55.697567], [37.791688, 55.697984], [37.792012, 55.699013], [37.79218, 55.699558], [37.792262, 55.699876], [37.792362, 55.700184], [37.792416, 55.700355], [37.792631, 55.701107], [37.792699, 55.701338], [37.792947, 55.702113], [37.792988, 55.702248], [37.793161, 55.702818], [37.793335, 55.703391], [37.793497, 55.703926], [37.793954, 55.70543], [37.794038, 55.705706], [37.794545, 55.707374], [37.795064, 55.709081], [37.795744, 55.711321], [37.795957, 55.712023], [37.796098, 55.712487], [37.796141, 55.712627], [37.796185, 55.712779], [37.796491, 55.713787], [37.796673, 55.714386], [37.796954, 55.715312], [37.79718, 55.71606], [37.797187, 55.71608], [37.79723, 55.716225], [37.79749, 55.717263], [37.797504, 55.717311], [37.797663, 55.717799], [37.798133, 55.719242], [37.798339, 55.719898], [37.798389, 55.720057], [37.798423, 55.720151], [37.798574, 55.720578], [37.799118, 55.722106], [37.800811, 55.721539], [37.804808, 55.720267], [37.808573, 55.718999], [37.812093, 55.717821], [37.813581, 55.717316], [37.816772, 55.716226], [37.820728, 55.714895], [37.82388, 55.713846], [37.827312, 55.712683], [37.833901, 55.710475], [37.836024, 55.709776], [37.837409, 55.709289], [37.841371, 55.707966], [37.842371, 55.707614], [37.843956, 55.707026], [37.845551, 55.706485], [37.849201, 55.705267], [37.85234, 55.704195], [37.853435, 55.703789], [37.853409, 55.70354], [37.858176, 55.701254], [37.857315, 55.700698], [37.857374, 55.700623], [37.857921, 55.700363], [37.858407, 55.700125], [37.856546, 55.698994], [37.856167, 55.698765], [37.858739, 55.697366], [37.860325, 55.69627], [37.860812, 55.695907], [37.864093, 55.693688], [37.863832, 55.693539], [37.860813, 55.69176], [37.860727, 55.691683], [37.8605, 55.691478], [37.860409, 55.691396], [37.860005, 55.691031], [37.860187, 55.69093], [37.862316, 55.68976], [37.863922, 55.688772], [37.864745, 55.688264], [37.864749, 55.688181], [37.864771, 55.687354], [37.864792, 55.68735], [37.8634, 55.685017], [37.861015, 55.680954], [37.860478, 55.679889], [37.860179, 55.67935], [37.85953, 55.678162], [37.85942, 55.677962], [37.858856, 55.677099], [37.857284, 55.675987], [37.856959, 55.675764], [37.856903, 55.675727], [37.849694, 55.679062], [37.847561, 55.679998], [37.845718, 55.680778], [37.843395, 55.681731], [37.840255, 55.68295], [37.838061, 55.683811], [37.836855, 55.684258], [37.835849, 55.68457], [37.835376, 55.684621], [37.834658, 55.684643], [37.83338, 55.68439], [37.832767, 55.684032], [37.832524, 55.683651], [37.832474, 55.683418], [37.832464, 55.683038], [37.832785, 55.682225], [37.833382, 55.680906], [37.833739, 55.680046], [37.834099, 55.679107], [37.834348, 55.678409], [37.834529, 55.67789], [37.830383, 55.677276], [37.826717, 55.679266], [37.82595, 55.678924], [37.825024, 55.67951], [37.823559, 55.678782], [37.823163, 55.678948], [37.821998, 55.678286], [37.820428, 55.679125], [37.819458, 55.679642], [37.818095, 55.680369], [37.812181, 55.677129], [37.814413, 55.67587], [37.812267, 55.674733], [37.811961, 55.674558], [37.810582, 55.675349], [37.809818, 55.675776], [37.807933, 55.674636], [37.805576, 55.676229], [37.805673, 55.67675], [37.805413, 55.676994], [37.804943, 55.677169], [37.804855, 55.677202], [37.804494, 55.67742], [37.804391, 55.677937], [37.805013, 55.679497], [37.805318, 55.680281], [37.802529, 55.680487], [37.803276, 55.682127], [37.805372, 55.686927], [37.805698, 55.687589], [37.805379, 55.68763], [37.805505, 55.687955], [37.804609, 55.688138], [37.803581, 55.688355], [37.803502, 55.688384], [37.803426, 55.68839], [37.803335, 55.68841], [37.803266, 55.688465], [37.803092, 55.688499], [37.802701, 55.688531], [37.802365, 55.688596], [37.80166, 55.688776], [37.80147, 55.688797], [37.801007, 55.688802], [37.800559, 55.688873], [37.800108, 55.688922], [37.799365, 55.688975], [37.798577, 55.688983], [37.798232, 55.688928], [37.797705, 55.688826], [37.797348, 55.688735], [37.796935, 55.688668], [37.796563, 55.688545], [37.796315, 55.68853], [37.796101, 55.688497], [37.795909, 55.688505], [37.795777, 55.688473], [37.795546, 55.688308], [37.795358, 55.688211], [37.795035, 55.688082], [37.794761, 55.687986], [37.794644, 55.688053], [37.794203, 55.68801], [37.793967, 55.687961], [37.793715, 55.687975], [37.793589, 55.687935], [37.793376, 55.687837], [37.793118, 55.687764], [37.792873, 55.687708], [37.792589, 55.687637], [37.792585, 55.687491], [37.792271, 55.687437], [37.792128, 55.687345], [37.791746, 55.687223], [37.791527, 55.687157], [37.791124, 55.687105], [37.790962, 55.687129], [37.790582, 55.687228], [37.790295, 55.687327], [37.789943, 55.68748], [37.789238, 55.687829], [37.789035, 55.687942], [37.788996, 55.687989], [37.78891, 55.688026], [37.788887, 55.687988], [37.788886, 55.687987], [37.788839, 55.687969], [37.788787, 55.68796], [37.788727, 55.687972], [37.788682, 55.688001], [37.788676, 55.68804], [37.788692, 55.688061], [37.788704, 55.688077], [37.788763, 55.688089], [37.788578, 55.688144], [37.788395, 55.688215], [37.788101, 55.688363], [37.787735, 55.688614], [37.787691, 55.688697], [37.787445, 55.688921], [37.787305, 55.689121], [37.787309, 55.689519], [37.787363, 55.689692], [37.787549, 55.690055], [37.787546, 55.690153], [37.787565, 55.690272], [37.787521, 55.690293], [37.787258, 55.690307]]]}}, {"type": "Feature", "properties": {"name": "Капотня", "name_en": "Kapotnya", "okrug": "ЮВАО", "source_name": "Капотня", "okato": "45290558", "oktmo": "45386000"}, "geometry": {"type": "Polygon", "coordinates": [[[37.783447, 55.648545], [37.784486, 55.651152], [37.788003, 55.658459], [37.789453, 55.6581], [37.7937, 55.657581], [37.796431, 55.657524], [37.800197, 55.657499], [37.805123, 55.657464], [37.807537, 55.657447], [37.812475, 55.657412], [37.814526, 55.657352], [37.815176, 55.657328], [37.815388, 55.657319], [37.816922, 55.657253], [37.817094, 55.657247], [37.81868, 55.657165], [37.820064, 55.657121], [37.821734, 55.657104], [37.822933, 55.657129], [37.82466, 55.657059], [37.825583, 55.657057], [37.82672, 55.65705], [37.829222, 55.657002], [37.830843, 55.656976], [37.833341, 55.656948], [37.834261, 55.656988], [37.834929, 55.657025], [37.835848, 55.657072], [37.836115, 55.657096], [37.836413, 55.657122], [37.836934, 55.657123], [37.837579, 55.657106], [37.838138, 55.657065], [37.840151, 55.656855], [37.84066, 55.656792], [37.84139, 55.656703], [37.841289, 55.65642], [37.840962, 55.655559], [37.84104, 55.655505], [37.841266, 55.655347], [37.84114, 55.655192], [37.839514, 55.655524], [37.839261, 55.655515], [37.8391, 55.655466], [37.838896, 55.655245], [37.838369, 55.654242], [37.837718, 55.65328], [37.837212, 55.652618], [37.83699, 55.652364], [37.836289, 55.651504], [37.836061, 55.651221], [37.835781, 55.650942], [37.835116, 55.650242], [37.834897, 55.650059], [37.834057, 55.649451], [37.832094, 55.64805], [37.830852, 55.647248], [37.829616, 55.646462], [37.828872, 55.646017], [37.828441, 55.645677], [37.827995, 55.645368], [37.827678, 55.645225], [37.82734, 55.645086], [37.824832, 55.643391], [37.824733, 55.643313], [37.822657, 55.641618], [37.82254, 55.64151], [37.822559, 55.641484], [37.822656, 55.641368], [37.822928, 55.641244], [37.823152, 55.641137], [37.823345, 55.64103], [37.823537, 55.640915], [37.823746, 55.640817], [37.823938, 55.64071], [37.824115, 55.640585], [37.824164, 55.640487], [37.824182, 55.640361], [37.824152, 55.640235], [37.824012, 55.640091], [37.823824, 55.639955], [37.823635, 55.63981], [37.823511, 55.639675], [37.822929, 55.639322], [37.82258, 55.639284], [37.822375, 55.639202], [37.822138, 55.639138], [37.821916, 55.639109], [37.821758, 55.639082], [37.821471, 55.639125], [37.821247, 55.639214], [37.821056, 55.639293], [37.820896, 55.639364], [37.82072, 55.639426], [37.820377, 55.639427], [37.818978, 55.639308], [37.818544, 55.639266], [37.818332, 55.63921], [37.818117, 55.639092], [37.817408, 55.638618], [37.816966, 55.638335], [37.813927, 55.636361], [37.810341, 55.634031], [37.808664, 55.632911], [37.808358, 55.632585], [37.808391, 55.63253], [37.807474, 55.631931], [37.807357, 55.631963], [37.806165, 55.631261], [37.804714, 55.630345], [37.801968, 55.62854], [37.801353, 55.628129], [37.800647, 55.627694], [37.800602, 55.62746], [37.799743, 55.626917], [37.795848, 55.624226], [37.793561, 55.62296], [37.789756, 55.625752], [37.786709, 55.630258], [37.785035, 55.633262], [37.784262, 55.638325], [37.783833, 55.642588], [37.785507, 55.645107], [37.785335, 55.647335], [37.783447, 55.648545]]]}}, {"type": "Feature", "properties": {"name": "Кузьминки", "name_en": "Kuzminki", "okrug": "ЮВАО", "source_name": "Кузьминки", "okato": "45290562", "oktmo": "45387000"}, "geometry": {"type": "Polygon", "coordinates": [[[37.745217, 55.708061], [37.745286, 55.708209], [37.746963, 55.707977], [37.747829, 55.70786], [37.747866, 55.70794], [37.74788, 55.70798], [37.74788, 55.708018], [37.747867, 55.70809], [37.747857, 55.708148], [37.747811, 55.70841], [37.74762, 55.709493], [37.747609, 55.709598], [37.747611, 55.709791], [37.74761, 55.709941], [37.747844, 55.710002], [37.748891, 55.710274], [37.749001, 55.710303], [37.74919, 55.710352], [37.749299, 55.71038], [37.750313, 55.710645], [37.750509, 55.710696], [37.750652, 55.710733], [37.752508, 55.711204], [37.753138, 55.711366], [37.753293, 55.711406], [37.753528, 55.711467], [37.753865, 55.711554], [37.753981, 55.711584], [37.75518, 55.711893], [37.755723, 55.712033], [37.757009, 55.712364], [37.757401, 55.712465], [37.759006, 55.712882], [37.759459, 55.713], [37.76001, 55.713147], [37.760225, 55.713193], [37.760596, 55.713256], [37.762248, 55.713659], [37.766232, 55.714967], [37.767695, 55.715305], [37.768813, 55.715564], [37.77048, 55.715949], [37.770969, 55.715983], [37.774397, 55.716843], [37.774586, 55.716606], [37.775539, 55.715414], [37.775587, 55.715354], [37.776646, 55.71403], [37.777011, 55.713583], [37.777345, 55.713174], [37.777633, 55.712822], [37.777889, 55.712508], [37.777993, 55.712347], [37.778089, 55.7122], [37.779001, 55.711138], [37.779866, 55.710131], [37.780123, 55.709832], [37.780585, 55.709295], [37.781027, 55.709194], [37.781733, 55.709094], [37.782384, 55.709008], [37.782716, 55.708962], [37.784604, 55.708705], [37.785334, 55.708606], [37.787758, 55.708278], [37.788899, 55.708123], [37.792749, 55.707601], [37.794218, 55.707389], [37.794545, 55.707374], [37.794038, 55.705706], [37.793954, 55.70543], [37.793497, 55.703926], [37.793335, 55.703391], [37.793161, 55.702818], [37.792988, 55.702248], [37.792947, 55.702113], [37.792699, 55.701338], [37.792631, 55.701107], [37.792416, 55.700355], [37.792362, 55.700184], [37.792262, 55.699876], [37.79218, 55.699558], [37.792012, 55.699013], [37.791688, 55.697984], [37.791528, 55.697567], [37.791357, 55.697002], [37.791302, 55.696801], [37.791274, 55.696657], [37.791226, 55.696414], [37.790892, 55.695339], [37.790435, 55.693785], [37.7903, 55.693292], [37.789902, 55.691998], [37.789791, 55.691621], [37.789524, 55.690584], [37.789485, 55.69043], [37.789142, 55.690403], [37.788658, 55.690427], [37.787734, 55.690456], [37.7873, 55.690466], [37.787262, 55.690466], [37.787258, 55.690307], [37.787521, 55.690293], [37.787565, 55.690272], [37.787546, 55.690153], [37.787549, 55.690055], [37.787363, 55.689692], [37.787309, 55.689519], [37.787305, 55.689121], [37.787445, 55.688921], [37.787691, 55.688697], [37.787735, 55.688614], [37.788101, 55.688363], [37.788395, 55.688215], [37.788578, 55.688144], [37.788763, 55.688089], [37.788704, 55.688077], [37.788692, 55.688061], [37.788676, 55.68804], [37.788682, 55.688001], [37.788727, 55.687972], [37.788787, 55.68796], [37.788839, 55.687969], [37.788886, 55.687987], [37.788887, 55.687988], [37.78891, 55.688026], [37.788996, 55.687989], [37.789035, 55.687942], [37.789238, 55.687829], [37.789943, 55.68748], [37.790295, 55.687327], [37.790582, 55.687228], [37.790962, 55.687129], [37.791124, 55.687105], [37.791527, 55.687157], [37.791746, 55.687223], [37.792128, 55.687345], [37.792271, 55.687437], [37.792585, 55.687491], [37.792589, 55.687637], [37.792873, 55.687708], [37.793118, 55.687764], [37.793376, 55.687837], [37.793589, 55.687935], [37.793715, 55.687975], [37.793967, 55.687961], [37.794203, 55.68801], [37.794644, 55.688053], [37.794761, 55.687986], [37.795035, 55.688082], [37.795358, 55.688211], [37.795546, 55.688308], [37.795777, 55.688473], [37.795909, 55.688505], [37.796101, 55.688497], [37.796315, 55.68853], [37.796563, 55.688545], [37.796935, 55.688668], [37.797348, 55.688735], [37.797705, 55.688826], [37.798232, 55.688928], [37.798577, 55.688983], [37.799365, 55.688975], [37.800108, 55.688922], [37.800559, 55.688873], [37.801007, 55.688802], [37.80147, 55.688797], [37.80166, 55.688776], [37.802365, 55.688596], [37.802701, 55.688531], [37.803092, 55.688499], [37.803266, 55.688465], [37.803335, 55.68841], [37.803426, 55.68839], [37.803502, 55.688384], [37.803581, 55.688355], [37.804609, 55.688138], [37.805505, 55.687955], [37.805379, 55.68763], [37.805698, 55.687589], [37.805372, 55.686927], [37.803276, 55.682127], [37.802529, 55.680487], [37.798329, 55.680188], [37.793521, 55.682877], [37.792502, 55.683121], [37.78888, 55.681296], [37.785026, 55.683413], [37.767043, 55.687249], [37.766465, 55.687523], [37.765447, 55.687684], [37.764691, 55.687874], [37.764168, 55.688438], [37.762634, 55.688128], [37.761192, 55.688741], [37.760741, 55.689703], [37.760724, 55.68974], [37.761121, 55.69059], [37.760854, 55.691026], [37.760425, 55.69097], [37.760093, 55.690523], [37.759092, 55.69042], [37.759119, 55.690212], [37.758261, 55.690327], [37.757315, 55.690616], [37.756741, 55.690665], [37.755747, 55.690746], [37.755801, 55.690824], [37.756065, 55.691209], [37.756119, 55.69137], [37.756111, 55.69152], [37.756045, 55.69167], [37.755859, 55.691963], [37.755667, 55.692251], [37.755357, 55.692625], [37.755345, 55.692642], [37.754294, 55.694218], [37.754216, 55.694337], [37.752058, 55.697657], [37.751998, 55.697749], [37.751471, 55.698557], [37.750201, 55.700504], [37.750154, 55.700593], [37.75009, 55.700689], [37.749543, 55.70151], [37.749026, 55.702278], [37.747344, 55.704795], [37.746854, 55.70553], [37.746779, 55.705642], [37.746747, 55.705702], [37.746324, 55.706341], [37.746314, 55.706356], [37.74576, 55.707187], [37.745445, 55.707657], [37.745217, 55.708061]]]}}, {"type": "Feature", "properties": {"name": "Лефортово", "name_en": "Lefortovo", "okrug": "ЮВАО", "source_name": "Лефортово", "okato": "45290564", "oktmo": "45388000"}, "geometry": {"type": "Polygon", "coordinates": [[[37.670531, 55.750749], [37.671075, 55.751154], [37.671852, 55.751801], [37.67255, 55.752388], [37.67302, 55.753171], [37.673047, 55.753694], [37.672941, 55.754001], [37.672706, 55.754416], [37.672258, 55.755085], [37.671685, 55.756116], [37.671357, 55.756626], [37.670756, 55.757923], [37.670961, 55.758348], [37.671331, 55.758676], [37.6723, 55.759163], [37.673015, 55.759329], [37.673912, 55.75937], [37.675127, 55.759311], [37.676491, 55.759202], [37.679468, 55.759058], [37.680216, 55.759073], [37.680948, 55.759142], [37.681803, 55.759312], [37.682588, 55.759536], [37.684159, 55.760274], [37.68539, 55.761526], [37.686008, 55.762202], [37.685751, 55.763554], [37.685845, 55.763984], [37.68612, 55.764312], [37.687287, 55.765703], [37.688439, 55.767132], [37.68904, 55.767774], [37.690379, 55.768484], [37.692186, 55.769483], [37.69232, 55.769398], [37.692367, 55.769379], [37.692435, 55.769352], [37.692861, 55.76914], [37.694085, 55.768469], [37.695415, 55.767721], [37.696805, 55.766941], [37.696922, 55.766883], [37.69703, 55.76683], [37.697069, 55.766814], [37.697221, 55.766795], [37.697303, 55.766793], [37.697376, 55.766802], [37.697486, 55.766837], [37.697543, 55.766878], [37.697647, 55.766953], [37.697933, 55.767133], [37.698736, 55.767632], [37.698893, 55.76773], [37.69895, 55.767766], [37.699191, 55.767922], [37.699374, 55.768042], [37.700357, 55.768699], [37.701799, 55.769589], [37.702518, 55.770029], [37.702771, 55.770133], [37.703093, 55.770244], [37.703474, 55.770371], [37.703801, 55.770462], [37.703946, 55.770498], [37.704349, 55.770606], [37.704649, 55.770727], [37.704726, 55.770775], [37.704821, 55.770833], [37.705148, 55.771098], [37.705289, 55.771188], [37.705416, 55.771267], [37.705684, 55.771412], [37.706607, 55.771841], [37.707373, 55.77222], [37.707638, 55.772339], [37.708335, 55.772686], [37.708972, 55.773003], [37.709649, 55.77334], [37.709733, 55.773381], [37.709866, 55.773448], [37.710117, 55.773573], [37.710262, 55.773646], [37.710447, 55.773741], [37.711055, 55.774065], [37.711659, 55.77435], [37.711787, 55.774419], [37.711881, 55.774465], [37.712019, 55.774533], [37.712497, 55.77477], [37.712913, 55.774976], [37.713183, 55.775106], [37.713525, 55.775256], [37.713612, 55.775301], [37.713748, 55.775113], [37.714193, 55.774533], [37.715946, 55.772298], [37.716303, 55.771776], [37.716971, 55.770701], [37.717367, 55.770145], [37.717839, 55.769589], [37.719613, 55.767679], [37.720086, 55.767134], [37.720389, 55.766733], [37.720628, 55.766318], [37.720782, 55.765883], [37.720853, 55.76547], [37.720873, 55.764946], [37.720745, 55.763123], [37.720705, 55.762784], [37.720632, 55.762465], [37.720472, 55.762028], [37.720249, 55.76161], [37.719856, 55.760943], [37.719673, 55.760629], [37.718428, 55.758507], [37.71818, 55.758018], [37.71797, 55.757493], [37.717817, 55.756983], [37.717713, 55.756483], [37.71766, 55.755964], [37.717681, 55.755507], [37.717757, 55.75496], [37.717915, 55.754405], [37.718133, 55.753881], [37.718385, 55.753419], [37.718719, 55.752942], [37.719168, 55.752411], [37.719612, 55.751979], [37.719745, 55.75185], [37.720309, 55.751355], [37.720573, 55.751161], [37.72084, 55.750977], [37.721365, 55.750635], [37.721852, 55.750353], [37.7224, 55.750062], [37.723015, 55.749773], [37.723633, 55.749516], [37.724446, 55.749232], [37.725325, 55.748967], [37.726536, 55.748647], [37.736188, 55.74609], [37.736598, 55.745975], [37.736484, 55.745856], [37.736315, 55.745624], [37.736183, 55.745391], [37.736004, 55.744878], [37.735937, 55.744688], [37.735883, 55.744543], [37.735797, 55.744349], [37.735704, 55.744161], [37.735574, 55.743891], [37.735408, 55.74355], [37.735293, 55.743342], [37.734031, 55.741248], [37.733817, 55.740888], [37.733224, 55.739908], [37.732602, 55.738951], [37.732373, 55.73862], [37.732174, 55.738329], [37.731979, 55.738018], [37.731782, 55.737718], [37.731548, 55.737394], [37.731326, 55.737062], [37.731123, 55.736776], [37.731009, 55.736587], [37.730846, 55.736333], [37.730675, 55.73604], [37.73049, 55.735756], [37.73027, 55.735513], [37.730153, 55.735311], [37.729968, 55.735004], [37.729788, 55.734702], [37.72964, 55.734448], [37.729456, 55.734136], [37.729306, 55.733884], [37.729175, 55.733676], [37.729051, 55.733471], [37.724955, 55.733834], [37.72278, 55.734029], [37.722588, 55.734046], [37.722184, 55.734082], [37.720216, 55.734425], [37.71976, 55.73452], [37.718884, 55.734801], [37.718644, 55.734878], [37.717726, 55.735283], [37.716767, 55.735778], [37.716091, 55.736195], [37.715522, 55.73666], [37.714825, 55.737298], [37.71431, 55.737864], [37.713838, 55.738521], [37.713435, 55.739159], [37.713091, 55.739729], [37.712868, 55.740149], [37.711492, 55.743265], [37.71094, 55.743301], [37.707585, 55.74359], [37.706495, 55.743754], [37.70335, 55.743961], [37.70083, 55.744126], [37.700701, 55.742834], [37.70065, 55.742439], [37.700332, 55.742438], [37.700017, 55.742459], [37.698166, 55.742461], [37.696584, 55.742392], [37.697806, 55.740076], [37.697919, 55.73959], [37.69708, 55.740791], [37.696157, 55.741703], [37.695284, 55.74232], [37.693703, 55.743175], [37.692304, 55.743837], [37.69234, 55.743869], [37.689943, 55.744998], [37.686946, 55.746363], [37.68597, 55.746771], [37.684874, 55.747308], [37.684778, 55.747293], [37.683947, 55.747693], [37.683204, 55.748001], [37.682445, 55.74827], [37.68154, 55.74853], [37.680662, 55.74875], [37.679815, 55.748932], [37.67836, 55.749193], [37.677624, 55.749319], [37.676643, 55.749481], [37.675985, 55.749586], [37.673106, 55.75005], [37.672326, 55.750207], [37.67168, 55.750362], [37.671052, 55.750556], [37.670531, 55.750749]]]}}, {"type": "Feature", "properties": {"name": "Люблино", "name_en": "Lyublino", "okrug": "ЮВАО", "source_name": "Люблино", "okato": "45290568", "oktmo": "45389000"}, "geometry": {"type": "Polygon", "coordinates": [[[37.713129, 55.65852], [37.714548, 55.659568], [37.714955, 55.659886], [37.717564, 55.661805], [37.718967, 55.662857], [37.72021, 55.663657], [37.720892, 55.664177], [37.72211, 55.665133], [37.723728, 55.66691], [37.725204, 55.668956], [37.726601, 55.671302], [37.727043, 55.672159], [37.727378, 55.672748], [37.727562, 55.67317], [37.728884, 55.675404], [37.729627, 55.676631], [37.731265, 55.679509], [37.731822, 55.680779], [37.732191, 55.681744], [37.732492, 55.682472], [37.732778, 55.683066], [37.733016, 55.683616], [37.733472, 55.684493], [37.734021, 55.685448], [37.734428, 55.686186], [37.734491, 55.686371], [37.734893, 55.687427], [37.734906, 55.687774], [37.734879, 55.688207], [37.734724, 55.688936], [37.73445, 55.689956], [37.734179, 55.690577], [37.733807, 55.691118], [37.733015, 55.691934], [37.735838, 55.691982], [37.738842, 55.691728], [37.74143, 55.690239], [37.741801, 55.690112], [37.742443, 55.690079], [37.745537, 55.690289], [37.746031, 55.69047], [37.746969, 55.690234], [37.747361, 55.690301], [37.754249, 55.688958], [37.754628, 55.689439], [37.754993, 55.689795], [37.755086, 55.689893], [37.755675, 55.690642], [37.755747, 55.690746], [37.756741, 55.690665], [37.757315, 55.690616], [37.758261, 55.690327], [37.759119, 55.690212], [37.759092, 55.69042], [37.760093, 55.690523], [37.760425, 55.69097], [37.760854, 55.691026], [37.761121, 55.69059], [37.760724, 55.68974], [37.760741, 55.689703], [37.761192, 55.688741], [37.762634, 55.688128], [37.764168, 55.688438], [37.764691, 55.687874], [37.765447, 55.687684], [37.766465, 55.687523], [37.767043, 55.687249], [37.785026, 55.683413], [37.78888, 55.681296], [37.792502, 55.683121], [37.793521, 55.682877], [37.798329, 55.680188], [37.802529, 55.680487], [37.805318, 55.680281], [37.805013, 55.679497], [37.804391, 55.677937], [37.804494, 55.67742], [37.804855, 55.677202], [37.804943, 55.677169], [37.805413, 55.676994], [37.805673, 55.67675], [37.805576, 55.676229], [37.807933, 55.674636], [37.809818, 55.675776], [37.810582, 55.675349], [37.811961, 55.674558], [37.812267, 55.674733], [37.814413, 55.67587], [37.812181, 55.677129], [37.818095, 55.680369], [37.819458, 55.679642], [37.820428, 55.679125], [37.821998, 55.678286], [37.823163, 55.678948], [37.823559, 55.678782], [37.825024, 55.67951], [37.82595, 55.678924], [37.826717, 55.679266], [37.830383, 55.677276], [37.834529, 55.67789], [37.834704, 55.677323], [37.834815, 55.677031], [37.83493, 55.676755], [37.83504, 55.676471], [37.835134, 55.676172], [37.835245, 55.675884], [37.83546, 55.675319], [37.83556, 55.675031], [37.835656, 55.674738], [37.835915, 55.674062], [37.836074, 55.673594], [37.836344, 55.672931], [37.836658, 55.672098], [37.837057, 55.670961], [37.837604, 55.669511], [37.837797, 55.6689], [37.838061, 55.668249], [37.838464, 55.667131], [37.838919, 55.665906], [37.839339, 55.664739], [37.839484, 55.664346], [37.8396, 55.664007], [37.83972, 55.663527], [37.839844, 55.663051], [37.839943, 55.662566], [37.840034, 55.662107], [37.840073, 55.661591], [37.840109, 55.661106], [37.840142, 55.659827], [37.840109, 55.659206], [37.840043, 55.658558], [37.840133, 55.658272], [37.840741, 55.658149], [37.84125, 55.658106], [37.841627, 55.657845], [37.841599, 55.657285], [37.84139, 55.656703], [37.84066, 55.656792], [37.840151, 55.656855], [37.838138, 55.657065], [37.837579, 55.657106], [37.836934, 55.657123], [37.836413, 55.657122], [37.836115, 55.657096], [37.835848, 55.657072], [37.834929, 55.657025], [37.834261, 55.656988], [37.833341, 55.656948], [37.830843, 55.656976], [37.829222, 55.657002], [37.82672, 55.65705], [37.825583, 55.657057], [37.82466, 55.657059], [37.822933, 55.657129], [37.821734, 55.657104], [37.820064, 55.657121], [37.81868, 55.657165], [37.817094, 55.657247], [37.816922, 55.657253], [37.815388, 55.657319], [37.815176, 55.657328], [37.814526, 55.657352], [37.812475, 55.657412], [37.807537, 55.657447], [37.805123, 55.657464], [37.800197, 55.657499], [37.796431, 55.657524], [37.7937, 55.657581], [37.789453, 55.6581], [37.788003, 55.658459], [37.782329, 55.663547], [37.782096, 55.663665], [37.781864, 55.663784], [37.777972, 55.665885], [37.776509, 55.66668], [37.775913, 55.666931], [37.774909, 55.667134], [37.77344, 55.667279], [37.773112, 55.667307], [37.771428, 55.667441], [37.771041, 55.667471], [37.77067, 55.667346], [37.770248, 55.667471], [37.769982, 55.66752], [37.767926, 55.667696], [37.767534, 55.667787], [37.766867, 55.667942], [37.766618, 55.668017], [37.766347, 55.668108], [37.765951, 55.66824], [37.765742, 55.668305], [37.763953, 55.668865], [37.762995, 55.668594], [37.759081, 55.667504], [37.757271, 55.667235], [37.7572, 55.667224], [37.756241, 55.667074], [37.754034, 55.666752], [37.753195, 55.666618], [37.752819, 55.666559], [37.752276, 55.666462], [37.752011, 55.666415], [37.751687, 55.666347], [37.751065, 55.666217], [37.750952, 55.666185], [37.750737, 55.666134], [37.750453, 55.666043], [37.750234, 55.665954], [37.75005, 55.66588], [37.749455, 55.665622], [37.749297, 55.665548], [37.748967, 55.665393], [37.748839, 55.665337], [37.748443, 55.665163], [37.74774, 55.664856], [37.747185, 55.664609], [37.745898, 55.664049], [37.744826, 55.66358], [37.74324, 55.66278], [37.74276, 55.662572], [37.742476, 55.66248], [37.742181, 55.662403], [37.741913, 55.662345], [37.741531, 55.662263], [37.741211, 55.662153], [37.740133, 55.661757], [37.739932, 55.661634], [37.739509, 55.661375], [37.737547, 55.660178], [37.735572, 55.659671], [37.735031, 55.659536], [37.733819, 55.659179], [37.73283, 55.658756], [37.730748, 55.657908], [37.730407, 55.657769], [37.730086, 55.657633], [37.728685, 55.657049], [37.72751, 55.656583], [37.727276, 55.65649], [37.727133, 55.656581], [37.726898, 55.656627], [37.726476, 55.656762], [37.72588, 55.657051], [37.724365, 55.657915], [37.723699, 55.658313], [37.723648, 55.658342], [37.723158, 55.65863], [37.723107, 55.65866], [37.720247, 55.660327], [37.719983, 55.660275], [37.719696, 55.660199], [37.715525, 55.658244], [37.714822, 55.658184], [37.714226, 55.658188], [37.713129, 55.65852]]]}}, {"type": "Feature", "properties": {"name": "Марьино", "name_en": "Maryino", "okrug": "ЮВАО", "source_name": "Марьино", "okato": "45290572", "oktmo": "45390000"}, "geometry": {"type": "Polygon", "coordinates": [[[37.692906, 55.643829], [37.69384, 55.644619], [37.694752, 55.645474], [37.694997, 55.64571], [37.695173, 55.645839], [37.695464, 55.646051], [37.696013, 55.64638], [37.696933, 55.646898], [37.697724, 55.647309], [37.698548, 55.647752], [37.698919, 55.647965], [37.699329, 55.648231], [37.699865, 55.648616], [37.700375, 55.648995], [37.700927, 55.649395], [37.701887, 55.650116], [37.702821, 55.650809], [37.703839, 55.651555], [37.705095, 55.652499], [37.706471, 55.653528], [37.706961, 55.653896], [37.70944, 55.655761], [37.710088, 55.656264], [37.711432, 55.657257], [37.711966, 55.657649], [37.713129, 55.65852], [37.714226, 55.658188], [37.714822, 55.658184], [37.715525, 55.658244], [37.719696, 55.660199], [37.719983, 55.660275], [37.720247, 55.660327], [37.723107, 55.65866], [37.723158, 55.65863], [37.723648, 55.658342], [37.723699, 55.658313], [37.724365, 55.657915], [37.72588, 55.657051], [37.726476, 55.656762], [37.726898, 55.656627], [37.727133, 55.656581], [37.727276, 55.65649], [37.72751, 55.656583], [37.728685, 55.657049], [37.730086, 55.657633], [37.730407, 55.657769], [37.730748, 55.657908], [37.73283, 55.658756], [37.733819, 55.659179], [37.735031, 55.659536], [37.735572, 55.659671], [37.737547, 55.660178], [37.739509, 55.661375], [37.739932, 55.661634], [37.740133, 55.661757], [37.741211, 55.662153], [37.741531, 55.662263], [37.741913, 55.662345], [37.742181, 55.662403], [37.742476, 55.66248], [37.74276, 55.662572], [37.74324, 55.66278], [37.744826, 55.66358], [37.745898, 55.664049], [37.747185, 55.664609], [37.74774, 55.664856], [37.748443, 55.665163], [37.748839, 55.665337], [37.748967, 55.665393], [37.749297, 55.665548], [37.749455, 55.665622], [37.75005, 55.66588], [37.750234, 55.665954], [37.750453, 55.666043], [37.750737, 55.666134], [37.750952, 55.666185], [37.751065, 55.666217], [37.751687, 55.666347], [37.752011, 55.666415], [37.752276, 55.666462], [37.752819, 55.666559], [37.753195, 55.666618], [37.754034, 55.666752], [37.756241, 55.667074], [37.7572, 55.667224], [37.757271, 55.667235], [37.759081, 55.667504], [37.762995, 55.668594], [37.763953, 55.668865], [37.765742, 55.668305], [37.765951, 55.66824], [37.766347, 55.668108], [37.766618, 55.668017], [37.766867, 55.667942], [37.767534, 55.667787], [37.767926, 55.667696], [37.769982, 55.66752], [37.770248, 55.667471], [37.77067, 55.667346], [37.771041, 55.667471], [37.771428, 55.667441], [37.773112, 55.667307], [37.77344, 55.667279], [37.774909, 55.667134], [37.775913, 55.666931], [37.776509, 55.66668], [37.777972, 55.665885], [37.781864, 55.663784], [37.782096, 55.663665], [37.782329, 55.663547], [37.788003, 55.658459], [37.784486, 55.651152], [37.783447, 55.648545], [37.779799, 55.648739], [37.766919, 55.645621], [37.766195, 55.645446], [37.749587, 55.640626], [37.745381, 55.639899], [37.729502, 55.640892], [37.729034, 55.640851], [37.72647, 55.64062], [37.713278, 55.639457], [37.699417, 55.642122], [37.694482, 55.643284], [37.692906, 55.643829]]]}}, {"type": "Feature", "properties": {"name": "Некрасовка", "name_en": "Nekrasovka", "okrug": "ЮВАО", "source_name": "Некрасовка", "okato": "45290574", "oktmo": "45391000"}, "geometry": {"type": "Polygon", "coordinates": [[[37.906128, 55.706258], [37.907012, 55.706991], [37.919245, 55.707606], [37.920674, 55.707796], [37.921917, 55.707961], [37.92258, 55.708689], [37.923355, 55.709539], [37.924794, 55.711117], [37.924847, 55.711113], [37.925692, 55.711982], [37.926115, 55.712187], [37.926254, 55.71515], [37.92807, 55.716159], [37.930932, 55.716193], [37.936587, 55.716238], [37.937997, 55.717383], [37.938367, 55.717426], [37.940681, 55.718619], [37.941327, 55.718952], [37.942996, 55.719813], [37.945163, 55.720812], [37.94565, 55.720838], [37.947475, 55.72006], [37.948041, 55.72025], [37.94832, 55.720179], [37.949408, 55.720052], [37.949823, 55.720004], [37.95051, 55.72003], [37.955513, 55.720222], [37.958474, 55.717617], [37.962053, 55.717165], [37.967428, 55.716249], [37.967317, 55.71604], [37.965022, 55.71544], [37.960666, 55.714754], [37.959859, 55.714091], [37.966706, 55.710499], [37.96677, 55.710227], [37.965972, 55.709961], [37.964351, 55.709388], [37.964193, 55.709197], [37.953098, 55.711262], [37.949667, 55.711341], [37.947367, 55.708672], [37.9542, 55.706734], [37.954395, 55.706938], [37.957911, 55.70594], [37.959745, 55.704508], [37.95822, 55.70294], [37.95895, 55.702597], [37.957045, 55.70086], [37.956038, 55.701104], [37.956561, 55.701669], [37.956629, 55.702067], [37.956508, 55.702207], [37.956213, 55.702351], [37.956139, 55.702506], [37.955756, 55.702732], [37.955506, 55.702796], [37.954856, 55.70281], [37.954613, 55.702875], [37.954209, 55.702775], [37.954075, 55.702629], [37.953692, 55.702425], [37.953296, 55.702076], [37.953209, 55.701687], [37.953053, 55.701578], [37.952926, 55.701329], [37.953163, 55.701194], [37.953257, 55.700722], [37.953352, 55.700583], [37.952983, 55.700569], [37.952813, 55.700615], [37.952171, 55.700602], [37.952094, 55.700568], [37.951666, 55.700629], [37.951485, 55.700536], [37.951327, 55.700559], [37.951, 55.700465], [37.950942, 55.700401], [37.950309, 55.700256], [37.95008, 55.700071], [37.94991, 55.700029], [37.949522, 55.700055], [37.949412, 55.700007], [37.948996, 55.700114], [37.948636, 55.700139], [37.948304, 55.700077], [37.947754, 55.700224], [37.947198, 55.700248], [37.946861, 55.700162], [37.946646, 55.699994], [37.946678, 55.699869], [37.94637, 55.699516], [37.945304, 55.699128], [37.945233, 55.698982], [37.945343, 55.698555], [37.945604, 55.698164], [37.945539, 55.69809], [37.945204, 55.697978], [37.944839, 55.697767], [37.944634, 55.697548], [37.944567, 55.697367], [37.944604, 55.697207], [37.94479, 55.696994], [37.945061, 55.696856], [37.946231, 55.696673], [37.946447, 55.696416], [37.946673, 55.696362], [37.946673, 55.696362], [37.946673, 55.696362], [37.947059, 55.696378], [37.947219, 55.696302], [37.947793, 55.695915], [37.947898, 55.695611], [37.948272, 55.695425], [37.948302, 55.695259], [37.948476, 55.695128], [37.948877, 55.695078], [37.949777, 55.695242], [37.95006, 55.6954], [37.950217, 55.695558], [37.950361, 55.695858], [37.950877, 55.696187], [37.955612, 55.694513], [37.95393, 55.692726], [37.956354, 55.692743], [37.957578, 55.693849], [37.960204, 55.692774], [37.958984, 55.69103], [37.95788, 55.689451], [37.958124, 55.6894], [37.959146, 55.689569], [37.959403, 55.689482], [37.959426, 55.689427], [37.959625, 55.689335], [37.96, 55.689273], [37.960732, 55.689234], [37.961184, 55.689027], [37.961238, 55.688969], [37.960944, 55.68847], [37.960962, 55.688314], [37.961167, 55.688081], [37.961618, 55.687796], [37.962224, 55.687629], [37.962621, 55.687599], [37.962822, 55.687509], [37.963455, 55.687366], [37.963578, 55.687194], [37.96357, 55.687042], [37.96324, 55.686671], [37.963245, 55.686559], [37.963597, 55.686441], [37.964249, 55.686432], [37.96454, 55.686377], [37.964716, 55.686274], [37.964771, 55.686174], [37.96477, 55.68606], [37.964236, 55.686003], [37.963535, 55.686001], [37.963206, 55.685938], [37.962905, 55.685741], [37.962873, 55.685664], [37.962839, 55.685485], [37.962985, 55.685036], [37.963286, 55.684897], [37.963799, 55.684518], [37.963738, 55.684344], [37.963569, 55.684269], [37.963546, 55.684182], [37.963554, 55.684045], [37.963663, 55.68396], [37.963499, 55.683639], [37.963491, 55.683351], [37.963268, 55.683022], [37.963038, 55.682816], [37.963066, 55.682318], [37.963282, 55.681861], [37.963462, 55.681766], [37.963588, 55.681576], [37.963504, 55.681125], [37.96338, 55.680907], [37.963606, 55.68054], [37.96435, 55.680053], [37.964402, 55.679815], [37.964277, 55.679603], [37.963263, 55.678918], [37.962629, 55.678213], [37.962123, 55.67795], [37.961859, 55.677714], [37.961779, 55.677487], [37.961877, 55.67696], [37.961356, 55.675637], [37.961445, 55.675379], [37.961739, 55.675131], [37.962602, 55.674899], [37.963469, 55.674425], [37.963796, 55.673904], [37.963378, 55.673656], [37.960042, 55.674008], [37.950866, 55.675023], [37.949651, 55.675162], [37.948626, 55.675502], [37.935597, 55.675777], [37.932015, 55.675911], [37.931604, 55.675964], [37.928111, 55.676024], [37.927126, 55.675952], [37.920472, 55.676143], [37.920473, 55.676441], [37.918936, 55.680538], [37.918476, 55.680764], [37.916109, 55.681203], [37.915475, 55.681232], [37.913793, 55.681538], [37.914306, 55.682998], [37.913291, 55.683317], [37.916714, 55.685946], [37.917258, 55.686267], [37.917335, 55.686987], [37.917725, 55.687694], [37.918603, 55.68826], [37.922435, 55.688808], [37.923193, 55.689271], [37.92442, 55.690763], [37.924814, 55.691037], [37.925997, 55.692379], [37.926488, 55.692631], [37.927583, 55.69398], [37.927405, 55.694057], [37.927509, 55.694173], [37.927868, 55.694589], [37.927911, 55.694638], [37.928253, 55.694999], [37.928568, 55.695127], [37.935871, 55.696811], [37.939126, 55.696499], [37.939877, 55.696504], [37.939755, 55.696608], [37.939807, 55.698015], [37.927053, 55.698215], [37.926609, 55.698221], [37.926068, 55.697894], [37.924804, 55.697041], [37.924575, 55.697021], [37.919376, 55.699352], [37.918938, 55.699425], [37.915167, 55.697047], [37.913437, 55.697865], [37.913465, 55.70217], [37.912206, 55.70297], [37.912241, 55.703421], [37.911377, 55.704777], [37.909273, 55.704944], [37.907806, 55.704634], [37.907247, 55.704613], [37.906128, 55.706258]]]}}, {"type": "Feature", "properties": {"name": "Нижегородский", "name_en": "Nizhegorodsky", "okrug": "ЮВАО", "source_name": "Нижегородский", "okato": "45290578", "oktmo": "45392000"}, "geometry": {"type": "Polygon", "coordinates": [[[37.680467, 55.728405], [37.68157, 55.728472], [37.681442, 55.72904], [37.683298, 55.72907], [37.684103, 55.729584], [37.68406, 55.730031], [37.685838, 55.730113], [37.685827, 55.730182], [37.685433, 55.732577], [37.685364, 55.732998], [37.685602, 55.73294], [37.686898, 55.732447], [37.688199, 55.731773], [37.690943, 55.730179], [37.692158, 55.72954], [37.692642, 55.729372], [37.693037, 55.729292], [37.69331, 55.729277], [37.693603, 55.72929], [37.6937, 55.729303], [37.693955, 55.729526], [37.694509, 55.730299], [37.695127, 55.731185], [37.695736, 55.731997], [37.696103, 55.73247], [37.696606, 55.733125], [37.697094, 55.733759], [37.69717, 55.733858], [37.697204, 55.733903], [37.698312, 55.735349], [37.698351, 55.7354], [37.698406, 55.735473], [37.698479, 55.73562], [37.698862, 55.736436], [37.69929, 55.736384], [37.699835, 55.736317], [37.699487, 55.736743], [37.697919, 55.73959], [37.697806, 55.740076], [37.696584, 55.742392], [37.698166, 55.742461], [37.700017, 55.742459], [37.700332, 55.742438], [37.70065, 55.742439], [37.700701, 55.742834], [37.70083, 55.744126], [37.70335, 55.743961], [37.706495, 55.743754], [37.707585, 55.74359], [37.71094, 55.743301], [37.711492, 55.743265], [37.712868, 55.740149], [37.713091, 55.739729], [37.713435, 55.739159], [37.713838, 55.738521], [37.71431, 55.737864], [37.714825, 55.737298], [37.715522, 55.73666], [37.716091, 55.736195], [37.716767, 55.735778], [37.717726, 55.735283], [37.718644, 55.734878], [37.718884, 55.734801], [37.71976, 55.73452], [37.720216, 55.734425], [37.722184, 55.734082], [37.722588, 55.734046], [37.72278, 55.734029], [37.724955, 55.733834], [37.729051, 55.733471], [37.729175, 55.733676], [37.729306, 55.733884], [37.729456, 55.734136], [37.72964, 55.734448], [37.729788, 55.734702], [37.729968, 55.735004], [37.730153, 55.735311], [37.73027, 55.735513], [37.73049, 55.735756], [37.730675, 55.73604], [37.730846, 55.736333], [37.731009, 55.736587], [37.731123, 55.736776], [37.731326, 55.737062], [37.731548, 55.737394], [37.731782, 55.737718], [37.731979, 55.738018], [37.732174, 55.738329], [37.732373, 55.73862], [37.732602, 55.738951], [37.733224, 55.739908], [37.733817, 55.740888], [37.734031, 55.741248], [37.735293, 55.743342], [37.735408, 55.74355], [37.735574, 55.743891], [37.735704, 55.744161], [37.735797, 55.744349], [37.735883, 55.744543], [37.735937, 55.744688], [37.736004, 55.744878], [37.736183, 55.745391], [37.736315, 55.745624], [37.736484, 55.745856], [37.736598, 55.745975], [37.737447, 55.745756], [37.738416, 55.745486], [37.739342, 55.745177], [37.740182, 55.744832], [37.741017, 55.744452], [37.741742, 55.744052], [37.742374, 55.743666], [37.743099, 55.743178], [37.743967, 55.74254], [37.745287, 55.74139], [37.745945, 55.740878], [37.746723, 55.740368], [37.747509, 55.739946], [37.748392, 55.739535], [37.74935, 55.739157], [37.750459, 55.7388], [37.751622, 55.738499], [37.752766, 55.738258], [37.753977, 55.738048], [37.755363, 55.737849], [37.758548, 55.737453], [37.759228, 55.737364], [37.759983, 55.737226], [37.760543, 55.737134], [37.760911, 55.737069], [37.761271, 55.736993], [37.761758, 55.736857], [37.762205, 55.736708], [37.762636, 55.736542], [37.765891, 55.734964], [37.767132, 55.734358], [37.767299, 55.734269], [37.766998, 55.734191], [37.766654, 55.73412], [37.762382, 55.733255], [37.761912, 55.73318], [37.761862, 55.73299], [37.761736, 55.732525], [37.761316, 55.73179], [37.760895, 55.731259], [37.760371, 55.730766], [37.75965, 55.730224], [37.759041, 55.729852], [37.757865, 55.729296], [37.756698, 55.728871], [37.755453, 55.728562], [37.753972, 55.728273], [37.753344, 55.728144], [37.749903, 55.727479], [37.746561, 55.726887], [37.73598, 55.725015], [37.731086, 55.724148], [37.72916, 55.723807], [37.724911, 55.723055], [37.72109, 55.722379], [37.718807, 55.721992], [37.71755, 55.721772], [37.717237, 55.721723], [37.71504, 55.723536], [37.71411, 55.723258], [37.71239, 55.722734], [37.710488, 55.722206], [37.708676, 55.721711], [37.706505, 55.721071], [37.705271, 55.720706], [37.702245, 55.719738], [37.700266, 55.72071], [37.699918, 55.720893], [37.699285, 55.721193], [37.698888, 55.72137], [37.69733, 55.721964], [37.694169, 55.723063], [37.693355, 55.723335], [37.689164, 55.724763], [37.68778, 55.725229], [37.68537, 55.726045], [37.681473, 55.727376], [37.680568, 55.727688], [37.680555, 55.727775], [37.680522, 55.728065], [37.680507, 55.728151], [37.68048, 55.728329], [37.680467, 55.728405]]]}}, {"type": "Feature", "properties": {"name": "Печатники", "name_en": "Pechatniki", "okrug": "ЮВАО", "source_name": "Печатники", "okato": "45290582", "oktmo": "45393000"}, "geometry": {"type": "Polygon", "coordinates": [[[37.671522, 55.655779], [37.671603, 55.656364], [37.672382, 55.661983], [37.67324, 55.665106], [37.675043, 55.667647], [37.678133, 55.669051], [37.682424, 55.670624], [37.687402, 55.671156], [37.690748, 55.67324], [37.692702, 55.673779], [37.697347, 55.675064], [37.700341, 55.675886], [37.704762, 55.677363], [37.707242, 55.6788], [37.70793, 55.679101], [37.71195, 55.68132], [37.712379, 55.684659], [37.712122, 55.688457], [37.707573, 55.69327], [37.694784, 55.695351], [37.688513, 55.696579], [37.684651, 55.697371], [37.686546, 55.699674], [37.687331, 55.700531], [37.687425, 55.700634], [37.687711, 55.700963], [37.687877, 55.701192], [37.687958, 55.701307], [37.689123, 55.702934], [37.69028, 55.704549], [37.69033, 55.704619], [37.691486, 55.706352], [37.688809, 55.706374], [37.687854, 55.70635], [37.687736, 55.706348], [37.686906, 55.706311], [37.686574, 55.706251], [37.686368, 55.706203], [37.686277, 55.706178], [37.684264, 55.708457], [37.682853, 55.710024], [37.682741, 55.710151], [37.68235, 55.710615], [37.681779, 55.711292], [37.681422, 55.711751], [37.680647, 55.712734], [37.680348, 55.713138], [37.679624, 55.714128], [37.679068, 55.714819], [37.67917, 55.714845], [37.679284, 55.714877], [37.679778, 55.715018], [37.680385, 55.715191], [37.681027, 55.715374], [37.681362, 55.71547], [37.682201, 55.71571], [37.685807, 55.716741], [37.687999, 55.717368], [37.689742, 55.717868], [37.69086, 55.718189], [37.691085, 55.718252], [37.693336, 55.718884], [37.694021, 55.719017], [37.694169, 55.719041], [37.69444, 55.719074], [37.69476, 55.719124], [37.695072, 55.719184], [37.695261, 55.719236], [37.695819, 55.719397], [37.696689, 55.71965], [37.697386, 55.719853], [37.697591, 55.719923], [37.698249, 55.720197], [37.698425, 55.720263], [37.698701, 55.720369], [37.699053, 55.720481], [37.699679, 55.720661], [37.699748, 55.720677], [37.700029, 55.720745], [37.700266, 55.72071], [37.702245, 55.719738], [37.705271, 55.720706], [37.706505, 55.721071], [37.708676, 55.721711], [37.710488, 55.722206], [37.71239, 55.722734], [37.71411, 55.723258], [37.71504, 55.723536], [37.717237, 55.721723], [37.718101, 55.721005], [37.724777, 55.7155], [37.72639, 55.714185], [37.726953, 55.713635], [37.727431, 55.713153], [37.728237, 55.712222], [37.728897, 55.711244], [37.729257, 55.710384], [37.729493, 55.707942], [37.730094, 55.701246], [37.730349, 55.699716], [37.730491, 55.698841], [37.730884, 55.697025], [37.731081, 55.69608], [37.731313, 55.695122], [37.731616, 55.693976], [37.732128, 55.693096], [37.732577, 55.692378], [37.733015, 55.691934], [37.733807, 55.691118], [37.734179, 55.690577], [37.73445, 55.689956], [37.734724, 55.688936], [37.734879, 55.688207], [37.734906, 55.687774], [37.734893, 55.687427], [37.734491, 55.686371], [37.734428, 55.686186], [37.734021, 55.685448], [37.733472, 55.684493], [37.733016, 55.683616], [37.732778, 55.683066], [37.732492, 55.682472], [37.732191, 55.681744], [37.731822, 55.680779], [37.731265, 55.679509], [37.729627, 55.676631], [37.728884, 55.675404], [37.727562, 55.67317], [37.727378, 55.672748], [37.727043, 55.672159], [37.726601, 55.671302], [37.725204, 55.668956], [37.723728, 55.66691], [37.72211, 55.665133], [37.720892, 55.664177], [37.72021, 55.663657], [37.718967, 55.662857], [37.717564, 55.661805], [37.714955, 55.659886], [37.714548, 55.659568], [37.713129, 55.65852], [37.711966, 55.657649], [37.711432, 55.657257], [37.710088, 55.656264], [37.70944, 55.655761], [37.706961, 55.653896], [37.706471, 55.653528], [37.705095, 55.652499], [37.703839, 55.651555], [37.702821, 55.650809], [37.701887, 55.650116], [37.700927, 55.649395], [37.700375, 55.648995], [37.699865, 55.648616], [37.699329, 55.648231], [37.698919, 55.647965], [37.698548, 55.647752], [37.697724, 55.647309], [37.696933, 55.646898], [37.696013, 55.64638], [37.695464, 55.646051], [37.695173, 55.645839], [37.694997, 55.64571], [37.694752, 55.645474], [37.69384, 55.644619], [37.692906, 55.643829], [37.688945, 55.645222], [37.678045, 55.649944], [37.674569, 55.65176], [37.672595, 55.653213], [37.67165, 55.654351], [37.671522, 55.655779]]]}}, {"type": "Feature", "properties": {"name": "Рязанский", "name_en": "Ryazansky", "okrug": "ЮВАО", "source_name": "Рязанский", "okato": "45290586", "oktmo": "45394000"}, "geometry": {"type": "Polygon", "coordinates": [[[37.73598, 55.725015], [37.746561, 55.726887], [37.749903, 55.727479], [37.753344, 55.728144], [37.753972, 55.728273], [37.755453, 55.728562], [37.756698, 55.728871], [37.757865, 55.729296], [37.759041, 55.729852], [37.75965, 55.730224], [37.760371, 55.730766], [37.760895, 55.731259], [37.761316, 55.73179], [37.761736, 55.732525], [37.761862, 55.73299], [37.761912, 55.73318], [37.762382, 55.733255], [37.766654, 55.73412], [37.766998, 55.734191], [37.767299, 55.734269], [37.767519, 55.734154], [37.769267, 55.733254], [37.769965, 55.732905], [37.773852, 55.730906], [37.774173, 55.730744], [37.774888, 55.730387], [37.775897, 55.729939], [37.777143, 55.729506], [37.779063, 55.728889], [37.789796, 55.725293], [37.792307, 55.724462], [37.793719, 55.723979], [37.796771, 55.722893], [37.799118, 55.722106], [37.798574, 55.720578], [37.798423, 55.720151], [37.798389, 55.720057], [37.798339, 55.719898], [37.798133, 55.719242], [37.797663, 55.717799], [37.797504, 55.717311], [37.79749, 55.717263], [37.79723, 55.716225], [37.797187, 55.71608], [37.79718, 55.71606], [37.796954, 55.715312], [37.796673, 55.714386], [37.796491, 55.713787], [37.796185, 55.712779], [37.796141, 55.712627], [37.796098, 55.712487], [37.795957, 55.712023], [37.795744, 55.711321], [37.795064, 55.709081], [37.794545, 55.707374], [37.794218, 55.707389], [37.792749, 55.707601], [37.788899, 55.708123], [37.787758, 55.708278], [37.785334, 55.708606], [37.784604, 55.708705], [37.782716, 55.708962], [37.782384, 55.709008], [37.781733, 55.709094], [37.781027, 55.709194], [37.780585, 55.709295], [37.780123, 55.709832], [37.779866, 55.710131], [37.779001, 55.711138], [37.778089, 55.7122], [37.777993, 55.712347], [37.777889, 55.712508], [37.777633, 55.712822], [37.777345, 55.713174], [37.777011, 55.713583], [37.776646, 55.71403], [37.775587, 55.715354], [37.775539, 55.715414], [37.774586, 55.716606], [37.774397, 55.716843], [37.770969, 55.715983], [37.77048, 55.715949], [37.768813, 55.715564], [37.767695, 55.715305], [37.766232, 55.714967], [37.762248, 55.713659], [37.760596, 55.713256], [37.760225, 55.713193], [37.76001, 55.713147], [37.759459, 55.713], [37.759006, 55.712882], [37.757401, 55.712465], [37.757009, 55.712364], [37.755723, 55.712033], [37.75518, 55.711893], [37.753981, 55.711584], [37.753865, 55.711554], [37.753528, 55.711467], [37.753293, 55.711406], [37.753138, 55.711366], [37.752508, 55.711204], [37.750652, 55.710733], [37.750509, 55.710696], [37.750313, 55.710645], [37.749299, 55.71038], [37.74919, 55.710352], [37.749001, 55.710303], [37.748883, 55.710483], [37.748687, 55.710784], [37.748623, 55.710882], [37.748599, 55.710919], [37.748428, 55.711195], [37.748297, 55.711408], [37.748261, 55.711464], [37.748227, 55.711514], [37.747818, 55.712184], [37.74779, 55.71223], [37.747644, 55.712463], [37.747358, 55.712922], [37.747326, 55.712973], [37.747243, 55.713107], [37.747038, 55.713436], [37.746804, 55.713811], [37.746704, 55.713974], [37.746546, 55.714231], [37.746173, 55.714842], [37.746134, 55.714905], [37.746058, 55.715029], [37.746002, 55.715122], [37.744934, 55.71685], [37.744872, 55.716967], [37.744806, 55.717103], [37.744066, 55.718162], [37.743706, 55.718719], [37.743446, 55.719055], [37.74332, 55.719284], [37.742668, 55.720471], [37.742612, 55.720571], [37.742527, 55.72075], [37.742376, 55.721668], [37.741346, 55.722079], [37.741146, 55.722258], [37.740835, 55.722534], [37.740578, 55.722897], [37.739775, 55.724095], [37.738982, 55.724659], [37.738581, 55.724781], [37.738186, 55.724907], [37.737843, 55.724979], [37.73765, 55.725], [37.737457, 55.725028], [37.737003, 55.725052], [37.73598, 55.725015]]]}}, {"type": "Feature", "properties": {"name": "Текстильщики", "name_en": "Tekstilshchiki", "okrug": "ЮВАО", "source_name": "Текстильщики", "okato": "45290590", "oktmo": "45395000"}, "geometry": {"type": "Polygon", "coordinates": [[[37.717237, 55.721723], [37.71755, 55.721772], [37.718807, 55.721992], [37.72109, 55.722379], [37.724911, 55.723055], [37.72916, 55.723807], [37.731086, 55.724148], [37.73598, 55.725015], [37.737003, 55.725052], [37.737457, 55.725028], [37.73765, 55.725], [37.737843, 55.724979], [37.738186, 55.724907], [37.738581, 55.724781], [37.738982, 55.724659], [37.739775, 55.724095], [37.740578, 55.722897], [37.740835, 55.722534], [37.741146, 55.722258], [37.741346, 55.722079], [37.742376, 55.721668], [37.742527, 55.72075], [37.742612, 55.720571], [37.742668, 55.720471], [37.74332, 55.719284], [37.743446, 55.719055], [37.743706, 55.718719], [37.744066, 55.718162], [37.744806, 55.717103], [37.744872, 55.716967], [37.744934, 55.71685], [37.746002, 55.715122], [37.746058, 55.715029], [37.746134, 55.714905], [37.746173, 55.714842], [37.746546, 55.714231], [37.746704, 55.713974], [37.746804, 55.713811], [37.747038, 55.713436], [37.747243, 55.713107], [37.747326, 55.712973], [37.747358, 55.712922], [37.747644, 55.712463], [37.74779, 55.71223], [37.747818, 55.712184], [37.748227, 55.711514], [37.748261, 55.711464], [37.748297, 55.711408], [37.748428, 55.711195], [37.748599, 55.710919], [37.748623, 55.710882], [37.748687, 55.710784], [37.748883, 55.710483], [37.749001, 55.710303], [37.748891, 55.710274], [37.747844, 55.710002], [37.74761, 55.709941], [37.747611, 55.709791], [37.747609, 55.709598], [37.74762, 55.709493], [37.747811, 55.70841], [37.747857, 55.708148], [37.747867, 55.70809], [37.74788, 55.708018], [37.74788, 55.70798], [37.747866, 55.70794], [37.747829, 55.70786], [37.746963, 55.707977], [37.745286, 55.708209], [37.745217, 55.708061], [37.745445, 55.707657], [37.74576, 55.707187], [37.746314, 55.706356], [37.746324, 55.706341], [37.746747, 55.705702], [37.746779, 55.705642], [37.746854, 55.70553], [37.747344, 55.704795], [37.749026, 55.702278], [37.749543, 55.70151], [37.75009, 55.700689], [37.750154, 55.700593], [37.750201, 55.700504], [37.751471, 55.698557], [37.751998, 55.697749], [37.752058, 55.697657], [37.754216, 55.694337], [37.754294, 55.694218], [37.755345, 55.692642], [37.755357, 55.692625], [37.755667, 55.692251], [37.755859, 55.691963], [37.756045, 55.69167], [37.756111, 55.69152], [37.756119, 55.69137], [37.756065, 55.691209], [37.755801, 55.690824], [37.755747, 55.690746], [37.755675, 55.690642], [37.755086, 55.689893], [37.754993, 55.689795], [37.754628, 55.689439], [37.754249, 55.688958], [37.747361, 55.690301], [37.746969, 55.690234], [37.746031, 55.69047], [37.745537, 55.690289], [37.742443, 55.690079], [37.741801, 55.690112], [37.74143, 55.690239], [37.738842, 55.691728], [37.735838, 55.691982], [37.733015, 55.691934], [37.732577, 55.692378], [37.732128, 55.693096], [37.731616, 55.693976], [37.731313, 55.695122], [37.731081, 55.69608], [37.730884, 55.697025], [37.730491, 55.698841], [37.730349, 55.699716], [37.730094, 55.701246], [37.729493, 55.707942], [37.729257, 55.710384], [37.728897, 55.711244], [37.728237, 55.712222], [37.727431, 55.713153], [37.726953, 55.713635], [37.72639, 55.714185], [37.724777, 55.7155], [37.718101, 55.721005], [37.717237, 55.721723]]]}}, {"type": "Feature", "properties": {"name": "Южнопортовый", "name_en": "Yuzhnoportovy", "okrug": "ЮВАО", "source_name": "Южнопортовый", "okato": "45290594", "oktmo": "45396000"}, "geometry": {"type": "Polygon", "coordinates": [[[37.66069, 55.730703], [37.660817, 55.730734], [37.661335, 55.730845], [37.663034, 55.731155], [37.663402, 55.731238], [37.663661, 55.731295], [37.664089, 55.731389], [37.664426, 55.731467], [37.665811, 55.731635], [37.66624, 55.731536], [37.666823, 55.731216], [37.667463, 55.730864], [37.66749, 55.730826], [37.667657, 55.730585], [37.667732, 55.730392], [37.66792, 55.730033], [37.668132, 55.729695], [37.668659, 55.728853], [37.669201, 55.728024], [37.669625, 55.727375], [37.669714, 55.727239], [37.670156, 55.726549], [37.670559, 55.725913], [37.670637, 55.725799], [37.672557, 55.72624], [37.677568, 55.727306], [37.678073, 55.727516], [37.678433, 55.727831], [37.678615, 55.727989], [37.678748, 55.728106], [37.67886, 55.728204], [37.678918, 55.728265], [37.680568, 55.727688], [37.681473, 55.727376], [37.68537, 55.726045], [37.68778, 55.725229], [37.689164, 55.724763], [37.693355, 55.723335], [37.694169, 55.723063], [37.69733, 55.721964], [37.698888, 55.72137], [37.699285, 55.721193], [37.699918, 55.720893], [37.700266, 55.72071], [37.700029, 55.720745], [37.699748, 55.720677], [37.699679, 55.720661], [37.699053, 55.720481], [37.698701, 55.720369], [37.698425, 55.720263], [37.698249, 55.720197], [37.697591, 55.719923], [37.697386, 55.719853], [37.696689, 55.71965], [37.695819, 55.719397], [37.695261, 55.719236], [37.695072, 55.719184], [37.69476, 55.719124], [37.69444, 55.719074], [37.694169, 55.719041], [37.694021, 55.719017], [37.693336, 55.718884], [37.691085, 55.718252], [37.69086, 55.718189], [37.689742, 55.717868], [37.687999, 55.717368], [37.685807, 55.716741], [37.682201, 55.71571], [37.681362, 55.71547], [37.681027, 55.715374], [37.680385, 55.715191], [37.679778, 55.715018], [37.679284, 55.714877], [37.67917, 55.714845], [37.679068, 55.714819], [37.679624, 55.714128], [37.680348, 55.713138], [37.680647, 55.712734], [37.681422, 55.711751], [37.681779, 55.711292], [37.68235, 55.710615], [37.682741, 55.710151], [37.682853, 55.710024], [37.684264, 55.708457], [37.686277, 55.706178], [37.686368, 55.706203], [37.686574, 55.706251], [37.686906, 55.706311], [37.687736, 55.706348], [37.687854, 55.70635], [37.688809, 55.706374], [37.691486, 55.706352], [37.69033, 55.704619], [37.69028, 55.704549], [37.689123, 55.702934], [37.687958, 55.701307], [37.687877, 55.701192], [37.687711, 55.700963], [37.687425, 55.700634], [37.687331, 55.700531], [37.686546, 55.699674], [37.684651, 55.697371], [37.679011, 55.698192], [37.674486, 55.698509], [37.672934, 55.699677], [37.670955, 55.700501], [37.667289, 55.700741], [37.667353, 55.70127], [37.667563, 55.703139], [37.667811, 55.705282], [37.66743, 55.706568], [37.667295, 55.706948], [37.666356, 55.709795], [37.666265, 55.710098], [37.666126, 55.710493], [37.66588, 55.711205], [37.665081, 55.71374], [37.663789, 55.717776], [37.663657, 55.71814], [37.663607, 55.718427], [37.663544, 55.718986], [37.663593, 55.720329], [37.663607, 55.720694], [37.663643, 55.721949], [37.663657, 55.722499], [37.663678, 55.723068], [37.663663, 55.724384], [37.663598, 55.725221], [37.663127, 55.726758], [37.663092, 55.726863], [37.662201, 55.728441], [37.660762, 55.730601], [37.660709, 55.730676], [37.66069, 55.730703]]]}}, {"type": "Feature", "properties": {"name": "Бирюлёво Восточное", "name_en": "Biryulyovo Vostochnoye", "okrug": "ЮАО", "source_name": "Бирюлёво Восточное", "okato": "45296553", "oktmo": "45911000"}, "geometry": {"type": "Polygon", "coordinates": [[[37.64076, 55.610508], [37.642066, 55.61115], [37.644435, 55.611971], [37.647148, 55.612568], [37.651867, 55.613584], [37.654997, 55.614244], [37.656808, 55.614625], [37.657739, 55.614826], [37.659296, 55.615146], [37.660193, 55.615341], [37.661942, 55.615812], [37.663997, 55.616359], [37.665822, 55.616968], [37.667222, 55.617434], [37.667621, 55.617605], [37.667917, 55.617738], [37.668201, 55.617877], [37.669114, 55.618408], [37.669484, 55.618626], [37.670465, 55.619293], [37.671371, 55.619952], [37.671435, 55.620022], [37.671565, 55.619923], [37.672074, 55.619684], [37.672425, 55.619529], [37.672682, 55.619524], [37.672926, 55.619634], [37.673067, 55.619745], [37.673187, 55.619843], [37.673418, 55.620063], [37.673917, 55.62054], [37.674772, 55.621313], [37.675128, 55.621586], [37.675635, 55.621834], [37.675967, 55.621924], [37.676327, 55.621983], [37.676811, 55.622013], [37.679847, 55.62171], [37.678984, 55.61968], [37.67809, 55.617525], [37.678063, 55.616618], [37.67811, 55.615994], [37.677915, 55.614334], [37.679066, 55.612555], [37.67986, 55.611771], [37.680231, 55.611038], [37.680625, 55.609985], [37.682096, 55.609775], [37.683705, 55.609052], [37.684404, 55.608887], [37.684629, 55.608742], [37.684943, 55.608575], [37.685158, 55.608509], [37.685331, 55.608335], [37.685981, 55.608042], [37.686456, 55.607847], [37.686765, 55.607919], [37.687082, 55.607939], [37.687365, 55.607987], [37.687614, 55.608011], [37.687906, 55.607851], [37.688086, 55.607793], [37.688318, 55.607701], [37.688618, 55.607648], [37.688962, 55.607604], [37.689271, 55.607536], [37.689597, 55.60743], [37.68988, 55.607381], [37.690249, 55.607337], [37.690438, 55.607313], [37.69073, 55.607313], [37.691005, 55.607295], [37.692636, 55.606854], [37.692603, 55.604503], [37.696162, 55.6025], [37.696363, 55.602445], [37.698033, 55.601987], [37.700113, 55.602399], [37.700617, 55.602121], [37.702067, 55.600825], [37.701968, 55.600297], [37.70211, 55.599633], [37.702812, 55.599289], [37.705191, 55.598438], [37.708005, 55.598414], [37.70946, 55.598345], [37.710682, 55.597771], [37.711725, 55.597437], [37.71492, 55.596725], [37.717043, 55.595719], [37.719553, 55.593731], [37.722679, 55.590834], [37.724504, 55.589313], [37.724051, 55.589133], [37.719658, 55.587326], [37.716164, 55.586], [37.715998, 55.585893], [37.715551, 55.585741], [37.71295, 55.584803], [37.71138, 55.584237], [37.71011, 55.58377], [37.708244, 55.58309], [37.707525, 55.582822], [37.706219, 55.582334], [37.704644, 55.581748], [37.704748, 55.581657], [37.703306, 55.581114], [37.703169, 55.58124], [37.700929, 55.580396], [37.701058, 55.580273], [37.700297, 55.579993], [37.699401, 55.579683], [37.699052, 55.579553], [37.696436, 55.578549], [37.692691, 55.57716], [37.692564, 55.577125], [37.692238, 55.576875], [37.692091, 55.576752], [37.691912, 55.576605], [37.691789, 55.576407], [37.691762, 55.576189], [37.691684, 55.575993], [37.691638, 55.575812], [37.691601, 55.575651], [37.691559, 55.575496], [37.691507, 55.575321], [37.691469, 55.575097], [37.691421, 55.574943], [37.69138, 55.574785], [37.691378, 55.574638], [37.69137, 55.574441], [37.691364, 55.574262], [37.691408, 55.574102], [37.691445, 55.573921], [37.691479, 55.573786], [37.691518, 55.573679], [37.691554, 55.573589], [37.691585, 55.573404], [37.6916, 55.573236], [37.691653, 55.573127], [37.691721, 55.57295], [37.691746, 55.572818], [37.690925, 55.572319], [37.690779, 55.572478], [37.690646, 55.572667], [37.690506, 55.572836], [37.690433, 55.572925], [37.690271, 55.573016], [37.68994, 55.573185], [37.689636, 55.573294], [37.689447, 55.57338], [37.689155, 55.57348], [37.688752, 55.573579], [37.688405, 55.57366], [37.688151, 55.573717], [37.687685, 55.573805], [37.687388, 55.573859], [37.686945, 55.573927], [37.686491, 55.574003], [37.685846, 55.574092], [37.685544, 55.574109], [37.685182, 55.57412], [37.684903, 55.57409], [37.684567, 55.574055], [37.683084, 55.573668], [37.680734, 55.572918], [37.676049, 55.572088], [37.670712, 55.571554], [37.666359, 55.571517], [37.664356, 55.571623], [37.664135, 55.572376], [37.664111, 55.572461], [37.664026, 55.572755], [37.663952, 55.572939], [37.663844, 55.573107], [37.663313, 55.573849], [37.661897, 55.57545], [37.661124, 55.57659], [37.66078, 55.577258], [37.66058, 55.577924], [37.660538, 55.578809], [37.660477, 55.579282], [37.660296, 55.580719], [37.660135, 55.581762], [37.659979, 55.582423], [37.659727, 55.583045], [37.659669, 55.583199], [37.659566, 55.58343], [37.659025, 55.584461], [37.658658, 55.585151], [37.655894, 55.589586], [37.654687, 55.591566], [37.653661, 55.59331], [37.653081, 55.594295], [37.651853, 55.596393], [37.651139, 55.597661], [37.649837, 55.600035], [37.649455, 55.600666], [37.648936, 55.601522], [37.647741, 55.602762], [37.64686, 55.60361], [37.646347, 55.60411], [37.645651, 55.604779], [37.645552, 55.604878], [37.644902, 55.605522], [37.644666, 55.605804], [37.644448, 55.606091], [37.644265, 55.60635], [37.644124, 55.60663], [37.643873, 55.607158], [37.643608, 55.607702], [37.643213, 55.608443], [37.642775, 55.608968], [37.642174, 55.609602], [37.641776, 55.609879], [37.641093, 55.61031], [37.64076, 55.610508]]]}}, {"type": "Feature", "properties": {"name": "Бирюлёво Западное", "name_en": "Biryulyovo Zapadnoye", "okrug": "ЮАО", "source_name": "Бирюлёво Западное", "okato": "45296555", "oktmo": "45912000"}, "geometry": {"type": "Polygon", "coordinates": [[[37.613125, 55.574631], [37.614559, 55.586132], [37.615158, 55.589932], [37.615236, 55.590147], [37.615305, 55.590358], [37.615336, 55.590445], [37.615526, 55.590877], [37.615737, 55.591316], [37.616245, 55.591978], [37.61728, 55.593145], [37.619355, 55.59476], [37.621035, 55.59574], [37.623427, 55.596864], [37.626353, 55.598144], [37.628162, 55.599252], [37.631879, 55.60298], [37.632405, 55.603494], [37.63324, 55.604274], [37.635113, 55.606032], [37.636326, 55.607204], [37.637459, 55.608302], [37.637811, 55.608613], [37.638735, 55.609358], [37.639935, 55.610107], [37.640653, 55.610457], [37.64076, 55.610508], [37.641093, 55.61031], [37.641776, 55.609879], [37.642174, 55.609602], [37.642775, 55.608968], [37.643213, 55.608443], [37.643608, 55.607702], [37.643873, 55.607158], [37.644124, 55.60663], [37.644265, 55.60635], [37.644448, 55.606091], [37.644666, 55.605804], [37.644902, 55.605522], [37.645552, 55.604878], [37.645651, 55.604779], [37.646347, 55.60411], [37.64686, 55.60361], [37.647741, 55.602762], [37.648936, 55.601522], [37.649455, 55.600666], [37.649837, 55.600035], [37.651139, 55.597661], [37.651853, 55.596393], [37.653081, 55.594295], [37.653661, 55.59331], [37.654687, 55.591566], [37.655894, 55.589586], [37.658658, 55.585151], [37.659025, 55.584461], [37.659566, 55.58343], [37.659669, 55.583199], [37.659727, 55.583045], [37.659979, 55.582423], [37.660135, 55.581762], [37.660296, 55.580719], [37.660477, 55.579282], [37.660538, 55.578809], [37.66058, 55.577924], [37.66078, 55.577258], [37.661124, 55.57659], [37.661897, 55.57545], [37.663313, 55.573849], [37.663844, 55.573107], [37.663952, 55.572939], [37.664026, 55.572755], [37.664111, 55.572461], [37.664135, 55.572376], [37.664356, 55.571623], [37.663429, 55.571659], [37.65905, 55.571924], [37.656867, 55.572122], [37.655794, 55.572181], [37.654543, 55.572249], [37.653897, 55.572285], [37.653163, 55.572076], [37.65283, 55.571999], [37.652647, 55.572004], [37.652281, 55.572004], [37.651789, 55.572002], [37.651565, 55.571991], [37.651269, 55.571979], [37.651132, 55.571965], [37.650979, 55.57192], [37.650859, 55.571838], [37.650752, 55.571735], [37.650491, 55.571832], [37.650533, 55.571924], [37.650559, 55.572005], [37.650483, 55.572163], [37.650351, 55.572285], [37.650235, 55.572338], [37.650003, 55.57242], [37.649665, 55.572479], [37.645668, 55.572713], [37.64244, 55.572906], [37.637766, 55.573175], [37.635032, 55.573336], [37.63504, 55.573449], [37.632901, 55.573534], [37.63293, 55.573459], [37.630733, 55.573588], [37.630783, 55.573624], [37.628503, 55.573758], [37.62843, 55.573723], [37.623308, 55.574024], [37.617851, 55.574362], [37.613125, 55.574631]]]}}, {"type": "Feature", "properties": {"name": "Братеево", "name_en": "Brateevo", "okrug": "ЮАО", "source_name": "Братеево", "okato": "45296557", "oktmo": "45913000"}, "geometry": {"type": "Polygon", "coordinates": [[[37.727127, 55.635256], [37.727683, 55.635249], [37.727742, 55.635421], [37.728268, 55.63678], [37.729502, 55.640892], [37.745381, 55.639899], [37.749587, 55.640626], [37.766195, 55.645446], [37.766919, 55.645621], [37.779799, 55.648739], [37.783447, 55.648545], [37.785335, 55.647335], [37.785507, 55.645107], [37.783833, 55.642588], [37.784262, 55.638325], [37.785035, 55.633262], [37.786709, 55.630258], [37.789756, 55.625752], [37.793561, 55.62296], [37.792127, 55.622169], [37.791992, 55.622307], [37.788289, 55.620441], [37.788356, 55.620378], [37.786825, 55.61966], [37.784969, 55.618666], [37.784845, 55.618736], [37.783976, 55.618256], [37.783857, 55.618191], [37.783798, 55.61811], [37.783746, 55.618011], [37.783726, 55.617909], [37.783774, 55.617767], [37.783943, 55.617621], [37.784122, 55.617538], [37.784335, 55.617455], [37.784635, 55.617412], [37.784899, 55.61739], [37.78517, 55.617372], [37.78544, 55.617348], [37.78576, 55.617336], [37.786064, 55.61732], [37.786248, 55.617286], [37.786527, 55.617231], [37.786704, 55.617137], [37.78697, 55.617002], [37.787169, 55.616903], [37.786913, 55.616602], [37.786726, 55.616703], [37.786283, 55.616773], [37.785769, 55.616797], [37.78539, 55.616808], [37.785053, 55.61682], [37.785108, 55.617008], [37.784788, 55.617033], [37.78434, 55.617078], [37.783949, 55.617133], [37.783594, 55.617209], [37.783269, 55.617318], [37.782998, 55.617438], [37.782765, 55.617557], [37.781921, 55.618037], [37.78144, 55.618333], [37.780698, 55.618656], [37.78017, 55.618836], [37.779671, 55.618919], [37.779385, 55.618948], [37.779049, 55.61898], [37.775048, 55.619144], [37.774954, 55.619147], [37.774777, 55.619148], [37.77434, 55.619148], [37.773605, 55.619173], [37.772064, 55.619171], [37.77182, 55.619171], [37.771269, 55.619195], [37.770721, 55.61927], [37.769989, 55.6194], [37.76944, 55.619537], [37.768909, 55.619701], [37.766006, 55.620876], [37.763595, 55.621615], [37.762743, 55.621943], [37.761466, 55.622495], [37.761221, 55.622619], [37.760011, 55.623218], [37.759902, 55.623276], [37.756683, 55.625036], [37.756109, 55.6254], [37.75517, 55.625986], [37.754912, 55.626186], [37.754781, 55.626285], [37.754645, 55.626387], [37.754489, 55.626505], [37.753017, 55.627888], [37.75285, 55.6281], [37.752643, 55.628382], [37.751607, 55.630624], [37.751539, 55.630792], [37.751488, 55.630925], [37.749795, 55.63082], [37.749437, 55.6308], [37.748322, 55.630921], [37.747712, 55.631001], [37.746648, 55.630897], [37.745747, 55.630897], [37.745532, 55.630969], [37.745518, 55.63117], [37.744878, 55.631218], [37.743897, 55.631076], [37.742334, 55.631122], [37.742099, 55.631188], [37.741705, 55.631243], [37.741527, 55.631342], [37.741124, 55.631346], [37.740742, 55.631369], [37.740554, 55.631381], [37.738751, 55.631381], [37.737518, 55.631213], [37.737206, 55.631139], [37.736918, 55.63066], [37.736145, 55.630689], [37.735737, 55.630897], [37.735088, 55.630906], [37.733815, 55.630679], [37.733475, 55.630865], [37.733386, 55.630939], [37.733263, 55.631082], [37.732867, 55.631117], [37.732812, 55.631112], [37.73269, 55.631101], [37.732476, 55.631105], [37.731507, 55.631101], [37.730705, 55.630901], [37.73056, 55.630914], [37.730374, 55.630931], [37.729297, 55.631163], [37.729484, 55.631534], [37.72954, 55.631918], [37.729569, 55.632115], [37.72919, 55.632682], [37.728282, 55.633108], [37.727853, 55.633787], [37.727256, 55.634204], [37.727143, 55.635122], [37.727127, 55.635256]]]}}, {"type": "Feature", "properties": {"name": "Даниловский", "name_en": "Danilovsky", "okrug": "ЮАО", "source_name": "Даниловский", "okato": "45296559", "oktmo": "45914000"}, "geometry": {"type": "Polygon", "coordinates": [[[37.606223, 55.710944], [37.606274, 55.711148], [37.606309, 55.711244], [37.606392, 55.711472], [37.606551, 55.711959], [37.606745, 55.712478], [37.607049, 55.71329], [37.607255, 55.713839], [37.607354, 55.714103], [37.607383, 55.714182], [37.607539, 55.714599], [37.607644, 55.714879], [37.607772, 55.715219], [37.607885, 55.715551], [37.608087, 55.716044], [37.608344, 55.716747], [37.611509, 55.716676], [37.613436, 55.716633], [37.613655, 55.716632], [37.61366, 55.716722], [37.613671, 55.717434], [37.613671, 55.717594], [37.613671, 55.717757], [37.613677, 55.718343], [37.613687, 55.719304], [37.613693, 55.719419], [37.613695, 55.719527], [37.613708, 55.719803], [37.613763, 55.719839], [37.614496, 55.719945], [37.615568, 55.72009], [37.615671, 55.720098], [37.616964, 55.720208], [37.617546, 55.72026], [37.61777, 55.72028], [37.617895, 55.720296], [37.621982, 55.720835], [37.622398, 55.720877], [37.622725, 55.720908], [37.623569, 55.720983], [37.62382, 55.721005], [37.623897, 55.721012], [37.625558, 55.721167], [37.626797, 55.721267], [37.627199, 55.721295], [37.627589, 55.721344], [37.627893, 55.721365], [37.630223, 55.721875], [37.631122, 55.722082], [37.631406, 55.72215], [37.631535, 55.72218], [37.633074, 55.722591], [37.633715, 55.722454], [37.634032, 55.722387], [37.634387, 55.722314], [37.635839, 55.722016], [37.636136, 55.722678], [37.636402, 55.723354], [37.636411, 55.723376], [37.636461, 55.723529], [37.636615, 55.723515], [37.637197, 55.723418], [37.638139, 55.723253], [37.638362, 55.723211], [37.638594, 55.723166], [37.639086, 55.72307], [37.639785, 55.722891], [37.640645, 55.72267], [37.641209, 55.722401], [37.641725, 55.722155], [37.641912, 55.72218], [37.643165, 55.722346], [37.643768, 55.722426], [37.643772, 55.722469], [37.643789, 55.722548], [37.643992, 55.723476], [37.644031, 55.723652], [37.644046, 55.723726], [37.644059, 55.723791], [37.644067, 55.723828], [37.644076, 55.723876], [37.644104, 55.724015], [37.644377, 55.725369], [37.644518, 55.726066], [37.644897, 55.727941], [37.644911, 55.728012], [37.644943, 55.728077], [37.645557, 55.72889], [37.645945, 55.7294], [37.64602, 55.729499], [37.646369, 55.729408], [37.647058, 55.729228], [37.647952, 55.729006], [37.648237, 55.728935], [37.648769, 55.728804], [37.649099, 55.728722], [37.649956, 55.72851], [37.650523, 55.72837], [37.650793, 55.728319], [37.651121, 55.728256], [37.651553, 55.728144], [37.651752, 55.728134], [37.652029, 55.728206], [37.652235, 55.728043], [37.654211, 55.728821], [37.655767, 55.727624], [37.656211, 55.727099], [37.656718, 55.726372], [37.660268, 55.726601], [37.661976, 55.726678], [37.662396, 55.726707], [37.662681, 55.726727], [37.662852, 55.726739], [37.662981, 55.726747], [37.663127, 55.726758], [37.663598, 55.725221], [37.663663, 55.724384], [37.663678, 55.723068], [37.663657, 55.722499], [37.663643, 55.721949], [37.663607, 55.720694], [37.663593, 55.720329], [37.663544, 55.718986], [37.663607, 55.718427], [37.663657, 55.71814], [37.663789, 55.717776], [37.665081, 55.71374], [37.66588, 55.711205], [37.666126, 55.710493], [37.666265, 55.710098], [37.666356, 55.709795], [37.667295, 55.706948], [37.66743, 55.706568], [37.667811, 55.705282], [37.667563, 55.703139], [37.667353, 55.70127], [37.667289, 55.700741], [37.665848, 55.690327], [37.665245, 55.686127], [37.643929, 55.684489], [37.639595, 55.684272], [37.636119, 55.68461], [37.6332, 55.685505], [37.63157, 55.686667], [37.629638, 55.690053], [37.628868, 55.691749], [37.628308, 55.693996], [37.628136, 55.699825], [37.628136, 55.701549], [37.628136, 55.703452], [37.628573, 55.705255], [37.627344, 55.705378], [37.624697, 55.705624], [37.622754, 55.705805], [37.620992, 55.706052], [37.620219, 55.705956], [37.618339, 55.70568], [37.617322, 55.705515], [37.617219, 55.705455], [37.616859, 55.705247], [37.616684, 55.705169], [37.616459, 55.705101], [37.61602, 55.705036], [37.614212, 55.704785], [37.612346, 55.704529], [37.612227, 55.704508], [37.611221, 55.704332], [37.610674, 55.70504], [37.608251, 55.707615], [37.607491, 55.707479], [37.607164, 55.708216], [37.607127, 55.708286], [37.606985, 55.708559], [37.606751, 55.708968], [37.606704, 55.709067], [37.606594, 55.709278], [37.606464, 55.709532], [37.606406, 55.709682], [37.60626, 55.710489], [37.606232, 55.710823], [37.606223, 55.710944]]]}}, {"type": "Feature", "properties": {"name": "Донской", "name_en": "Donskoy", "okrug": "ЮАО", "source_name": "Донской", "okato": "45296561", "oktmo": "45915000"}, "geometry": {"type": "Polygon", "coordinates": [[[37.582129, 55.711003], [37.582774, 55.711254], [37.58398, 55.711025], [37.585174, 55.711245], [37.585232, 55.71122], [37.585381, 55.711158], [37.585566, 55.711073], [37.588336, 55.713096], [37.587896, 55.713306], [37.587918, 55.713324], [37.588445, 55.713763], [37.587983, 55.71394], [37.589951, 55.715335], [37.590504, 55.715746], [37.590691, 55.715687], [37.591721, 55.716448], [37.591906, 55.716379], [37.592671, 55.716871], [37.592577, 55.716972], [37.592544, 55.716955], [37.592468, 55.717001], [37.592505, 55.71702], [37.591666, 55.717459], [37.590789, 55.717812], [37.590795, 55.717873], [37.591388, 55.718355], [37.591429, 55.718387], [37.592133, 55.718828], [37.592228, 55.719428], [37.592715, 55.719686], [37.592747, 55.719672], [37.592818, 55.719645], [37.592973, 55.719575], [37.592619, 55.719406], [37.592565, 55.719146], [37.594084, 55.718325], [37.595657, 55.719357], [37.595993, 55.719556], [37.596801, 55.720093], [37.596855, 55.72013], [37.597237, 55.719963], [37.597494, 55.720142], [37.598128, 55.719847], [37.60038, 55.721349], [37.600469, 55.721311], [37.600698, 55.721255], [37.601439, 55.721062], [37.601491, 55.721048], [37.601815, 55.720981], [37.602274, 55.720886], [37.603435, 55.720645], [37.605171, 55.720285], [37.605315, 55.720254], [37.605424, 55.720234], [37.607267, 55.719884], [37.609048, 55.719545], [37.609403, 55.719479], [37.609765, 55.720395], [37.610174, 55.721428], [37.611144, 55.721347], [37.612005, 55.721274], [37.614172, 55.72109], [37.614413, 55.720996], [37.615039, 55.720563], [37.615568, 55.72009], [37.614496, 55.719945], [37.613763, 55.719839], [37.613708, 55.719803], [37.613695, 55.719527], [37.613693, 55.719419], [37.613687, 55.719304], [37.613677, 55.718343], [37.613671, 55.717757], [37.613671, 55.717594], [37.613671, 55.717434], [37.61366, 55.716722], [37.613655, 55.716632], [37.613436, 55.716633], [37.611509, 55.716676], [37.608344, 55.716747], [37.608087, 55.716044], [37.607885, 55.715551], [37.607772, 55.715219], [37.607644, 55.714879], [37.607539, 55.714599], [37.607383, 55.714182], [37.607354, 55.714103], [37.607255, 55.713839], [37.607049, 55.71329], [37.606745, 55.712478], [37.606551, 55.711959], [37.606392, 55.711472], [37.606309, 55.711244], [37.606274, 55.711148], [37.606223, 55.710944], [37.606232, 55.710823], [37.60626, 55.710489], [37.606406, 55.709682], [37.606464, 55.709532], [37.606594, 55.709278], [37.606704, 55.709067], [37.606751, 55.708968], [37.606985, 55.708559], [37.607127, 55.708286], [37.607164, 55.708216], [37.607491, 55.707479], [37.608251, 55.707615], [37.610674, 55.70504], [37.611221, 55.704332], [37.612227, 55.704508], [37.612346, 55.704529], [37.614212, 55.704785], [37.61602, 55.705036], [37.616459, 55.705101], [37.616684, 55.705169], [37.616859, 55.705247], [37.617219, 55.705455], [37.617322, 55.705515], [37.618339, 55.70568], [37.620219, 55.705956], [37.620992, 55.706052], [37.622754, 55.705805], [37.624697, 55.705624], [37.627344, 55.705378], [37.628573, 55.705255], [37.628136, 55.703452], [37.628136, 55.701549], [37.628136, 55.699825], [37.628308, 55.693996], [37.628868, 55.691749], [37.626808, 55.691493], [37.625293, 55.691263], [37.624261, 55.691113], [37.623448, 55.690988], [37.622365, 55.690834], [37.62186, 55.69073], [37.621359, 55.690632], [37.619593, 55.690256], [37.617339, 55.689804], [37.614796, 55.689318], [37.614029, 55.689211], [37.613314, 55.689148], [37.612592, 55.689105], [37.61202, 55.689093], [37.61118, 55.689086], [37.610447, 55.689118], [37.609592, 55.689192], [37.608888, 55.689233], [37.608115, 55.68933], [37.607515, 55.689436], [37.606759, 55.689586], [37.60597, 55.68978], [37.605146, 55.690012], [37.604373, 55.690283], [37.603738, 55.690525], [37.603786, 55.69063], [37.603272, 55.690855], [37.602606, 55.691217], [37.601976, 55.691537], [37.601616, 55.69158], [37.601308, 55.691781], [37.600685, 55.692202], [37.600071, 55.692708], [37.5996, 55.693104], [37.599222, 55.693455], [37.598963, 55.693666], [37.598062, 55.694397], [37.597557, 55.694848], [37.597102, 55.695235], [37.596733, 55.695574], [37.596253, 55.696072], [37.595617, 55.696778], [37.594905, 55.697615], [37.593978, 55.698698], [37.592957, 55.699874], [37.590967, 55.702193], [37.589841, 55.703506], [37.589343, 55.704082], [37.589021, 55.704443], [37.588456, 55.705078], [37.588085, 55.70549], [37.58782, 55.705784], [37.587503, 55.706114], [37.587313, 55.706342], [37.587473, 55.706427], [37.587697, 55.706556], [37.588709, 55.707141], [37.585365, 55.708814], [37.584227, 55.709514], [37.583401, 55.710042], [37.582129, 55.711003]]]}}, {"type": "Feature", "properties": {"name": "Зябликово", "name_en": "Zyablikovo", "okrug": "ЮАО", "source_name": "Зябликово", "okato": "45296565", "oktmo": "45916000"}, "geometry": {"type": "Polygon", "coordinates": [[[37.727361, 55.626788], [37.727508, 55.627069], [37.72801, 55.62793], [37.728458, 55.628698], [37.728514, 55.628794], [37.728839, 55.62935], [37.729464, 55.629467], [37.729591, 55.629465], [37.729577, 55.629495], [37.729781, 55.630095], [37.729663, 55.630507], [37.729438, 55.6306], [37.729004, 55.630678], [37.729099, 55.630764], [37.729297, 55.631163], [37.730374, 55.630931], [37.73056, 55.630914], [37.730705, 55.630901], [37.731507, 55.631101], [37.732476, 55.631105], [37.73269, 55.631101], [37.732812, 55.631112], [37.732867, 55.631117], [37.733263, 55.631082], [37.733386, 55.630939], [37.733475, 55.630865], [37.733815, 55.630679], [37.735088, 55.630906], [37.735737, 55.630897], [37.736145, 55.630689], [37.736918, 55.63066], [37.737206, 55.631139], [37.737518, 55.631213], [37.738751, 55.631381], [37.740554, 55.631381], [37.740742, 55.631369], [37.741124, 55.631346], [37.741527, 55.631342], [37.741705, 55.631243], [37.742099, 55.631188], [37.742334, 55.631122], [37.743897, 55.631076], [37.744878, 55.631218], [37.745518, 55.63117], [37.745532, 55.630969], [37.745747, 55.630897], [37.746648, 55.630897], [37.747712, 55.631001], [37.748322, 55.630921], [37.749437, 55.6308], [37.749795, 55.63082], [37.751488, 55.630925], [37.751539, 55.630792], [37.751607, 55.630624], [37.752643, 55.628382], [37.75285, 55.6281], [37.753017, 55.627888], [37.754489, 55.626505], [37.754645, 55.626387], [37.754781, 55.626285], [37.754912, 55.626186], [37.75517, 55.625986], [37.756109, 55.6254], [37.756683, 55.625036], [37.759902, 55.623276], [37.760011, 55.623218], [37.761221, 55.622619], [37.761466, 55.622495], [37.762743, 55.621943], [37.763595, 55.621615], [37.766006, 55.620876], [37.768909, 55.619701], [37.76944, 55.619537], [37.769989, 55.6194], [37.770721, 55.61927], [37.771269, 55.619195], [37.77182, 55.619171], [37.772064, 55.619171], [37.773605, 55.619173], [37.77434, 55.619148], [37.774777, 55.619148], [37.774907, 55.618857], [37.774975, 55.618807], [37.775114, 55.618783], [37.775615, 55.618666], [37.775715, 55.618561], [37.775845, 55.618268], [37.775573, 55.618027], [37.774084, 55.617397], [37.773883, 55.617038], [37.773918, 55.616897], [37.773172, 55.616394], [37.773144, 55.616078], [37.772619, 55.615824], [37.772488, 55.615602], [37.772232, 55.615633], [37.772114, 55.615797], [37.771983, 55.615692], [37.771789, 55.615809], [37.771644, 55.615668], [37.771457, 55.615641], [37.771229, 55.615735], [37.771388, 55.615793], [37.771375, 55.615848], [37.771077, 55.615961], [37.770891, 55.615949], [37.770725, 55.61575], [37.770517, 55.615703], [37.770421, 55.615973], [37.770434, 55.615922], [37.77013, 55.615953], [37.769785, 55.615598], [37.769909, 55.615364], [37.769508, 55.615317], [37.769411, 55.615258], [37.769473, 55.615106], [37.769397, 55.615004], [37.769204, 55.614903], [37.769047, 55.614925], [37.768931, 55.614981], [37.768881, 55.615009], [37.768811, 55.615015], [37.768773, 55.615003], [37.768718, 55.614951], [37.768691, 55.614905], [37.768696, 55.614837], [37.768638, 55.614814], [37.768574, 55.614829], [37.768502, 55.614834], [37.768449, 55.614812], [37.768392, 55.614766], [37.768363, 55.614704], [37.768257, 55.614712], [37.768166, 55.61475], [37.76807, 55.614717], [37.768003, 55.614628], [37.767681, 55.614603], [37.767633, 55.614614], [37.767489, 55.61463], [37.767359, 55.614617], [37.767306, 55.614593], [37.767282, 55.61453], [37.767181, 55.614487], [37.767052, 55.614492], [37.767013, 55.614582], [37.766936, 55.614557], [37.766835, 55.614517], [37.766768, 55.61456], [37.76653, 55.614527], [37.765819, 55.614289], [37.764974, 55.614384], [37.764126, 55.614446], [37.762887, 55.614153], [37.76142, 55.613705], [37.761176, 55.61325], [37.760756, 55.613127], [37.760114, 55.612761], [37.759658, 55.612503], [37.758936, 55.612368], [37.758496, 55.612285], [37.757994, 55.612243], [37.757678, 55.612316], [37.7573, 55.612386], [37.757002, 55.612367], [37.756526, 55.612248], [37.756234, 55.611841], [37.755969, 55.611772], [37.755602, 55.611868], [37.755263, 55.611826], [37.75476, 55.611784], [37.754345, 55.61155], [37.753551, 55.611319], [37.752668, 55.611208], [37.752151, 55.611185], [37.7519, 55.611196], [37.751492, 55.611166], [37.751119, 55.611216], [37.750692, 55.611019], [37.750175, 55.610885], [37.748499, 55.610998], [37.747258, 55.610965], [37.743532, 55.611132], [37.739271, 55.611356], [37.736595, 55.611489], [37.735777, 55.611694], [37.735037, 55.61159], [37.733562, 55.611451], [37.732702, 55.611432], [37.731378, 55.611213], [37.731057, 55.611811], [37.731027, 55.611866], [37.73077, 55.612343], [37.730529, 55.61284], [37.730438, 55.613026], [37.730314, 55.613253], [37.729713, 55.614365], [37.729154, 55.615474], [37.728889, 55.615994], [37.728704, 55.61645], [37.728468, 55.617031], [37.728411, 55.617194], [37.728308, 55.617487], [37.728285, 55.617552], [37.728189, 55.617823], [37.728151, 55.617933], [37.72791, 55.618961], [37.727879, 55.619167], [37.727855, 55.619319], [37.727824, 55.619521], [37.727807, 55.619629], [37.727764, 55.620235], [37.727759, 55.621342], [37.727752, 55.621487], [37.727735, 55.62171], [37.727807, 55.622999], [37.727804, 55.623357], [37.7278, 55.623922], [37.727798, 55.624114], [37.727756, 55.624279], [37.728021, 55.624329], [37.728163, 55.624362], [37.728684, 55.624598], [37.728764, 55.625725], [37.728678, 55.625834], [37.728442, 55.625925], [37.727486, 55.625962], [37.72755, 55.626429], [37.727361, 55.626788]]]}}, {"type": "Feature", "properties": {"name": "Москворечье-Сабурово", "name_en": "Moskvorechye-Saburovo", "okrug": "ЮАО", "source_name": "Москворечье-Сабурово", "okato": "45296569", "oktmo": "45917000"}, "geometry": {"type": "Polygon", "coordinates": [[[37.622204, 55.651833], [37.622581, 55.657562], [37.624611, 55.657333], [37.626833, 55.656983], [37.631831, 55.656195], [37.632043, 55.655858], [37.633603, 55.656178], [37.633499, 55.656458], [37.634259, 55.65653], [37.637055, 55.654948], [37.637513, 55.655289], [37.640147, 55.65709], [37.641145, 55.657783], [37.641329, 55.65791], [37.641495, 55.658029], [37.641767, 55.658219], [37.641786, 55.658248], [37.641798, 55.658288], [37.641797, 55.658328], [37.647893, 55.655592], [37.648468, 55.655345], [37.649471, 55.654894], [37.650906, 55.654196], [37.652763, 55.653373], [37.656889, 55.651543], [37.658252, 55.651052], [37.659073, 55.650756], [37.659213, 55.650706], [37.660586, 55.65017], [37.660947, 55.650435], [37.661113, 55.650569], [37.664475, 55.653375], [37.669898, 55.656246], [37.671603, 55.656364], [37.671522, 55.655779], [37.67165, 55.654351], [37.672595, 55.653213], [37.674569, 55.65176], [37.678045, 55.649944], [37.688945, 55.645222], [37.692906, 55.643829], [37.694482, 55.643284], [37.699417, 55.642122], [37.713278, 55.639457], [37.72647, 55.64062], [37.729034, 55.640851], [37.729502, 55.640892], [37.728268, 55.63678], [37.727742, 55.635421], [37.727683, 55.635249], [37.727127, 55.635256], [37.727143, 55.635122], [37.727256, 55.634204], [37.727853, 55.633787], [37.728282, 55.633108], [37.72919, 55.632682], [37.729569, 55.632115], [37.72954, 55.631918], [37.729484, 55.631534], [37.729297, 55.631163], [37.722974, 55.63109], [37.718207, 55.631409], [37.7145, 55.631449], [37.7095, 55.630943], [37.707345, 55.630747], [37.704424, 55.629784], [37.701508, 55.629689], [37.69909, 55.6296], [37.695972, 55.629268], [37.694051, 55.62835], [37.693122, 55.628112], [37.692472, 55.627862], [37.689754, 55.628012], [37.689756, 55.630597], [37.69057, 55.632472], [37.690419, 55.632967], [37.690381, 55.633411], [37.690874, 55.633677], [37.690939, 55.633859], [37.690508, 55.634119], [37.690335, 55.634253], [37.689984, 55.634374], [37.689588, 55.63447], [37.689398, 55.634619], [37.689212, 55.634772], [37.688816, 55.634921], [37.688592, 55.635111], [37.688459, 55.635292], [37.688417, 55.635392], [37.68833, 55.635628], [37.688274, 55.635777], [37.688218, 55.635914], [37.688087, 55.636121], [37.688038, 55.636291], [37.687886, 55.636519], [37.687742, 55.636694], [37.687556, 55.636723], [37.687405, 55.636657], [37.687227, 55.636623], [37.68694, 55.636653], [37.686813, 55.636333], [37.686248, 55.636378], [37.686001, 55.636403], [37.685895, 55.636408], [37.681902, 55.636611], [37.681274, 55.636643], [37.680809, 55.636666], [37.68024, 55.636695], [37.678448, 55.636787], [37.676171, 55.636903], [37.67483, 55.636971], [37.674105, 55.637008], [37.673984, 55.637013], [37.673682, 55.637036], [37.673094, 55.637076], [37.673012, 55.637081], [37.67195, 55.637153], [37.66935, 55.637342], [37.668076, 55.637424], [37.668036, 55.637428], [37.667618, 55.637459], [37.667525, 55.637466], [37.666273, 55.637545], [37.665873, 55.63757], [37.664414, 55.637667], [37.663069, 55.637759], [37.662958, 55.637767], [37.662857, 55.637774], [37.662211, 55.637819], [37.66175, 55.637852], [37.661503, 55.637869], [37.661293, 55.637884], [37.658217, 55.638103], [37.657574, 55.638153], [37.656664, 55.638229], [37.656628, 55.63823], [37.656509, 55.638236], [37.656102, 55.638254], [37.655105, 55.638295], [37.654947, 55.638302], [37.654681, 55.638327], [37.654726, 55.637741], [37.654838, 55.637531], [37.654506, 55.637558], [37.652611, 55.63772], [37.652343, 55.637737], [37.649922, 55.637889], [37.648281, 55.638003], [37.647671, 55.638045], [37.647042, 55.638088], [37.646981, 55.638093], [37.644866, 55.638258], [37.644175, 55.638311], [37.643884, 55.638336], [37.643588, 55.638361], [37.642901, 55.638432], [37.642836, 55.638439], [37.642736, 55.638451], [37.64212, 55.638529], [37.641625, 55.638603], [37.641386, 55.638669], [37.641529, 55.639341], [37.641786, 55.640672], [37.639097, 55.640542], [37.636162, 55.639693], [37.635787, 55.639796], [37.635358, 55.639778], [37.634929, 55.639748], [37.634317, 55.639693], [37.633813, 55.63976], [37.632976, 55.639663], [37.632665, 55.639645], [37.632397, 55.639663], [37.632064, 55.639675], [37.631667, 55.639669], [37.631463, 55.639657], [37.631131, 55.639675], [37.630873, 55.639699], [37.63053, 55.63979], [37.63024, 55.639857], [37.629865, 55.639863], [37.629575, 55.639814], [37.629275, 55.639845], [37.629039, 55.639724], [37.628802, 55.639681], [37.628448, 55.639639], [37.627783, 55.63979], [37.627472, 55.63993], [37.626828, 55.640002], [37.626099, 55.640002], [37.62568, 55.640008], [37.625434, 55.640008], [37.625093, 55.640011], [37.624469, 55.642527], [37.624324, 55.643139], [37.623486, 55.646426], [37.62285, 55.648854], [37.622309, 55.651037], [37.622204, 55.651833]]]}}, {"type": "Feature", "properties": {"name": "Нагатино-Садовники", "name_en": "Nagatino-Sadovniki", "okrug": "ЮАО", "source_name": "Нагатино-Садовники", "okato": "45296571", "oktmo": "45918000"}, "geometry": {"type": "Polygon", "coordinates": [[[37.62186, 55.69073], [37.622365, 55.690834], [37.623448, 55.690988], [37.624261, 55.691113], [37.625293, 55.691263], [37.626808, 55.691493], [37.628868, 55.691749], [37.629638, 55.690053], [37.63157, 55.686667], [37.6332, 55.685505], [37.636119, 55.68461], [37.639595, 55.684272], [37.643929, 55.684489], [37.665245, 55.686127], [37.66511, 55.685187], [37.664592, 55.681741], [37.664487, 55.680689], [37.664255, 55.679659], [37.6622, 55.67042], [37.661869, 55.669346], [37.661404, 55.668399], [37.654311, 55.659705], [37.654265, 55.659295], [37.654137, 55.658963], [37.653896, 55.657998], [37.653789, 55.657522], [37.653433, 55.656012], [37.653425, 55.65539], [37.65349, 55.655089], [37.653603, 55.654804], [37.653745, 55.654477], [37.653936, 55.654131], [37.654206, 55.65379], [37.654594, 55.653422], [37.65498, 55.65309], [37.655324, 55.652832], [37.655612, 55.652657], [37.656034, 55.652426], [37.656835, 55.651988], [37.657362, 55.651713], [37.658486, 55.651121], [37.659073, 55.650756], [37.658252, 55.651052], [37.656889, 55.651543], [37.652763, 55.653373], [37.650906, 55.654196], [37.649471, 55.654894], [37.648468, 55.655345], [37.647893, 55.655592], [37.641797, 55.658328], [37.641798, 55.658288], [37.641786, 55.658248], [37.641767, 55.658219], [37.641495, 55.658029], [37.641329, 55.65791], [37.641145, 55.657783], [37.640147, 55.65709], [37.637513, 55.655289], [37.637055, 55.654948], [37.634259, 55.65653], [37.633499, 55.656458], [37.633603, 55.656178], [37.632043, 55.655858], [37.631831, 55.656195], [37.626833, 55.656983], [37.624611, 55.657333], [37.622581, 55.657562], [37.62285, 55.663096], [37.622906, 55.666892], [37.625322, 55.66973], [37.625921, 55.670475], [37.626295, 55.671101], [37.627157, 55.672615], [37.626605, 55.674133], [37.625863, 55.676215], [37.62394, 55.681864], [37.623418, 55.683914], [37.62186, 55.69073]]]}}, {"type": "Feature", "properties": {"name": "Нагатинский Затон", "name_en": "Nagatinsky Zaton", "okrug": "ЮАО", "source_name": "Нагатинский Затон", "okato": "45296573", "oktmo": "45919000"}, "geometry": {"type": "Polygon", "coordinates": [[[37.653425, 55.65539], [37.653433, 55.656012], [37.653789, 55.657522], [37.653896, 55.657998], [37.654137, 55.658963], [37.654265, 55.659295], [37.654311, 55.659705], [37.661404, 55.668399], [37.661869, 55.669346], [37.6622, 55.67042], [37.664255, 55.679659], [37.664487, 55.680689], [37.664592, 55.681741], [37.66511, 55.685187], [37.665245, 55.686127], [37.665848, 55.690327], [37.667289, 55.700741], [37.670955, 55.700501], [37.672934, 55.699677], [37.674486, 55.698509], [37.679011, 55.698192], [37.684651, 55.697371], [37.688513, 55.696579], [37.694784, 55.695351], [37.707573, 55.69327], [37.712122, 55.688457], [37.712379, 55.684659], [37.71195, 55.68132], [37.70793, 55.679101], [37.707242, 55.6788], [37.704762, 55.677363], [37.700341, 55.675886], [37.697347, 55.675064], [37.692702, 55.673779], [37.690748, 55.67324], [37.687402, 55.671156], [37.682424, 55.670624], [37.678133, 55.669051], [37.675043, 55.667647], [37.67324, 55.665106], [37.672382, 55.661983], [37.671603, 55.656364], [37.669898, 55.656246], [37.664475, 55.653375], [37.661113, 55.650569], [37.660947, 55.650435], [37.660586, 55.65017], [37.659213, 55.650706], [37.659073, 55.650756], [37.658486, 55.651121], [37.657362, 55.651713], [37.656835, 55.651988], [37.656034, 55.652426], [37.655612, 55.652657], [37.655324, 55.652832], [37.65498, 55.65309], [37.654594, 55.653422], [37.654206, 55.65379], [37.653936, 55.654131], [37.653745, 55.654477], [37.653603, 55.654804], [37.65349, 55.655089], [37.653425, 55.65539]]]}}, {"type": "Feature", "properties": {"name": "Нагорный", "name_en": "Nagorny", "okrug": "ЮАО", "source_name": "Нагорный", "okato": "45296575", "oktmo": "45920000"}, "geometry": {"type": "Polygon", "coordinates": [[[37.603513, 55.690347], [37.603738, 55.690525], [37.604373, 55.690283], [37.605146, 55.690012], [37.60597, 55.68978], [37.606759, 55.689586], [37.607515, 55.689436], [37.608115, 55.68933], [37.608888, 55.689233], [37.609592, 55.689192], [37.610447, 55.689118], [37.61118, 55.689086], [37.61202, 55.689093], [37.612592, 55.689105], [37.613314, 55.689148], [37.614029, 55.689211], [37.614796, 55.689318], [37.617339, 55.689804], [37.619593, 55.690256], [37.621359, 55.690632], [37.62186, 55.69073], [37.623418, 55.683914], [37.62394, 55.681864], [37.625863, 55.676215], [37.626605, 55.674133], [37.627157, 55.672615], [37.626295, 55.671101], [37.625921, 55.670475], [37.625322, 55.66973], [37.622906, 55.666892], [37.62285, 55.663096], [37.622581, 55.657562], [37.622204, 55.651833], [37.622309, 55.651037], [37.62285, 55.648854], [37.623486, 55.646426], [37.624324, 55.643139], [37.624469, 55.642527], [37.619742, 55.642191], [37.619774, 55.640544], [37.618992, 55.640595], [37.616988, 55.640712], [37.605729, 55.641328], [37.605646, 55.64334], [37.605593, 55.644479], [37.605581, 55.644821], [37.605586, 55.645201], [37.605589, 55.64538], [37.605591, 55.645499], [37.605592, 55.645612], [37.605619, 55.647386], [37.605587, 55.648621], [37.605577, 55.649021], [37.605533, 55.651071], [37.605505, 55.652923], [37.605503, 55.653044], [37.605501, 55.653374], [37.605496, 55.653628], [37.605488, 55.653732], [37.605465, 55.65479], [37.605445, 55.656059], [37.605445, 55.656221], [37.605446, 55.656448], [37.605467, 55.656527], [37.605492, 55.656585], [37.605666, 55.656811], [37.605867, 55.657031], [37.606915, 55.657923], [37.608058, 55.658898], [37.608115, 55.658948], [37.60996, 55.66045], [37.610237, 55.660678], [37.61041, 55.660807], [37.610535, 55.6609], [37.611375, 55.661598], [37.612869, 55.662876], [37.613017, 55.663002], [37.613164, 55.663128], [37.613398, 55.663332], [37.613497, 55.663414], [37.613572, 55.663479], [37.607646, 55.664083], [37.607713, 55.664279], [37.608116, 55.664473], [37.609092, 55.66512], [37.609696, 55.665222], [37.610644, 55.664964], [37.610924, 55.665296], [37.611002, 55.665389], [37.611103, 55.665509], [37.611635, 55.666129], [37.606854, 55.668283], [37.606279, 55.668864], [37.606103, 55.670391], [37.606228, 55.671695], [37.605653, 55.672063], [37.605927, 55.67245], [37.605842, 55.672847], [37.606099, 55.673225], [37.606915, 55.673873], [37.607282, 55.674175], [37.607374, 55.674485], [37.607378, 55.674668], [37.607737, 55.674712], [37.608102, 55.674955], [37.608379, 55.675234], [37.608748, 55.675418], [37.608886, 55.675558], [37.608933, 55.675917], [37.609123, 55.676408], [37.609249, 55.676443], [37.609384, 55.676494], [37.609507, 55.676564], [37.609859, 55.676671], [37.610031, 55.676825], [37.610185, 55.676966], [37.610477, 55.677072], [37.610897, 55.67714], [37.611292, 55.677217], [37.611423, 55.677319], [37.611521, 55.67752], [37.611545, 55.677914], [37.611506, 55.678099], [37.611476, 55.678329], [37.611711, 55.678606], [37.612013, 55.67881], [37.612359, 55.678965], [37.612665, 55.679274], [37.613223, 55.679652], [37.613778, 55.679986], [37.614147, 55.680381], [37.614529, 55.680919], [37.614701, 55.681598], [37.614941, 55.681768], [37.615316, 55.68189], [37.615882, 55.681883], [37.616036, 55.681914], [37.61622, 55.682143], [37.616781, 55.682855], [37.617341, 55.683327], [37.618334, 55.683672], [37.619004, 55.684317], [37.618384, 55.684504], [37.616996, 55.684772], [37.615199, 55.684731], [37.614207, 55.684588], [37.613156, 55.684378], [37.612596, 55.684277], [37.612081, 55.684184], [37.611381, 55.684073], [37.610654, 55.683967], [37.609911, 55.683881], [37.609345, 55.683867], [37.609024, 55.683872], [37.608608, 55.683887], [37.608121, 55.683945], [37.607616, 55.684061], [37.607168, 55.684196], [37.606749, 55.684356], [37.606431, 55.684511], [37.606005, 55.68475], [37.605713, 55.684957], [37.605476, 55.685187], [37.605272, 55.685418], [37.605023, 55.685795], [37.604949, 55.686055], [37.604915, 55.686326], [37.604932, 55.686655], [37.604983, 55.686979], [37.605085, 55.687315], [37.605217, 55.687722], [37.60529, 55.688074], [37.605285, 55.688446], [37.605244, 55.688807], [37.605174, 55.68901], [37.605101, 55.68915], [37.604742, 55.689564], [37.604493, 55.689797], [37.604015, 55.690069], [37.603513, 55.690347]]]}}, {"type": "Feature", "properties": {"name": "Орехово-Борисово Северное", "name_en": "Orekhovo-Borisovo Severnoye", "okrug": "ЮАО", "source_name": "Орехово-Борисово Северное", "okato": "45296577", "oktmo": "45921000"}, "geometry": {"type": "Polygon", "coordinates": [[[37.671274, 55.620089], [37.673364, 55.621511], [37.67443, 55.622307], [37.675979, 55.623467], [37.677639, 55.62485], [37.678708, 55.625696], [37.681168, 55.627723], [37.684218, 55.630416], [37.684988, 55.631483], [37.685277, 55.632057], [37.686813, 55.636333], [37.68694, 55.636653], [37.687227, 55.636623], [37.687405, 55.636657], [37.687556, 55.636723], [37.687742, 55.636694], [37.687886, 55.636519], [37.688038, 55.636291], [37.688087, 55.636121], [37.688218, 55.635914], [37.688274, 55.635777], [37.68833, 55.635628], [37.688417, 55.635392], [37.688459, 55.635292], [37.688592, 55.635111], [37.688816, 55.634921], [37.689212, 55.634772], [37.689398, 55.634619], [37.689588, 55.63447], [37.689984, 55.634374], [37.690335, 55.634253], [37.690508, 55.634119], [37.690939, 55.633859], [37.690874, 55.633677], [37.690381, 55.633411], [37.690419, 55.632967], [37.69057, 55.632472], [37.689756, 55.630597], [37.689754, 55.628012], [37.692472, 55.627862], [37.693122, 55.628112], [37.694051, 55.62835], [37.695972, 55.629268], [37.69909, 55.6296], [37.701508, 55.629689], [37.704424, 55.629784], [37.707345, 55.630747], [37.7095, 55.630943], [37.7145, 55.631449], [37.718207, 55.631409], [37.722974, 55.63109], [37.729297, 55.631163], [37.729099, 55.630764], [37.729004, 55.630678], [37.729438, 55.6306], [37.729663, 55.630507], [37.729781, 55.630095], [37.729577, 55.629495], [37.729591, 55.629465], [37.729464, 55.629467], [37.728839, 55.62935], [37.728514, 55.628794], [37.728458, 55.628698], [37.72801, 55.62793], [37.727508, 55.627069], [37.727361, 55.626788], [37.72755, 55.626429], [37.727486, 55.625962], [37.728442, 55.625925], [37.728678, 55.625834], [37.728764, 55.625725], [37.728684, 55.624598], [37.728163, 55.624362], [37.728021, 55.624329], [37.727756, 55.624279], [37.727798, 55.624114], [37.7278, 55.623922], [37.727804, 55.623357], [37.727807, 55.622999], [37.727735, 55.62171], [37.727752, 55.621487], [37.727759, 55.621342], [37.727764, 55.620235], [37.727807, 55.619629], [37.727824, 55.619521], [37.727855, 55.619319], [37.727879, 55.619167], [37.72791, 55.618961], [37.728151, 55.617933], [37.728189, 55.617823], [37.728285, 55.617552], [37.728308, 55.617487], [37.728411, 55.617194], [37.728468, 55.617031], [37.728704, 55.61645], [37.728889, 55.615994], [37.729154, 55.615474], [37.729713, 55.614365], [37.730314, 55.613253], [37.730438, 55.613026], [37.730159, 55.612983], [37.729592, 55.612898], [37.726313, 55.612355], [37.724502, 55.612064], [37.722151, 55.611672], [37.721919, 55.611633], [37.719147, 55.611188], [37.717901, 55.610977], [37.717599, 55.610924], [37.717311, 55.610882], [37.716951, 55.610821], [37.71614, 55.610685], [37.715508, 55.61058], [37.713122, 55.610195], [37.710929, 55.609849], [37.710796, 55.609829], [37.709487, 55.609628], [37.709192, 55.609583], [37.708876, 55.60953], [37.705099, 55.608953], [37.704938, 55.608928], [37.703766, 55.608721], [37.703471, 55.608663], [37.702548, 55.608447], [37.702363, 55.608407], [37.701784, 55.608242], [37.701215, 55.608053], [37.700939, 55.607953], [37.700102, 55.607635], [37.699973, 55.607579], [37.699774, 55.607475], [37.699137, 55.607953], [37.698636, 55.607723], [37.698793, 55.607615], [37.698014, 55.607226], [37.697834, 55.607333], [37.697292, 55.607032], [37.692636, 55.606854], [37.691005, 55.607295], [37.69073, 55.607313], [37.690438, 55.607313], [37.690249, 55.607337], [37.68988, 55.607381], [37.689597, 55.60743], [37.689271, 55.607536], [37.688962, 55.607604], [37.688618, 55.607648], [37.688318, 55.607701], [37.688086, 55.607793], [37.687906, 55.607851], [37.687614, 55.608011], [37.687365, 55.607987], [37.687082, 55.607939], [37.686765, 55.607919], [37.686456, 55.607847], [37.685981, 55.608042], [37.685331, 55.608335], [37.685158, 55.608509], [37.684943, 55.608575], [37.684629, 55.608742], [37.684404, 55.608887], [37.683705, 55.609052], [37.682096, 55.609775], [37.680625, 55.609985], [37.680231, 55.611038], [37.67986, 55.611771], [37.679066, 55.612555], [37.677915, 55.614334], [37.67811, 55.615994], [37.678063, 55.616618], [37.67809, 55.617525], [37.678984, 55.61968], [37.679847, 55.62171], [37.676811, 55.622013], [37.676327, 55.621983], [37.675967, 55.621924], [37.675635, 55.621834], [37.675128, 55.621586], [37.674772, 55.621313], [37.673917, 55.62054], [37.673418, 55.620063], [37.673187, 55.619843], [37.673067, 55.619745], [37.672926, 55.619634], [37.672682, 55.619524], [37.672425, 55.619529], [37.672074, 55.619684], [37.671565, 55.619923], [37.671435, 55.620022], [37.671274, 55.620089]]]}}, {"type": "Feature", "properties": {"name": "Орехово-Борисово Южное", "name_en": "Orekhovo-Borisovo Yuzhnoye", "okrug": "ЮАО", "source_name": "Орехово-Борисово Южное", "okato": "45296579", "oktmo": "45922000"}, "geometry": {"type": "Polygon", "coordinates": [[[37.692603, 55.604503], [37.692636, 55.606854], [37.697292, 55.607032], [37.697834, 55.607333], [37.698014, 55.607226], [37.698793, 55.607615], [37.698636, 55.607723], [37.699137, 55.607953], [37.699774, 55.607475], [37.699973, 55.607579], [37.700102, 55.607635], [37.700939, 55.607953], [37.701215, 55.608053], [37.701784, 55.608242], [37.702363, 55.608407], [37.702548, 55.608447], [37.703471, 55.608663], [37.703766, 55.608721], [37.704938, 55.608928], [37.705099, 55.608953], [37.708876, 55.60953], [37.709192, 55.609583], [37.709487, 55.609628], [37.710796, 55.609829], [37.710929, 55.609849], [37.713122, 55.610195], [37.715508, 55.61058], [37.71614, 55.610685], [37.716951, 55.610821], [37.717311, 55.610882], [37.717599, 55.610924], [37.717901, 55.610977], [37.719147, 55.611188], [37.721919, 55.611633], [37.722151, 55.611672], [37.724502, 55.612064], [37.726313, 55.612355], [37.729592, 55.612898], [37.730159, 55.612983], [37.730438, 55.613026], [37.730529, 55.61284], [37.73077, 55.612343], [37.731027, 55.611866], [37.731057, 55.611811], [37.731378, 55.611213], [37.732702, 55.611432], [37.733562, 55.611451], [37.735037, 55.61159], [37.735777, 55.611694], [37.736595, 55.611489], [37.739271, 55.611356], [37.743532, 55.611132], [37.747258, 55.610965], [37.748499, 55.610998], [37.750175, 55.610885], [37.750692, 55.611019], [37.751119, 55.611216], [37.751492, 55.611166], [37.7519, 55.611196], [37.752151, 55.611185], [37.752668, 55.611208], [37.753551, 55.611319], [37.754345, 55.61155], [37.75476, 55.611784], [37.755263, 55.611826], [37.755602, 55.611868], [37.755969, 55.611772], [37.756234, 55.611841], [37.756526, 55.612248], [37.757002, 55.612367], [37.7573, 55.612386], [37.757678, 55.612316], [37.757994, 55.612243], [37.758496, 55.612285], [37.758936, 55.612368], [37.759658, 55.612503], [37.760114, 55.612761], [37.760756, 55.613127], [37.761176, 55.61325], [37.76142, 55.613705], [37.762887, 55.614153], [37.764126, 55.614446], [37.764974, 55.614384], [37.765819, 55.614289], [37.76653, 55.614527], [37.766768, 55.61456], [37.766835, 55.614517], [37.766936, 55.614557], [37.767013, 55.614582], [37.767052, 55.614492], [37.767181, 55.614487], [37.767282, 55.61453], [37.767306, 55.614593], [37.767359, 55.614617], [37.767489, 55.61463], [37.767633, 55.614614], [37.767681, 55.614603], [37.768003, 55.614628], [37.76807, 55.614717], [37.768166, 55.61475], [37.768257, 55.614712], [37.768363, 55.614704], [37.768392, 55.614766], [37.768449, 55.614812], [37.768502, 55.614834], [37.768574, 55.614829], [37.768638, 55.614814], [37.768696, 55.614837], [37.768691, 55.614905], [37.768718, 55.614951], [37.768773, 55.615003], [37.768811, 55.615015], [37.768881, 55.615009], [37.768931, 55.614981], [37.769047, 55.614925], [37.769204, 55.614903], [37.769397, 55.615004], [37.769473, 55.615106], [37.769411, 55.615258], [37.769508, 55.615317], [37.769909, 55.615364], [37.769785, 55.615598], [37.77013, 55.615953], [37.770434, 55.615922], [37.770421, 55.615973], [37.770517, 55.615703], [37.770725, 55.61575], [37.770891, 55.615949], [37.771077, 55.615961], [37.771375, 55.615848], [37.771388, 55.615793], [37.771229, 55.615735], [37.771457, 55.615641], [37.771644, 55.615668], [37.771789, 55.615809], [37.771983, 55.615692], [37.772114, 55.615797], [37.772232, 55.615633], [37.772488, 55.615602], [37.772619, 55.615824], [37.773144, 55.616078], [37.773172, 55.616394], [37.773918, 55.616897], [37.773883, 55.617038], [37.774084, 55.617397], [37.775573, 55.618027], [37.775845, 55.618268], [37.775715, 55.618561], [37.775615, 55.618666], [37.775114, 55.618783], [37.774975, 55.618807], [37.774907, 55.618857], [37.774777, 55.619148], [37.774954, 55.619147], [37.775048, 55.619144], [37.779049, 55.61898], [37.779385, 55.618948], [37.779671, 55.618919], [37.78017, 55.618836], [37.780698, 55.618656], [37.78144, 55.618333], [37.781921, 55.618037], [37.782765, 55.617557], [37.782998, 55.617438], [37.783269, 55.617318], [37.783594, 55.617209], [37.783949, 55.617133], [37.78434, 55.617078], [37.784788, 55.617033], [37.785108, 55.617008], [37.785053, 55.61682], [37.784748, 55.616832], [37.783544, 55.616875], [37.783312, 55.616889], [37.782948, 55.616911], [37.782724, 55.616923], [37.782609, 55.616922], [37.782321, 55.616928], [37.782042, 55.61692], [37.781787, 55.616908], [37.780726, 55.616347], [37.780252, 55.616102], [37.78013, 55.616159], [37.776249, 55.614005], [37.771305, 55.611274], [37.766723, 55.60864], [37.765052, 55.607751], [37.763028, 55.606609], [37.762282, 55.606249], [37.762271, 55.606149], [37.761089, 55.60552], [37.757289, 55.603425], [37.753831, 55.601597], [37.750726, 55.600213], [37.748485, 55.599274], [37.746705, 55.598528], [37.74118, 55.596214], [37.73695, 55.594443], [37.733155, 55.592853], [37.732987, 55.592701], [37.732796, 55.592485], [37.732628, 55.592324], [37.732546, 55.592134], [37.73247, 55.591925], [37.732399, 55.591725], [37.732315, 55.59151], [37.732236, 55.591295], [37.732166, 55.591102], [37.732099, 55.590914], [37.732042, 55.59071], [37.732014, 55.590585], [37.731999, 55.590454], [37.731995, 55.590358], [37.731991, 55.590263], [37.731996, 55.590077], [37.732041, 55.589935], [37.732139, 55.589771], [37.732242, 55.589642], [37.732325, 55.589544], [37.732414, 55.589447], [37.732574, 55.589318], [37.732804, 55.589167], [37.732174, 55.588797], [37.731541, 55.5891], [37.731279, 55.58922], [37.731144, 55.589309], [37.730844, 55.589468], [37.730634, 55.589562], [37.730437, 55.589672], [37.730252, 55.589712], [37.728861, 55.589876], [37.72837, 55.589934], [37.726973, 55.590082], [37.726349, 55.590067], [37.725271, 55.589618], [37.724504, 55.589313], [37.722679, 55.590834], [37.719553, 55.593731], [37.717043, 55.595719], [37.71492, 55.596725], [37.711725, 55.597437], [37.710682, 55.597771], [37.70946, 55.598345], [37.708005, 55.598414], [37.705191, 55.598438], [37.702812, 55.599289], [37.70211, 55.599633], [37.701968, 55.600297], [37.702067, 55.600825], [37.700617, 55.602121], [37.700113, 55.602399], [37.698033, 55.601987], [37.696363, 55.602445], [37.696162, 55.6025], [37.692603, 55.604503]]]}}, {"type": "Feature", "properties": {"name": "Царицыно", "name_en": "Tsaritsyno", "okrug": "ЮАО", "source_name": "Царицыно", "okato": "45296590", "oktmo": "45923000"}, "geometry": {"type": "Polygon", "coordinates": [[[37.625093, 55.640011], [37.625434, 55.640008], [37.62568, 55.640008], [37.626099, 55.640002], [37.626828, 55.640002], [37.627472, 55.63993], [37.627783, 55.63979], [37.628448, 55.639639], [37.628802, 55.639681], [37.629039, 55.639724], [37.629275, 55.639845], [37.629575, 55.639814], [37.629865, 55.639863], [37.63024, 55.639857], [37.63053, 55.63979], [37.630873, 55.639699], [37.631131, 55.639675], [37.631463, 55.639657], [37.631667, 55.639669], [37.632064, 55.639675], [37.632397, 55.639663], [37.632665, 55.639645], [37.632976, 55.639663], [37.633813, 55.63976], [37.634317, 55.639693], [37.634929, 55.639748], [37.635358, 55.639778], [37.635787, 55.639796], [37.636162, 55.639693], [37.639097, 55.640542], [37.641786, 55.640672], [37.641529, 55.639341], [37.641386, 55.638669], [37.641625, 55.638603], [37.64212, 55.638529], [37.642736, 55.638451], [37.642836, 55.638439], [37.642901, 55.638432], [37.643588, 55.638361], [37.643884, 55.638336], [37.644175, 55.638311], [37.644866, 55.638258], [37.646981, 55.638093], [37.647042, 55.638088], [37.647671, 55.638045], [37.648281, 55.638003], [37.649922, 55.637889], [37.652343, 55.637737], [37.652611, 55.63772], [37.654506, 55.637558], [37.654838, 55.637531], [37.654726, 55.637741], [37.654681, 55.638327], [37.654947, 55.638302], [37.655105, 55.638295], [37.656102, 55.638254], [37.656509, 55.638236], [37.656628, 55.63823], [37.656664, 55.638229], [37.657574, 55.638153], [37.658217, 55.638103], [37.661293, 55.637884], [37.661503, 55.637869], [37.66175, 55.637852], [37.662211, 55.637819], [37.662857, 55.637774], [37.662958, 55.637767], [37.663069, 55.637759], [37.664414, 55.637667], [37.665873, 55.63757], [37.666273, 55.637545], [37.667525, 55.637466], [37.667618, 55.637459], [37.668036, 55.637428], [37.668076, 55.637424], [37.66935, 55.637342], [37.67195, 55.637153], [37.673012, 55.637081], [37.673094, 55.637076], [37.673682, 55.637036], [37.673984, 55.637013], [37.674105, 55.637008], [37.67483, 55.636971], [37.676171, 55.636903], [37.678448, 55.636787], [37.68024, 55.636695], [37.680809, 55.636666], [37.681274, 55.636643], [37.681902, 55.636611], [37.685895, 55.636408], [37.686001, 55.636403], [37.686248, 55.636378], [37.686813, 55.636333], [37.685277, 55.632057], [37.684988, 55.631483], [37.684218, 55.630416], [37.681168, 55.627723], [37.678708, 55.625696], [37.677639, 55.62485], [37.675979, 55.623467], [37.67443, 55.622307], [37.673364, 55.621511], [37.671274, 55.620089], [37.671435, 55.620022], [37.671371, 55.619952], [37.670465, 55.619293], [37.669484, 55.618626], [37.669114, 55.618408], [37.668201, 55.617877], [37.667917, 55.617738], [37.667621, 55.617605], [37.667222, 55.617434], [37.665822, 55.616968], [37.663997, 55.616359], [37.661942, 55.615812], [37.660193, 55.615341], [37.659296, 55.615146], [37.657739, 55.614826], [37.656808, 55.614625], [37.654997, 55.614244], [37.651867, 55.613584], [37.647148, 55.612568], [37.644435, 55.611971], [37.642066, 55.61115], [37.64076, 55.610508], [37.640591, 55.61061], [37.638808, 55.611703], [37.638419, 55.611956], [37.637349, 55.612648], [37.636148, 55.613642], [37.634946, 55.614951], [37.634148, 55.61609], [37.634131, 55.616114], [37.633401, 55.617399], [37.63277, 55.618428], [37.632242, 55.619434], [37.630817, 55.621844], [37.630165, 55.623042], [37.628848, 55.625462], [37.628353, 55.627102], [37.627418, 55.631039], [37.627162, 55.63199], [37.62706, 55.632419], [37.626974, 55.632752], [37.626839, 55.633277], [37.625162, 55.639733], [37.625093, 55.640011]]]}}, {"type": "Feature", "properties": {"name": "Чертаново Северное", "name_en": "Chertanovo Severnoye", "okrug": "ЮАО", "source_name": "Чертаново Северное", "okato": "45296593", "oktmo": "45924000"}, "geometry": {"type": "Polygon", "coordinates": [[[37.577266, 55.632677], [37.577406, 55.63436], [37.57757, 55.634454], [37.577781, 55.634699], [37.578139, 55.634739], [37.578798, 55.635358], [37.579058, 55.635405], [37.579206, 55.635553], [37.579141, 55.635659], [37.57928, 55.635781], [37.580158, 55.635564], [37.580594, 55.635911], [37.579845, 55.636023], [37.58032, 55.636567], [37.580526, 55.636588], [37.580622, 55.63677], [37.58083, 55.636815], [37.581104, 55.637278], [37.581666, 55.6372], [37.581665, 55.637204], [37.582209, 55.638541], [37.582208, 55.638547], [37.581491, 55.63896], [37.581448, 55.639487], [37.581621, 55.639475], [37.582057, 55.639544], [37.582155, 55.639652], [37.582119, 55.639735], [37.582003, 55.639824], [37.581616, 55.639965], [37.581262, 55.640895], [37.581923, 55.6409], [37.581912, 55.640991], [37.582001, 55.641222], [37.580707, 55.642333], [37.57929, 55.642801], [37.579362, 55.643615], [37.579932, 55.643792], [37.579963, 55.644372], [37.580026, 55.644814], [37.580042, 55.64493], [37.580341, 55.64491], [37.580365, 55.645114], [37.580388, 55.645326], [37.582667, 55.644635], [37.586587, 55.643434], [37.589415, 55.642579], [37.590224, 55.642397], [37.591683, 55.642189], [37.594513, 55.641963], [37.594817, 55.641946], [37.605729, 55.641328], [37.616988, 55.640712], [37.618992, 55.640595], [37.619774, 55.640544], [37.619742, 55.642191], [37.624469, 55.642527], [37.625093, 55.640011], [37.625162, 55.639733], [37.626839, 55.633277], [37.626974, 55.632752], [37.62706, 55.632419], [37.627162, 55.63199], [37.627418, 55.631039], [37.628353, 55.627102], [37.628848, 55.625462], [37.630165, 55.623042], [37.630817, 55.621844], [37.626093, 55.621373], [37.624643, 55.621122], [37.624296, 55.621062], [37.623742, 55.621046], [37.620794, 55.621414], [37.617134, 55.621875], [37.616309, 55.622004], [37.61627, 55.622011], [37.616224, 55.62202], [37.616161, 55.622032], [37.61601, 55.622058], [37.615577, 55.622136], [37.615461, 55.622153], [37.615016, 55.622218], [37.614884, 55.62224], [37.614176, 55.62067], [37.613738, 55.620732], [37.609208, 55.621374], [37.607854, 55.621446], [37.606947, 55.62167], [37.59779, 55.623179], [37.5958, 55.623475], [37.59214, 55.62398], [37.591519, 55.62406], [37.591135, 55.624098], [37.590672, 55.624105], [37.589886, 55.624009], [37.589247, 55.623844], [37.588226, 55.623513], [37.587501, 55.624044], [37.587084, 55.624289], [37.586005, 55.623863], [37.585653, 55.623984], [37.585566, 55.624029], [37.585837, 55.625089], [37.583809, 55.625402], [37.582783, 55.625165], [37.582885, 55.625404], [37.583243, 55.626231], [37.583447, 55.626285], [37.583635, 55.626329], [37.583816, 55.626912], [37.584044, 55.626886], [37.584206, 55.626693], [37.58435, 55.626684], [37.584682, 55.627704], [37.584628, 55.62774], [37.584349, 55.627642], [37.584191, 55.627585], [37.584026, 55.627779], [37.584088, 55.627995], [37.584448, 55.628001], [37.584741, 55.627925], [37.584917, 55.628346], [37.585027, 55.628723], [37.584836, 55.628768], [37.584672, 55.628476], [37.58435, 55.628563], [37.584221, 55.628435], [37.584131, 55.628675], [37.584589, 55.628969], [37.585147, 55.629201], [37.585284, 55.629399], [37.58526, 55.62954], [37.585396, 55.629796], [37.58551, 55.630019], [37.585796, 55.630621], [37.585983, 55.631173], [37.585804, 55.631421], [37.585243, 55.631486], [37.58382, 55.631473], [37.577266, 55.632677]]]}}, {"type": "Feature", "properties": {"name": "Чертаново Центральное", "name_en": "Chertanovo Tsentralnoye", "okrug": "ЮАО", "source_name": "Чертаново Центральное", "okato": "45296595", "oktmo": "45925000"}, "geometry": {"type": "Polygon", "coordinates": [[[37.569798, 55.608069], [37.569916, 55.608469], [37.570954, 55.608513], [37.571705, 55.60838], [37.571987, 55.608309], [37.573288, 55.608309], [37.573616, 55.608361], [37.574244, 55.608692], [37.574686, 55.608817], [37.575576, 55.610984], [37.575678, 55.611793], [37.575196, 55.612627], [37.574626, 55.613228], [37.577527, 55.614328], [37.577792, 55.614526], [37.578087, 55.614758], [37.577693, 55.614862], [37.575934, 55.615507], [37.578463, 55.618756], [37.579425, 55.619691], [37.580422, 55.619329], [37.580499, 55.619386], [37.579517, 55.619831], [37.578885, 55.620095], [37.577895, 55.619345], [37.577551, 55.619254], [37.577322, 55.619262], [37.576977, 55.619308], [37.575678, 55.619678], [37.574992, 55.619823], [37.574745, 55.620047], [37.575056, 55.620544], [37.57556, 55.621023], [37.575947, 55.621423], [37.576397, 55.621756], [37.576921, 55.621963], [37.577935, 55.62174], [37.578079, 55.621908], [37.578589, 55.621769], [37.578843, 55.621745], [37.578308, 55.622052], [37.578381, 55.622214], [37.578715, 55.622236], [37.57888, 55.622119], [37.579171, 55.622109], [37.579667, 55.621939], [37.579671, 55.621848], [37.579908, 55.621742], [37.580112, 55.621701], [37.580291, 55.621781], [37.580535, 55.621789], [37.581258, 55.622229], [37.582633, 55.623245], [37.582219, 55.623328], [37.581659, 55.622919], [37.581544, 55.623036], [37.581828, 55.623246], [37.581881, 55.623353], [37.581721, 55.623388], [37.581926, 55.623636], [37.581779, 55.623847], [37.581393, 55.624071], [37.581986, 55.624246], [37.582354, 55.624362], [37.58203, 55.624585], [37.582421, 55.624803], [37.582783, 55.625165], [37.583809, 55.625402], [37.585837, 55.625089], [37.585566, 55.624029], [37.585653, 55.623984], [37.586005, 55.623863], [37.587084, 55.624289], [37.587501, 55.624044], [37.588226, 55.623513], [37.589247, 55.623844], [37.589886, 55.624009], [37.590672, 55.624105], [37.591135, 55.624098], [37.591519, 55.62406], [37.59214, 55.62398], [37.5958, 55.623475], [37.59779, 55.623179], [37.606947, 55.62167], [37.607854, 55.621446], [37.609208, 55.621374], [37.613738, 55.620732], [37.614176, 55.62067], [37.614884, 55.62224], [37.615016, 55.622218], [37.615461, 55.622153], [37.615577, 55.622136], [37.61601, 55.622058], [37.616161, 55.622032], [37.616224, 55.62202], [37.61627, 55.622011], [37.616309, 55.622004], [37.617134, 55.621875], [37.620794, 55.621414], [37.623742, 55.621046], [37.624296, 55.621062], [37.624643, 55.621122], [37.626093, 55.621373], [37.630817, 55.621844], [37.632242, 55.619434], [37.63277, 55.618428], [37.633401, 55.617399], [37.634131, 55.616114], [37.634148, 55.61609], [37.634946, 55.614951], [37.636148, 55.613642], [37.637349, 55.612648], [37.638419, 55.611956], [37.638808, 55.611703], [37.640591, 55.61061], [37.64076, 55.610508], [37.640653, 55.610457], [37.639935, 55.610107], [37.638735, 55.609358], [37.637811, 55.608613], [37.637459, 55.608302], [37.636326, 55.607204], [37.635113, 55.606032], [37.63324, 55.604274], [37.631826, 55.604747], [37.629953, 55.605387], [37.628358, 55.605931], [37.624972, 55.607088], [37.624723, 55.607161], [37.623176, 55.607567], [37.622603, 55.607713], [37.621366, 55.608003], [37.616906, 55.608838], [37.616503, 55.608912], [37.616274, 55.608954], [37.614697, 55.609223], [37.612499, 55.609598], [37.609268, 55.610129], [37.609083, 55.609735], [37.608267, 55.607982], [37.6064, 55.604275], [37.605936, 55.60335], [37.603799, 55.603694], [37.603541, 55.603858], [37.600367, 55.604357], [37.600255, 55.604144], [37.600183, 55.603992], [37.599122, 55.604163], [37.597492, 55.604414], [37.596067, 55.604631], [37.595183, 55.604753], [37.594936, 55.604756], [37.593544, 55.604809], [37.592421, 55.604848], [37.591502, 55.604884], [37.590823, 55.604908], [37.590014, 55.604957], [37.590247, 55.605926], [37.588375, 55.606072], [37.587072, 55.60602], [37.586502, 55.605958], [37.585611, 55.605801], [37.584377, 55.605539], [37.583301, 55.605161], [37.581706, 55.604574], [37.581556, 55.604366], [37.577822, 55.604366], [37.575762, 55.606257], [37.5749, 55.606596], [37.573986, 55.606651], [37.573616, 55.60595], [37.571868, 55.605989], [37.571299, 55.606718], [37.57014, 55.607154], [37.569896, 55.607243], [37.569906, 55.60737], [37.569966, 55.607529], [37.56985, 55.607558], [37.569884, 55.607718], [37.569798, 55.608069]]]}}, {"type": "Feature", "properties": {"name": "Чертаново Южное", "name_en": "Chertanovo Yuzhnoye", "okrug": "ЮАО", "source_name": "Чертаново Южное", "okato": "45296597", "oktmo": "45926000"}, "geometry": {"type": "Polygon", "coordinates": [[[37.57294, 55.580967], [37.573581, 55.581498], [37.573743, 55.581695], [37.57383, 55.581876], [37.573827, 55.582036], [37.573678, 55.58221], [37.575505, 55.583924], [37.577479, 55.58635], [37.577477, 55.586989], [37.577067, 55.587221], [37.57706, 55.587444], [37.576787, 55.587867], [37.576921, 55.588072], [37.576864, 55.589315], [37.576981, 55.589872], [37.576924, 55.590253], [37.576999, 55.590858], [37.577151, 55.59125], [37.577143, 55.591695], [37.577412, 55.592079], [37.577526, 55.592413], [37.577869, 55.593164], [37.577913, 55.593626], [37.578178, 55.594213], [37.578367, 55.594821], [37.578587, 55.595224], [37.578974, 55.595913], [37.580237, 55.595813], [37.580198, 55.596899], [37.580571, 55.597761], [37.576663, 55.597869], [37.57643, 55.598155], [37.576488, 55.598654], [37.576715, 55.599287], [37.577042, 55.599523], [37.577511, 55.60003], [37.577218, 55.599513], [37.577357, 55.599384], [37.577735, 55.599364], [37.578027, 55.599479], [37.578451, 55.599243], [37.578782, 55.599666], [37.579337, 55.599692], [37.57912, 55.599873], [37.578245, 55.599821], [37.57825, 55.600035], [37.578683, 55.599997], [37.579108, 55.600183], [37.578771, 55.600351], [37.579085, 55.600823], [37.57802, 55.600276], [37.57802, 55.600159], [37.577889, 55.600056], [37.577673, 55.60017], [37.578879, 55.600852], [37.579296, 55.601033], [37.58177, 55.603494], [37.581556, 55.604366], [37.581706, 55.604574], [37.583301, 55.605161], [37.584377, 55.605539], [37.585611, 55.605801], [37.586502, 55.605958], [37.587072, 55.60602], [37.588375, 55.606072], [37.590247, 55.605926], [37.590014, 55.604957], [37.590823, 55.604908], [37.591502, 55.604884], [37.592421, 55.604848], [37.593544, 55.604809], [37.594936, 55.604756], [37.595183, 55.604753], [37.596067, 55.604631], [37.597492, 55.604414], [37.599122, 55.604163], [37.600183, 55.603992], [37.600255, 55.604144], [37.600367, 55.604357], [37.603541, 55.603858], [37.603799, 55.603694], [37.605936, 55.60335], [37.6064, 55.604275], [37.608267, 55.607982], [37.609083, 55.609735], [37.609268, 55.610129], [37.612499, 55.609598], [37.614697, 55.609223], [37.616274, 55.608954], [37.616503, 55.608912], [37.616906, 55.608838], [37.621366, 55.608003], [37.622603, 55.607713], [37.623176, 55.607567], [37.624723, 55.607161], [37.624972, 55.607088], [37.628358, 55.605931], [37.629953, 55.605387], [37.631826, 55.604747], [37.63324, 55.604274], [37.632405, 55.603494], [37.631879, 55.60298], [37.628162, 55.599252], [37.626353, 55.598144], [37.623427, 55.596864], [37.621035, 55.59574], [37.619355, 55.59476], [37.61728, 55.593145], [37.616245, 55.591978], [37.615737, 55.591316], [37.615526, 55.590877], [37.615336, 55.590445], [37.615305, 55.590358], [37.615236, 55.590147], [37.615158, 55.589932], [37.614559, 55.586132], [37.613125, 55.574631], [37.611092, 55.574744], [37.606487, 55.575004], [37.605542, 55.575057], [37.605491, 55.575046], [37.605041, 55.574894], [37.604731, 55.574762], [37.604426, 55.5746], [37.604452, 55.574583], [37.604163, 55.574419], [37.604112, 55.574426], [37.604077, 55.574482], [37.60418, 55.574759], [37.604049, 55.574844], [37.60396, 55.574967], [37.603833, 55.5751], [37.603685, 55.575211], [37.603191, 55.575235], [37.60032, 55.575375], [37.599405, 55.5749], [37.598489, 55.574426], [37.59832, 55.574315], [37.597958, 55.574033], [37.597859, 55.573941], [37.597805, 55.573879], [37.597794, 55.573811], [37.597788, 55.57378], [37.597804, 55.573734], [37.597859, 55.573513], [37.597946, 55.573294], [37.598091, 55.572882], [37.598153, 55.572757], [37.598194, 55.572666], [37.598277, 55.572521], [37.598381, 55.572356], [37.598512, 55.572187], [37.599467, 55.571428], [37.599958, 55.571008], [37.6002, 55.570701], [37.600563, 55.570735], [37.600597, 55.57057], [37.60062, 55.570181], [37.60085, 55.569667], [37.600977, 55.569088], [37.601097, 55.568416], [37.601675, 55.567228], [37.602288, 55.566373], [37.598397, 55.566606], [37.597468, 55.566872], [37.597553, 55.567888], [37.597196, 55.569083], [37.594988, 55.571784], [37.5941, 55.572934], [37.593701, 55.573542], [37.59283, 55.574665], [37.592525, 55.575036], [37.59224, 55.5754], [37.592098, 55.575553], [37.591852, 55.575775], [37.591522, 55.576076], [37.591208, 55.576254], [37.590093, 55.576896], [37.586664, 55.577703], [37.57814, 55.579732], [37.57294, 55.580967]]]}}, {"type": "Feature", "properties": {"name": "Академический", "name_en": "Akademichesky", "okrug": "ЮЗАО", "source_name": "Академический", "okato": "45293554", "oktmo": "45397000"}, "geometry": {"type": "Polygon", "coordinates": [[[37.55226, 55.684033], [37.552322, 55.684085], [37.552561, 55.684284], [37.552607, 55.68432], [37.552651, 55.684355], [37.553527, 55.685044], [37.554099, 55.685494], [37.554172, 55.685553], [37.554245, 55.68561], [37.554914, 55.686165], [37.555469, 55.686625], [37.55558, 55.686721], [37.555976, 55.68706], [37.556236, 55.687266], [37.556354, 55.68736], [37.556682, 55.687631], [37.557617, 55.688403], [37.557921, 55.688655], [37.56076, 55.691018], [37.561109, 55.691286], [37.561362, 55.69148], [37.561463, 55.691558], [37.562056, 55.691941], [37.562163, 55.692005], [37.56225, 55.692056], [37.562533, 55.692226], [37.562891, 55.692439], [37.56303, 55.692518], [37.563778, 55.692936], [37.564248, 55.693197], [37.564686, 55.693446], [37.564988, 55.693614], [37.566197, 55.694309], [37.566448, 55.694453], [37.566574, 55.694525], [37.566726, 55.69461], [37.566823, 55.694665], [37.56831, 55.6955], [37.568562, 55.695641], [37.569238, 55.696021], [37.571004, 55.697012], [37.571131, 55.697084], [37.57126, 55.697158], [37.571346, 55.697207], [37.572131, 55.697657], [37.573867, 55.69865], [37.574731, 55.699142], [37.574849, 55.69921], [37.575038, 55.69932], [37.575294, 55.699462], [37.575704, 55.699696], [37.576905, 55.700381], [37.577562, 55.700754], [37.578367, 55.701227], [37.579017, 55.701592], [37.57948, 55.701869], [37.580068, 55.702207], [37.580087, 55.702217], [37.580267, 55.702313], [37.580471, 55.702432], [37.580497, 55.702451], [37.581173, 55.702824], [37.581554, 55.703045], [37.581937, 55.703257], [37.583622, 55.704204], [37.584336, 55.704605], [37.585128, 55.70505], [37.586238, 55.705697], [37.586258, 55.705709], [37.586634, 55.705956], [37.586796, 55.706046], [37.587313, 55.706342], [37.587503, 55.706114], [37.58782, 55.705784], [37.588085, 55.70549], [37.588456, 55.705078], [37.589021, 55.704443], [37.589343, 55.704082], [37.589841, 55.703506], [37.590967, 55.702193], [37.592957, 55.699874], [37.593978, 55.698698], [37.594905, 55.697615], [37.595617, 55.696778], [37.596253, 55.696072], [37.596733, 55.695574], [37.597102, 55.695235], [37.597557, 55.694848], [37.598062, 55.694397], [37.598963, 55.693666], [37.599222, 55.693455], [37.5996, 55.693104], [37.600071, 55.692708], [37.600685, 55.692202], [37.601308, 55.691781], [37.601616, 55.69158], [37.601487, 55.691528], [37.600841, 55.691273], [37.600278, 55.691051], [37.59946, 55.690739], [37.598909, 55.690533], [37.598446, 55.690347], [37.598098, 55.690137], [37.597676, 55.689846], [37.596517, 55.688771], [37.59624, 55.688532], [37.595634, 55.68791], [37.595405, 55.687698], [37.59529, 55.687591], [37.594695, 55.68704], [37.593549, 55.685977], [37.593121, 55.685589], [37.593034, 55.685511], [37.592243, 55.684793], [37.59209, 55.684654], [37.592032, 55.6846], [37.591498, 55.684098], [37.590837, 55.683503], [37.590437, 55.683136], [37.589935, 55.682675], [37.589512, 55.68231], [37.58931, 55.682125], [37.588857, 55.681712], [37.588445, 55.681338], [37.587484, 55.680495], [37.586869, 55.680116], [37.586701, 55.679991], [37.586425, 55.679491], [37.586279, 55.679293], [37.586142, 55.679152], [37.585936, 55.679046], [37.585561, 55.678919], [37.585511, 55.678902], [37.584213, 55.678464], [37.583828, 55.678334], [37.583118, 55.678094], [37.581865, 55.677671], [37.580688, 55.677273], [37.579681, 55.676933], [37.579509, 55.676909], [37.579627, 55.676747], [37.580303, 55.675163], [37.580315, 55.675128], [37.580329, 55.67503], [37.580305, 55.674859], [37.579752, 55.674319], [37.579393, 55.673971], [37.579372, 55.673948], [37.578971, 55.673556], [37.578521, 55.673116], [37.57836, 55.672959], [37.578129, 55.672733], [37.578089, 55.672695], [37.571712, 55.674881], [37.569417, 55.675682], [37.568522, 55.676002], [37.563814, 55.677615], [37.562989, 55.677892], [37.562752, 55.67802], [37.561983, 55.67843], [37.558122, 55.680658], [37.555562, 55.68213], [37.554798, 55.682541], [37.55226, 55.684033]]]}}, {"type": "Feature", "properties": {"name": "Гагаринский", "name_en": "Gagarinsky", "okrug": "ЮЗАО", "source_name": "Гагаринский", "okato": "45293558", "oktmo": "45398000"}, "geometry": {"type": "Polygon", "coordinates": [[[37.530053, 55.689929], [37.535747, 55.693099], [37.536571, 55.693563], [37.546313, 55.700746], [37.554149, 55.706531], [37.557025, 55.708615], [37.559232, 55.71028], [37.560995, 55.710338], [37.565401, 55.710757], [37.56961, 55.711617], [37.574928, 55.713118], [37.577608, 55.714206], [37.579418, 55.712956], [37.581635, 55.711348], [37.582129, 55.711003], [37.583401, 55.710042], [37.584227, 55.709514], [37.585365, 55.708814], [37.588709, 55.707141], [37.587697, 55.706556], [37.587473, 55.706427], [37.587313, 55.706342], [37.586796, 55.706046], [37.586634, 55.705956], [37.586258, 55.705709], [37.586238, 55.705697], [37.585128, 55.70505], [37.584336, 55.704605], [37.583622, 55.704204], [37.581937, 55.703257], [37.581554, 55.703045], [37.581173, 55.702824], [37.580497, 55.702451], [37.580471, 55.702432], [37.580267, 55.702313], [37.580087, 55.702217], [37.580068, 55.702207], [37.57948, 55.701869], [37.579017, 55.701592], [37.578367, 55.701227], [37.577562, 55.700754], [37.576905, 55.700381], [37.575704, 55.699696], [37.575294, 55.699462], [37.575038, 55.69932], [37.574849, 55.69921], [37.574731, 55.699142], [37.573867, 55.69865], [37.572131, 55.697657], [37.571346, 55.697207], [37.57126, 55.697158], [37.571131, 55.697084], [37.571004, 55.697012], [37.569238, 55.696021], [37.568562, 55.695641], [37.56831, 55.6955], [37.566823, 55.694665], [37.566726, 55.69461], [37.566574, 55.694525], [37.566448, 55.694453], [37.566197, 55.694309], [37.564988, 55.693614], [37.564686, 55.693446], [37.564248, 55.693197], [37.563778, 55.692936], [37.56303, 55.692518], [37.562891, 55.692439], [37.562533, 55.692226], [37.56225, 55.692056], [37.562163, 55.692005], [37.562056, 55.691941], [37.561463, 55.691558], [37.561362, 55.69148], [37.561109, 55.691286], [37.56076, 55.691018], [37.557921, 55.688655], [37.557617, 55.688403], [37.556682, 55.687631], [37.556354, 55.68736], [37.556236, 55.687266], [37.555976, 55.68706], [37.55558, 55.686721], [37.555469, 55.686625], [37.554914, 55.686165], [37.554245, 55.68561], [37.554172, 55.685553], [37.554099, 55.685494], [37.553527, 55.685044], [37.552651, 55.684355], [37.552607, 55.68432], [37.552561, 55.684284], [37.552322, 55.684085], [37.55226, 55.684033], [37.55221, 55.683991], [37.552011, 55.683845], [37.55189, 55.683758], [37.550675, 55.682968], [37.549965, 55.682485], [37.549875, 55.682425], [37.549611, 55.68223], [37.548966, 55.681811], [37.548366, 55.681409], [37.547626, 55.680918], [37.547493, 55.68083], [37.547267, 55.680938], [37.544659, 55.68218], [37.543087, 55.682912], [37.543087, 55.682912], [37.541273, 55.683756], [37.540647, 55.684047], [37.540309, 55.684204], [37.540095, 55.684318], [37.539882, 55.684432], [37.539643, 55.684559], [37.539574, 55.684598], [37.538783, 55.68504], [37.537708, 55.68564], [37.53743, 55.685795], [37.535715, 55.686754], [37.535481, 55.686884], [37.535313, 55.686978], [37.533363, 55.688067], [37.533159, 55.688181], [37.533061, 55.688236], [37.531953, 55.688855], [37.531923, 55.688872], [37.531611, 55.689046], [37.530423, 55.689709], [37.530329, 55.689762], [37.530129, 55.689885], [37.530053, 55.689929]]]}}, {"type": "Feature", "properties": {"name": "Зюзино", "name_en": "Zyuzino", "okrug": "ЮЗАО", "source_name": "Зюзино", "okato": "45293562", "oktmo": "45901000"}, "geometry": {"type": "Polygon", "coordinates": [[[37.563998, 55.649463], [37.564465, 55.650088], [37.565121, 55.650855], [37.565369, 55.651133], [37.565814, 55.651595], [37.56617, 55.651937], [37.571096, 55.656615], [37.576177, 55.661293], [37.578771, 55.663728], [37.581246, 55.666025], [37.585388, 55.665596], [37.593163, 55.665503], [37.596773, 55.666279], [37.598031, 55.665858], [37.599725, 55.665282], [37.601378, 55.664792], [37.602432, 55.664629], [37.607646, 55.664083], [37.613572, 55.663479], [37.613497, 55.663414], [37.613398, 55.663332], [37.613164, 55.663128], [37.613017, 55.663002], [37.612869, 55.662876], [37.611375, 55.661598], [37.610535, 55.6609], [37.61041, 55.660807], [37.610237, 55.660678], [37.60996, 55.66045], [37.608115, 55.658948], [37.608058, 55.658898], [37.606915, 55.657923], [37.605867, 55.657031], [37.605666, 55.656811], [37.605492, 55.656585], [37.605467, 55.656527], [37.605446, 55.656448], [37.605445, 55.656221], [37.605445, 55.656059], [37.605465, 55.65479], [37.605488, 55.653732], [37.605496, 55.653628], [37.605501, 55.653374], [37.605503, 55.653044], [37.605505, 55.652923], [37.605533, 55.651071], [37.605577, 55.649021], [37.605587, 55.648621], [37.605619, 55.647386], [37.605592, 55.645612], [37.605591, 55.645499], [37.605589, 55.64538], [37.605586, 55.645201], [37.605581, 55.644821], [37.605593, 55.644479], [37.605646, 55.64334], [37.605729, 55.641328], [37.594817, 55.641946], [37.594513, 55.641963], [37.591683, 55.642189], [37.590224, 55.642397], [37.589415, 55.642579], [37.586587, 55.643434], [37.582667, 55.644635], [37.580388, 55.645326], [37.5768, 55.646429], [37.575448, 55.646795], [37.571701, 55.647761], [37.568297, 55.648531], [37.565411, 55.649191], [37.563998, 55.649463]]]}}, {"type": "Feature", "properties": {"name": "Коньково", "name_en": "Konkovo", "okrug": "ЮЗАО", "source_name": "Коньково", "okato": "45293566", "oktmo": "45902000"}, "geometry": {"type": "Polygon", "coordinates": [[[37.498505, 55.64219], [37.498655, 55.642304], [37.499425, 55.642889], [37.499904, 55.643253], [37.500275, 55.643534], [37.500514, 55.643716], [37.502554, 55.645235], [37.503494, 55.645946], [37.504697, 55.646857], [37.507638, 55.649022], [37.508712, 55.649812], [37.508887, 55.649941], [37.509184, 55.64982], [37.509853, 55.649538], [37.51001, 55.649474], [37.510609, 55.649215], [37.511846, 55.648694], [37.513157, 55.648134], [37.513254, 55.648095], [37.51343, 55.648204], [37.515984, 55.650119], [37.517204, 55.651035], [37.51738, 55.65117], [37.518456, 55.651997], [37.520722, 55.653741], [37.52189, 55.65464], [37.52083, 55.655121], [37.520571, 55.654945], [37.520034, 55.655159], [37.52118, 55.656048], [37.522765, 55.655288], [37.522949, 55.655424], [37.523034, 55.655488], [37.524015, 55.656218], [37.52418, 55.65634], [37.524372, 55.656488], [37.524697, 55.656723], [37.524971, 55.656947], [37.525228, 55.657157], [37.525353, 55.65726], [37.525366, 55.657307], [37.527965, 55.657069], [37.530676, 55.656789], [37.53562, 55.656299], [37.53637, 55.656212], [37.537301, 55.656091], [37.538413, 55.655882], [37.539089, 55.655736], [37.539266, 55.655687], [37.539532, 55.655616], [37.539852, 55.655518], [37.540506, 55.655288], [37.541302, 55.65496], [37.543678, 55.653801], [37.545315, 55.653089], [37.546213, 55.652737], [37.548228, 55.652076], [37.551239, 55.651322], [37.552928, 55.65105], [37.556115, 55.650636], [37.558862, 55.650241], [37.562421, 55.649741], [37.563274, 55.649601], [37.563998, 55.649463], [37.563376, 55.648623], [37.561306, 55.645901], [37.560962, 55.645508], [37.560601, 55.645132], [37.560237, 55.644838], [37.559972, 55.644649], [37.559716, 55.644494], [37.558906, 55.644045], [37.558061, 55.643655], [37.557103, 55.643319], [37.551879, 55.641747], [37.550926, 55.641442], [37.549999, 55.641146], [37.549493, 55.640952], [37.549337, 55.640885], [37.549293, 55.640865], [37.548285, 55.640433], [37.54694, 55.639826], [37.546427, 55.639556], [37.546087, 55.639347], [37.54577, 55.639114], [37.545326, 55.638746], [37.544731, 55.63813], [37.544607, 55.637976], [37.544117, 55.63737], [37.544041, 55.637252], [37.543676, 55.636687], [37.542627, 55.635055], [37.542487, 55.634838], [37.541918, 55.633953], [37.541759, 55.633705], [37.541105, 55.632689], [37.540585, 55.631881], [37.540383, 55.631488], [37.540225, 55.631086], [37.540135, 55.630768], [37.540085, 55.630522], [37.540055, 55.630238], [37.540089, 55.629962], [37.540172, 55.629637], [37.540312, 55.629283], [37.540559, 55.628642], [37.537433, 55.627808], [37.536169, 55.626835], [37.532347, 55.625802], [37.53127, 55.625939], [37.531055, 55.625483], [37.528095, 55.624617], [37.524433, 55.623632], [37.522845, 55.623909], [37.519127, 55.624558], [37.514219, 55.625414], [37.513489, 55.625557], [37.51345, 55.625565], [37.513044, 55.625645], [37.512751, 55.625741], [37.512653, 55.625775], [37.513798, 55.626758], [37.514853, 55.627671], [37.515908, 55.628619], [37.517098, 55.629632], [37.517598, 55.630186], [37.518391, 55.631288], [37.52049, 55.634301], [37.520395, 55.634319], [37.51917, 55.634583], [37.518487, 55.634743], [37.517563, 55.634948], [37.516776, 55.63516], [37.516039, 55.63538], [37.515476, 55.635569], [37.514905, 55.635783], [37.514371, 55.635993], [37.513723, 55.636247], [37.512734, 55.636629], [37.511555, 55.637083], [37.511458, 55.637117], [37.510271, 55.637586], [37.51008, 55.637665], [37.509831, 55.637771], [37.509495, 55.637903], [37.507497, 55.638662], [37.504427, 55.63988], [37.503622, 55.640194], [37.503191, 55.640362], [37.503108, 55.640394], [37.502854, 55.640493], [37.501843, 55.640888], [37.501015, 55.641211], [37.500861, 55.641271], [37.499976, 55.641616], [37.498792, 55.642078], [37.498505, 55.64219]]]}}, {"type": "Feature", "properties": {"name": "Котловка", "name_en": "Kotlovka", "okrug": "ЮЗАО", "source_name": "Котловка", "okato": "45293570", "oktmo": "45903000"}, "geometry": {"type": "Polygon", "coordinates": [[[37.578089, 55.672695], [37.578129, 55.672733], [37.57836, 55.672959], [37.578521, 55.673116], [37.578971, 55.673556], [37.579372, 55.673948], [37.579393, 55.673971], [37.579752, 55.674319], [37.580305, 55.674859], [37.580329, 55.67503], [37.580315, 55.675128], [37.580303, 55.675163], [37.579627, 55.676747], [37.579509, 55.676909], [37.579681, 55.676933], [37.580688, 55.677273], [37.581865, 55.677671], [37.583118, 55.678094], [37.583828, 55.678334], [37.584213, 55.678464], [37.585511, 55.678902], [37.585561, 55.678919], [37.585936, 55.679046], [37.586142, 55.679152], [37.586279, 55.679293], [37.586425, 55.679491], [37.586701, 55.679991], [37.586869, 55.680116], [37.587484, 55.680495], [37.588445, 55.681338], [37.588857, 55.681712], [37.58931, 55.682125], [37.589512, 55.68231], [37.589935, 55.682675], [37.590437, 55.683136], [37.590837, 55.683503], [37.591498, 55.684098], [37.592032, 55.6846], [37.59209, 55.684654], [37.592243, 55.684793], [37.593034, 55.685511], [37.593121, 55.685589], [37.593549, 55.685977], [37.594695, 55.68704], [37.59529, 55.687591], [37.595405, 55.687698], [37.595634, 55.68791], [37.59624, 55.688532], [37.596517, 55.688771], [37.597676, 55.689846], [37.598098, 55.690137], [37.598446, 55.690347], [37.598909, 55.690533], [37.59946, 55.690739], [37.600278, 55.691051], [37.600841, 55.691273], [37.601487, 55.691528], [37.601616, 55.69158], [37.601976, 55.691537], [37.602606, 55.691217], [37.603272, 55.690855], [37.603786, 55.69063], [37.603738, 55.690525], [37.603513, 55.690347], [37.604015, 55.690069], [37.604493, 55.689797], [37.604742, 55.689564], [37.605101, 55.68915], [37.605174, 55.68901], [37.605244, 55.688807], [37.605285, 55.688446], [37.60529, 55.688074], [37.605217, 55.687722], [37.605085, 55.687315], [37.604983, 55.686979], [37.604932, 55.686655], [37.604915, 55.686326], [37.604949, 55.686055], [37.605023, 55.685795], [37.605272, 55.685418], [37.605476, 55.685187], [37.605713, 55.684957], [37.606005, 55.68475], [37.606431, 55.684511], [37.606749, 55.684356], [37.607168, 55.684196], [37.607616, 55.684061], [37.608121, 55.683945], [37.608608, 55.683887], [37.609024, 55.683872], [37.609345, 55.683867], [37.609911, 55.683881], [37.610654, 55.683967], [37.611381, 55.684073], [37.612081, 55.684184], [37.612596, 55.684277], [37.613156, 55.684378], [37.614207, 55.684588], [37.615199, 55.684731], [37.616996, 55.684772], [37.618384, 55.684504], [37.619004, 55.684317], [37.618334, 55.683672], [37.617341, 55.683327], [37.616781, 55.682855], [37.61622, 55.682143], [37.616036, 55.681914], [37.615882, 55.681883], [37.615316, 55.68189], [37.614941, 55.681768], [37.614701, 55.681598], [37.614529, 55.680919], [37.614147, 55.680381], [37.613778, 55.679986], [37.613223, 55.679652], [37.612665, 55.679274], [37.612359, 55.678965], [37.612013, 55.67881], [37.611711, 55.678606], [37.611476, 55.678329], [37.611506, 55.678099], [37.611545, 55.677914], [37.611521, 55.67752], [37.611423, 55.677319], [37.611292, 55.677217], [37.610897, 55.67714], [37.610477, 55.677072], [37.610185, 55.676966], [37.610031, 55.676825], [37.609859, 55.676671], [37.609507, 55.676564], [37.609384, 55.676494], [37.609249, 55.676443], [37.609123, 55.676408], [37.608933, 55.675917], [37.608886, 55.675558], [37.608748, 55.675418], [37.608379, 55.675234], [37.608102, 55.674955], [37.607737, 55.674712], [37.607378, 55.674668], [37.607374, 55.674485], [37.607282, 55.674175], [37.606915, 55.673873], [37.606099, 55.673225], [37.605842, 55.672847], [37.605927, 55.67245], [37.605653, 55.672063], [37.606228, 55.671695], [37.606103, 55.670391], [37.606279, 55.668864], [37.606854, 55.668283], [37.611635, 55.666129], [37.611103, 55.665509], [37.611002, 55.665389], [37.610924, 55.665296], [37.610644, 55.664964], [37.609696, 55.665222], [37.609092, 55.66512], [37.608116, 55.664473], [37.607713, 55.664279], [37.607646, 55.664083], [37.602432, 55.664629], [37.601378, 55.664792], [37.599725, 55.665282], [37.598031, 55.665858], [37.596773, 55.666279], [37.593163, 55.665503], [37.585388, 55.665596], [37.581246, 55.666025], [37.583245, 55.667898], [37.584464, 55.669015], [37.585633, 55.670105], [37.581853, 55.671411], [37.579981, 55.672049], [37.578089, 55.672695]]]}}, {"type": "Feature", "properties": {"name": "Ломоносовский", "name_en": "Lomonosovsky", "okrug": "ЮЗАО", "source_name": "Ломоносовский", "okato": "45293574", "oktmo": "45904000"}, "geometry": {"type": "Polygon", "coordinates": [[[37.511662, 55.679731], [37.530053, 55.689929], [37.530129, 55.689885], [37.530329, 55.689762], [37.530423, 55.689709], [37.531611, 55.689046], [37.531923, 55.688872], [37.531953, 55.688855], [37.533061, 55.688236], [37.533159, 55.688181], [37.533363, 55.688067], [37.535313, 55.686978], [37.535481, 55.686884], [37.535715, 55.686754], [37.53743, 55.685795], [37.537708, 55.68564], [37.538783, 55.68504], [37.539574, 55.684598], [37.539643, 55.684559], [37.539882, 55.684432], [37.540095, 55.684318], [37.540309, 55.684204], [37.540647, 55.684047], [37.541273, 55.683756], [37.543087, 55.682912], [37.543087, 55.682912], [37.544659, 55.68218], [37.547267, 55.680938], [37.547493, 55.68083], [37.547626, 55.680918], [37.548366, 55.681409], [37.548966, 55.681811], [37.549611, 55.68223], [37.549875, 55.682425], [37.549965, 55.682485], [37.550675, 55.682968], [37.55189, 55.683758], [37.552011, 55.683845], [37.55221, 55.683991], [37.55226, 55.684033], [37.554798, 55.682541], [37.555562, 55.68213], [37.555378, 55.68189], [37.555306, 55.681821], [37.553481, 55.680157], [37.553103, 55.679795], [37.552689, 55.679434], [37.552213, 55.679003], [37.551768, 55.678588], [37.551476, 55.678325], [37.55141, 55.678261], [37.550824, 55.677687], [37.550501, 55.677403], [37.549718, 55.676682], [37.548418, 55.675458], [37.54829, 55.675338], [37.547901, 55.674979], [37.547384, 55.6745], [37.546324, 55.673531], [37.546171, 55.673328], [37.54607, 55.673232], [37.54592, 55.673272], [37.544803, 55.673617], [37.544692, 55.673655], [37.544588, 55.67369], [37.543697, 55.673006], [37.542848, 55.672235], [37.542209, 55.671557], [37.541722, 55.670829], [37.541485, 55.670222], [37.541436, 55.669955], [37.541484, 55.669303], [37.541332, 55.668772], [37.540945, 55.668584], [37.54045, 55.668522], [37.539883, 55.668455], [37.539126, 55.668413], [37.538484, 55.668383], [37.537746, 55.668351], [37.537185, 55.668324], [37.535448, 55.668245], [37.534681, 55.668219], [37.534189, 55.668202], [37.533603, 55.668191], [37.532969, 55.668227], [37.532643, 55.668277], [37.532262, 55.668382], [37.531894, 55.668518], [37.531855, 55.668535], [37.531672, 55.668619], [37.531197, 55.668959], [37.530915, 55.669315], [37.530376, 55.670149], [37.529948, 55.670765], [37.529948, 55.670766], [37.529852, 55.670855], [37.529763, 55.670939], [37.529646, 55.671039], [37.52911, 55.671394], [37.528627, 55.671612], [37.528404, 55.671705], [37.527905, 55.671947], [37.526448, 55.672611], [37.526291, 55.672685], [37.525747, 55.672936], [37.524742, 55.6734], [37.524573, 55.673478], [37.524288, 55.673605], [37.524138, 55.673665], [37.524003, 55.67372], [37.523699, 55.673847], [37.518819, 55.676111], [37.51427, 55.678276], [37.512129, 55.679443], [37.511662, 55.679731]]]}}, {"type": "Feature", "properties": {"name": "Обручевский", "name_en": "Obruchevsky", "okrug": "ЮЗАО", "source_name": "Обручевский", "okato": "45293578", "oktmo": "45905000"}, "geometry": {"type": "Polygon", "coordinates": [[[37.482466, 55.649461], [37.482633, 55.649537], [37.495614, 55.655631], [37.501653, 55.658525], [37.506543, 55.661778], [37.508958, 55.663381], [37.520094, 55.670885], [37.524138, 55.673665], [37.524288, 55.673605], [37.524573, 55.673478], [37.524742, 55.6734], [37.525747, 55.672936], [37.526291, 55.672685], [37.526448, 55.672611], [37.527905, 55.671947], [37.528404, 55.671705], [37.528627, 55.671612], [37.52911, 55.671394], [37.529646, 55.671039], [37.529763, 55.670939], [37.529852, 55.670855], [37.529948, 55.670766], [37.529948, 55.670765], [37.530376, 55.670149], [37.530915, 55.669315], [37.531197, 55.668959], [37.531672, 55.668619], [37.531855, 55.668535], [37.531894, 55.668518], [37.532262, 55.668382], [37.532643, 55.668277], [37.532969, 55.668227], [37.533603, 55.668191], [37.534189, 55.668202], [37.534681, 55.668219], [37.535448, 55.668245], [37.537185, 55.668324], [37.537746, 55.668351], [37.538484, 55.668383], [37.539126, 55.668413], [37.539883, 55.668455], [37.54045, 55.668522], [37.540945, 55.668584], [37.541332, 55.668772], [37.541484, 55.669303], [37.541436, 55.669955], [37.541485, 55.670222], [37.541722, 55.670829], [37.542209, 55.671557], [37.542848, 55.672235], [37.543697, 55.673006], [37.544588, 55.67369], [37.544692, 55.673655], [37.544803, 55.673617], [37.54592, 55.673272], [37.54607, 55.673232], [37.546455, 55.672995], [37.551115, 55.671461], [37.552226, 55.671444], [37.552637, 55.67142], [37.552717, 55.671413], [37.552782, 55.671404], [37.552845, 55.671391], [37.552916, 55.671371], [37.553427, 55.671204], [37.553666, 55.671126], [37.553998, 55.671017], [37.554843, 55.670741], [37.555002, 55.670689], [37.555156, 55.670639], [37.554334, 55.669885], [37.553714, 55.669313], [37.550253, 55.666151], [37.548228, 55.664286], [37.544829, 55.661105], [37.541476, 55.657975], [37.539346, 55.655998], [37.539089, 55.655736], [37.538413, 55.655882], [37.537301, 55.656091], [37.53637, 55.656212], [37.53562, 55.656299], [37.530676, 55.656789], [37.527965, 55.657069], [37.525366, 55.657307], [37.525353, 55.65726], [37.525228, 55.657157], [37.524971, 55.656947], [37.524697, 55.656723], [37.524372, 55.656488], [37.52418, 55.65634], [37.524015, 55.656218], [37.523034, 55.655488], [37.522949, 55.655424], [37.522765, 55.655288], [37.52118, 55.656048], [37.520034, 55.655159], [37.520571, 55.654945], [37.52083, 55.655121], [37.52189, 55.65464], [37.520722, 55.653741], [37.518456, 55.651997], [37.51738, 55.65117], [37.517204, 55.651035], [37.515984, 55.650119], [37.51343, 55.648204], [37.513254, 55.648095], [37.513157, 55.648134], [37.511846, 55.648694], [37.510609, 55.649215], [37.51001, 55.649474], [37.509853, 55.649538], [37.509184, 55.64982], [37.508887, 55.649941], [37.508712, 55.649812], [37.507638, 55.649022], [37.504697, 55.646857], [37.503494, 55.645946], [37.502554, 55.645235], [37.500514, 55.643716], [37.500275, 55.643534], [37.499904, 55.643253], [37.499425, 55.642889], [37.498655, 55.642304], [37.498505, 55.64219], [37.498376, 55.64224], [37.497859, 55.642442], [37.496647, 55.642915], [37.496398, 55.643012], [37.494949, 55.643578], [37.493955, 55.643965], [37.493188, 55.644265], [37.492571, 55.644506], [37.492299, 55.644612], [37.492067, 55.6447], [37.490576, 55.645268], [37.489271, 55.645766], [37.48879, 55.645949], [37.487816, 55.646312], [37.487445, 55.646455], [37.486967, 55.646639], [37.486759, 55.646717], [37.486604, 55.646786], [37.486478, 55.646852], [37.486317, 55.646956], [37.486189, 55.647039], [37.485923, 55.647211], [37.485631, 55.647382], [37.485387, 55.647546], [37.485346, 55.647572], [37.484654, 55.648026], [37.483853, 55.648529], [37.482838, 55.6492], [37.482661, 55.649318], [37.482466, 55.649461]]]}}, {"type": "Feature", "properties": {"name": "Северное Бутово", "name_en": "Severnoye Butovo", "okrug": "ЮЗАО", "source_name": "Северное Бутово", "okato": "45293582", "oktmo": "45906000"}, "geometry": {"type": "Polygon", "coordinates": [[[37.536851, 55.577289], [37.538655, 55.57956], [37.540515, 55.579304], [37.541028, 55.579232], [37.541075, 55.579188], [37.540792, 55.579054], [37.540917, 55.578837], [37.541906, 55.578553], [37.542478, 55.57852], [37.542938, 55.578436], [37.544256, 55.578516], [37.545746, 55.578357], [37.547935, 55.578997], [37.551029, 55.580279], [37.551183, 55.580321], [37.551139, 55.580341], [37.551015, 55.580397], [37.550942, 55.580433], [37.550869, 55.580476], [37.550833, 55.5805], [37.550704, 55.5806], [37.550685, 55.58064], [37.550665, 55.58065], [37.550637, 55.580658], [37.550624, 55.58066], [37.550602, 55.58066], [37.550581, 55.580657], [37.55057, 55.580653], [37.550537, 55.580648], [37.550518, 55.580646], [37.550485, 55.580644], [37.550471, 55.580645], [37.550448, 55.580649], [37.550432, 55.580655], [37.550425, 55.580659], [37.550419, 55.580669], [37.550422, 55.58068], [37.550447, 55.5807], [37.550458, 55.580711], [37.550462, 55.580717], [37.550464, 55.580724], [37.550461, 55.580738], [37.550434, 55.580733], [37.550439, 55.580764], [37.550423, 55.580773], [37.550405, 55.580777], [37.550363, 55.580782], [37.550339, 55.580789], [37.550325, 55.580794], [37.55028, 55.58082], [37.550261, 55.580835], [37.550227, 55.580865], [37.550209, 55.580885], [37.550204, 55.580894], [37.550201, 55.580907], [37.550205, 55.580917], [37.550219, 55.58093], [37.550204, 55.580923], [37.550227, 55.580942], [37.550224, 55.580952], [37.550207, 55.580977], [37.550186, 55.581002], [37.550131, 55.581068], [37.550088, 55.581124], [37.550063, 55.581161], [37.550021, 55.581227], [37.549992, 55.581262], [37.549982, 55.581269], [37.549962, 55.581279], [37.549949, 55.581282], [37.549925, 55.581285], [37.549912, 55.581288], [37.5499, 55.581292], [37.549885, 55.581306], [37.549872, 55.581315], [37.54986, 55.581319], [37.54983, 55.581325], [37.549804, 55.581331], [37.549777, 55.581341], [37.549721, 55.581368], [37.549666, 55.581397], [37.549645, 55.581415], [37.549631, 55.581436], [37.549615, 55.581487], [37.549592, 55.581565], [37.549583, 55.581604], [37.549575, 55.581624], [37.54953, 55.581702], [37.54952, 55.581728], [37.549518, 55.581742], [37.549517, 55.581764], [37.549528, 55.581799], [37.549543, 55.581825], [37.549581, 55.581877], [37.549603, 55.581913], [37.549607, 55.581924], [37.549609, 55.581945], [37.549606, 55.581964], [37.54959, 55.582007], [37.54957, 55.58206], [37.549555, 55.582086], [37.549535, 55.58211], [37.549523, 55.582121], [37.549508, 55.58213], [37.549474, 55.582145], [37.549351, 55.582183], [37.549291, 55.582205], [37.549255, 55.582223], [37.549189, 55.582262], [37.549149, 55.582293], [37.549088, 55.582347], [37.549048, 55.582388], [37.549025, 55.582415], [37.549003, 55.582448], [37.548997, 55.582465], [37.548997, 55.582482], [37.549, 55.58249], [37.549016, 55.582503], [37.549029, 55.582509], [37.549056, 55.582516], [37.549071, 55.582518], [37.549094, 55.582518], [37.54911, 55.582513], [37.549117, 55.582509], [37.549128, 55.582498], [37.549161, 55.582462], [37.549202, 55.582419], [37.549241, 55.582377], [37.549274, 55.582336], [37.549291, 55.58232], [37.54933, 55.582291], [37.549371, 55.582262], [37.549393, 55.582249], [37.549412, 55.582244], [37.549451, 55.582241], [37.549473, 55.582242], [37.549493, 55.582246], [37.549501, 55.58225], [37.549515, 55.582261], [37.54952, 55.582268], [37.549526, 55.582287], [37.549528, 55.582302], [37.549525, 55.58234], [37.549507, 55.582413], [37.549492, 55.582452], [37.549465, 55.582509], [37.549432, 55.582555], [37.549407, 55.582581], [37.549389, 55.582596], [37.549348, 55.58262], [37.549326, 55.58263], [37.549283, 55.582647], [37.549255, 55.58266], [37.549235, 55.582678], [37.549229, 55.582689], [37.549225, 55.582714], [37.549227, 55.582726], [37.549233, 55.582734], [37.549252, 55.582747], [37.549266, 55.582758], [37.549275, 55.582773], [37.549278, 55.582784], [37.549279, 55.582808], [37.549275, 55.582832], [37.54927, 55.582845], [37.549256, 55.582867], [37.549227, 55.582902], [37.549208, 55.582921], [37.549175, 55.58295], [37.549141, 55.582974], [37.549121, 55.582983], [37.549098, 55.582988], [37.549085, 55.582988], [37.549056, 55.582986], [37.54904, 55.582982], [37.549013, 55.582973], [37.549003, 55.582959], [37.548985, 55.582943], [37.548969, 55.582938], [37.54896, 55.582938], [37.548942, 55.582944], [37.548898, 55.582963], [37.548876, 55.582974], [37.548839, 55.582997], [37.548801, 55.583025], [37.548784, 55.583039], [37.548767, 55.583061], [37.548761, 55.583081], [37.548767, 55.583118], [37.548767, 55.583152], [37.548763, 55.583166], [37.548756, 55.583175], [37.548735, 55.583188], [37.548729, 55.583206], [37.54871, 55.583249], [37.548602, 55.583241], [37.548538, 55.583229], [37.548467, 55.583217], [37.548399, 55.583215], [37.548342, 55.583229], [37.548296, 55.583245], [37.548243, 55.583273], [37.548182, 55.583309], [37.548079, 55.583352], [37.547993, 55.583394], [37.547826, 55.583507], [37.547684, 55.583614], [37.547663, 55.583644], [37.547641, 55.583703], [37.54762, 55.58374], [37.547574, 55.583757], [37.547524, 55.583771], [37.547462, 55.583785], [37.547413, 55.583809], [37.54736, 55.583851], [37.547279, 55.583895], [37.547122, 55.583931], [37.546986, 55.583967], [37.54683, 55.584017], [37.546645, 55.584056], [37.546453, 55.58408], [37.54631, 55.584096], [37.546251, 55.584112], [37.546236, 55.584129], [37.546242, 55.584208], [37.546236, 55.58426], [37.546217, 55.584343], [37.546165, 55.58452], [37.546144, 55.584585], [37.546115, 55.584618], [37.546082, 55.584647], [37.546014, 55.584692], [37.545969, 55.584735], [37.545949, 55.58479], [37.545916, 55.584825], [37.54588, 55.584841], [37.545824, 55.584844], [37.545781, 55.584844], [37.545462, 55.584895], [37.545446, 55.584908], [37.545435, 55.584922], [37.545425, 55.584936], [37.545419, 55.58494], [37.545414, 55.584952], [37.545421, 55.584965], [37.545427, 55.584976], [37.545442, 55.584984], [37.545459, 55.584992], [37.54548, 55.584996], [37.545497, 55.585], [37.545515, 55.585003], [37.545524, 55.585005], [37.545537, 55.585006], [37.545537, 55.585014], [37.545517, 55.585018], [37.545467, 55.585025], [37.545457, 55.585031], [37.545447, 55.585039], [37.545441, 55.585043], [37.545435, 55.585052], [37.545431, 55.585063], [37.54543, 55.585076], [37.545431, 55.585079], [37.545433, 55.585089], [37.545437, 55.585105], [37.545451, 55.585127], [37.545479, 55.585163], [37.545504, 55.585195], [37.545527, 55.585215], [37.54554, 55.585228], [37.54556, 55.585247], [37.545587, 55.585266], [37.545615, 55.585284], [37.545645, 55.585303], [37.545686, 55.58533], [37.54572, 55.585355], [37.545755, 55.585395], [37.545762, 55.585408], [37.545764, 55.585418], [37.545764, 55.585423], [37.545765, 55.585428], [37.545766, 55.58544], [37.545773, 55.585499], [37.545752, 55.585531], [37.545676, 55.585583], [37.545831, 55.585695], [37.547056, 55.586481], [37.547198, 55.586601], [37.54727, 55.586663], [37.547841, 55.586994], [37.55414, 55.585482], [37.557096, 55.584774], [37.564664, 55.582974], [37.565082, 55.582915], [37.56955, 55.581807], [37.570658, 55.58188], [37.572277, 55.582275], [37.572727, 55.582366], [37.573114, 55.582384], [37.573516, 55.582302], [37.573678, 55.58221], [37.573827, 55.582036], [37.57383, 55.581876], [37.573743, 55.581695], [37.573581, 55.581498], [37.57294, 55.580967], [37.57814, 55.579732], [37.586664, 55.577703], [37.590093, 55.576896], [37.591208, 55.576254], [37.591522, 55.576076], [37.591852, 55.575775], [37.592098, 55.575553], [37.59224, 55.5754], [37.592525, 55.575036], [37.59283, 55.574665], [37.593701, 55.573542], [37.5941, 55.572934], [37.594988, 55.571784], [37.597196, 55.569083], [37.597553, 55.567888], [37.597468, 55.566872], [37.598397, 55.566606], [37.602288, 55.566373], [37.603584, 55.564563], [37.602139, 55.563891], [37.600877, 55.563283], [37.600367, 55.563108], [37.598838, 55.562711], [37.59618, 55.561756], [37.593345, 55.560246], [37.589454, 55.557683], [37.589303, 55.5572], [37.586076, 55.555011], [37.579506, 55.550538], [37.577395, 55.549109], [37.575859, 55.549812], [37.576003, 55.550738], [37.575951, 55.551849], [37.575677, 55.552361], [37.573892, 55.553536], [37.572196, 55.554025], [37.569474, 55.554417], [37.568547, 55.554502], [37.568324, 55.554714], [37.568232, 55.554942], [37.567558, 55.55498], [37.566963, 55.55479], [37.564953, 55.55444], [37.562898, 55.553951], [37.561775, 55.554009], [37.559941, 55.554303], [37.559729, 55.554337], [37.55945, 55.555819], [37.559585, 55.556454], [37.559953, 55.556678], [37.560025, 55.556987], [37.56042, 55.55711], [37.560528, 55.557399], [37.560303, 55.558364], [37.558605, 55.56028], [37.558336, 55.560315], [37.557761, 55.560143], [37.557231, 55.559777], [37.556669, 55.559769], [37.556417, 55.560049], [37.555605, 55.560139], [37.554467, 55.560265], [37.554803, 55.561478], [37.552017, 55.561846], [37.550359, 55.562929], [37.550494, 55.563316], [37.550592, 55.563603], [37.55174, 55.563518], [37.552511, 55.563652], [37.553162, 55.56406], [37.553453, 55.564923], [37.553772, 55.566044], [37.553499, 55.567625], [37.55014, 55.568317], [37.54789, 55.568923], [37.548883, 55.569938], [37.547508, 55.5704], [37.547504, 55.570401], [37.546953, 55.570449], [37.546121, 55.569939], [37.544514, 55.57022], [37.543687, 55.570752], [37.543684, 55.570753], [37.540691, 55.571127], [37.540324, 55.571671], [37.538912, 55.572205], [37.538909, 55.572206], [37.53724, 55.572387], [37.536888, 55.573096], [37.536916, 55.573152], [37.539547, 55.573263], [37.539546, 55.573326], [37.539508, 55.574402], [37.539952, 55.576043], [37.539948, 55.576044], [37.538729, 55.575921], [37.539301, 55.57672], [37.539298, 55.576721], [37.536851, 55.577289]]]}}, {"type": "Feature", "properties": {"name": "Тёплый Стан", "name_en": "Tyoply Stan", "okrug": "ЮЗАО", "source_name": "Тёплый Стан", "okato": "45293586", "oktmo": "45907000"}, "geometry": {"type": "Polygon", "coordinates": [[[37.455719, 55.637049], [37.463721, 55.640704], [37.478201, 55.647514], [37.482466, 55.649461], [37.482661, 55.649318], [37.482838, 55.6492], [37.483853, 55.648529], [37.484654, 55.648026], [37.485346, 55.647572], [37.485387, 55.647546], [37.485631, 55.647382], [37.485923, 55.647211], [37.486189, 55.647039], [37.486317, 55.646956], [37.486478, 55.646852], [37.486604, 55.646786], [37.486759, 55.646717], [37.486967, 55.646639], [37.487445, 55.646455], [37.487816, 55.646312], [37.48879, 55.645949], [37.489271, 55.645766], [37.490576, 55.645268], [37.492067, 55.6447], [37.492299, 55.644612], [37.492571, 55.644506], [37.493188, 55.644265], [37.493955, 55.643965], [37.494949, 55.643578], [37.496398, 55.643012], [37.496647, 55.642915], [37.497859, 55.642442], [37.498376, 55.64224], [37.498505, 55.64219], [37.498792, 55.642078], [37.499976, 55.641616], [37.500861, 55.641271], [37.501015, 55.641211], [37.501843, 55.640888], [37.502854, 55.640493], [37.503108, 55.640394], [37.503191, 55.640362], [37.503622, 55.640194], [37.504427, 55.63988], [37.507497, 55.638662], [37.509495, 55.637903], [37.509831, 55.637771], [37.51008, 55.637665], [37.510271, 55.637586], [37.511458, 55.637117], [37.511555, 55.637083], [37.512734, 55.636629], [37.513723, 55.636247], [37.514371, 55.635993], [37.514905, 55.635783], [37.515476, 55.635569], [37.516039, 55.63538], [37.516776, 55.63516], [37.517563, 55.634948], [37.518487, 55.634743], [37.51917, 55.634583], [37.520395, 55.634319], [37.52049, 55.634301], [37.518391, 55.631288], [37.517598, 55.630186], [37.517098, 55.629632], [37.515908, 55.628619], [37.514853, 55.627671], [37.513798, 55.626758], [37.512653, 55.625775], [37.51091, 55.62428], [37.510481, 55.623916], [37.507089, 55.620979], [37.504608, 55.618822], [37.503702, 55.618148], [37.502781, 55.617451], [37.501206, 55.616315], [37.500574, 55.615897], [37.499975, 55.615495], [37.49817, 55.614445], [37.493842, 55.612131], [37.493144, 55.611778], [37.491588, 55.610957], [37.490601, 55.610448], [37.489959, 55.610008], [37.48956, 55.609715], [37.489316, 55.609516], [37.489064, 55.60927], [37.488333, 55.608273], [37.487842, 55.60839], [37.488031, 55.608686], [37.488141, 55.608854], [37.488307, 55.60909], [37.488396, 55.609216], [37.488399, 55.60922], [37.48843, 55.609265], [37.488512, 55.609384], [37.488636, 55.609614], [37.488775, 55.609838], [37.488828, 55.609982], [37.488875, 55.610077], [37.489157, 55.610718], [37.489079, 55.611216], [37.489023, 55.611315], [37.489066, 55.611481], [37.489063, 55.611707], [37.48907, 55.611724], [37.48906, 55.611767], [37.489053, 55.611894], [37.489049, 55.612065], [37.48904, 55.612242], [37.489019, 55.612444], [37.488973, 55.612704], [37.488888, 55.612884], [37.488805, 55.61303], [37.488895, 55.613276], [37.487694, 55.614354], [37.487522, 55.614482], [37.486207, 55.615594], [37.485451, 55.616184], [37.481533, 55.619308], [37.477602, 55.622675], [37.473729, 55.625999], [37.469392, 55.629715], [37.467492, 55.631362], [37.466833, 55.632366], [37.465974, 55.633139], [37.464667, 55.633757], [37.464483, 55.633696], [37.463768, 55.634331], [37.463765, 55.634342], [37.463774, 55.634352], [37.463872, 55.634434], [37.462089, 55.635952], [37.462103, 55.635953], [37.462036, 55.636122], [37.461897, 55.636115], [37.460782, 55.637064], [37.460612, 55.637094], [37.460407, 55.637143], [37.46021, 55.637173], [37.459831, 55.637209], [37.459453, 55.637245], [37.459131, 55.63728], [37.458814, 55.637306], [37.458474, 55.637342], [37.458152, 55.637376], [37.457959, 55.637385], [37.457781, 55.637382], [37.457521, 55.637364], [37.457324, 55.637338], [37.457112, 55.637292], [37.457008, 55.637269], [37.456883, 55.637241], [37.456594, 55.637125], [37.456289, 55.636995], [37.456003, 55.636875], [37.455719, 55.637049]]]}}, {"type": "Feature", "properties": {"name": "Черёмушки", "name_en": "Cheryomushki", "okrug": "ЮЗАО", "source_name": "Черёмушки", "okato": "45293590", "oktmo": "45908000"}, "geometry": {"type": "Polygon", "coordinates": [[[37.539089, 55.655736], [37.539346, 55.655998], [37.541476, 55.657975], [37.544829, 55.661105], [37.548228, 55.664286], [37.550253, 55.666151], [37.553714, 55.669313], [37.554334, 55.669885], [37.555156, 55.670639], [37.555002, 55.670689], [37.554843, 55.670741], [37.553998, 55.671017], [37.553666, 55.671126], [37.553427, 55.671204], [37.552916, 55.671371], [37.552845, 55.671391], [37.552782, 55.671404], [37.552717, 55.671413], [37.552637, 55.67142], [37.552226, 55.671444], [37.551115, 55.671461], [37.546455, 55.672995], [37.54607, 55.673232], [37.546171, 55.673328], [37.546324, 55.673531], [37.547384, 55.6745], [37.547901, 55.674979], [37.54829, 55.675338], [37.548418, 55.675458], [37.549718, 55.676682], [37.550501, 55.677403], [37.550824, 55.677687], [37.55141, 55.678261], [37.551476, 55.678325], [37.551768, 55.678588], [37.552213, 55.679003], [37.552689, 55.679434], [37.553103, 55.679795], [37.553481, 55.680157], [37.555306, 55.681821], [37.555378, 55.68189], [37.555562, 55.68213], [37.558122, 55.680658], [37.561983, 55.67843], [37.562752, 55.67802], [37.562989, 55.677892], [37.563814, 55.677615], [37.568522, 55.676002], [37.569417, 55.675682], [37.571712, 55.674881], [37.578089, 55.672695], [37.579981, 55.672049], [37.581853, 55.671411], [37.585633, 55.670105], [37.584464, 55.669015], [37.583245, 55.667898], [37.581246, 55.666025], [37.578771, 55.663728], [37.576177, 55.661293], [37.571096, 55.656615], [37.56617, 55.651937], [37.565814, 55.651595], [37.565369, 55.651133], [37.565121, 55.650855], [37.564465, 55.650088], [37.563998, 55.649463], [37.563274, 55.649601], [37.562421, 55.649741], [37.558862, 55.650241], [37.556115, 55.650636], [37.552928, 55.65105], [37.551239, 55.651322], [37.548228, 55.652076], [37.546213, 55.652737], [37.545315, 55.653089], [37.543678, 55.653801], [37.541302, 55.65496], [37.540506, 55.655288], [37.539852, 55.655518], [37.539532, 55.655616], [37.539266, 55.655687], [37.539089, 55.655736]]]}}, {"type": "Feature", "properties": {"name": "Южное Бутово", "name_en": "Yuzhnoye Butovo", "okrug": "ЮЗАО", "source_name": "Южное Бутово", "okato": "45293594", "oktmo": "45909000"}, "geometry": {"type": "Polygon", "coordinates": [[[37.474952, 55.533493], [37.475165, 55.534115], [37.475762, 55.534779], [37.475753, 55.534996], [37.475712, 55.535389], [37.475709, 55.535387], [37.475516, 55.537295], [37.476193, 55.537454], [37.476295, 55.537475], [37.476312, 55.53748], [37.476311, 55.537481], [37.477615, 55.537787], [37.477617, 55.537785], [37.482151, 55.538847], [37.482199, 55.538812], [37.484116, 55.539264], [37.485104, 55.539525], [37.485735, 55.539691], [37.486175, 55.539793], [37.487467, 55.539909], [37.48748, 55.540092], [37.487748, 55.540087], [37.487744, 55.539974], [37.487756, 55.539974], [37.48774, 55.539869], [37.487801, 55.539836], [37.487865, 55.539768], [37.488678, 55.539675], [37.488768, 55.539628], [37.491029, 55.539433], [37.493449, 55.539646], [37.500665, 55.541307], [37.507505, 55.542881], [37.507768, 55.542945], [37.511115, 55.544986], [37.514496, 55.548505], [37.517978, 55.550216], [37.518187, 55.550323], [37.520269, 55.55124], [37.521373, 55.551716], [37.521611, 55.551819], [37.523307, 55.55255], [37.525352, 55.553438], [37.528579, 55.554865], [37.529188, 55.555245], [37.536508, 55.553672], [37.544878, 55.55202], [37.548822, 55.552626], [37.549466, 55.554131], [37.551407, 55.554643], [37.551881, 55.554789], [37.552147, 55.554869], [37.552374, 55.55522], [37.552969, 55.556227], [37.554199, 55.559301], [37.554467, 55.560265], [37.555605, 55.560139], [37.556417, 55.560049], [37.556669, 55.559769], [37.557231, 55.559777], [37.557761, 55.560143], [37.558336, 55.560315], [37.558605, 55.56028], [37.560303, 55.558364], [37.560528, 55.557399], [37.56042, 55.55711], [37.560025, 55.556987], [37.559953, 55.556678], [37.559585, 55.556454], [37.55945, 55.555819], [37.559729, 55.554337], [37.559941, 55.554303], [37.561775, 55.554009], [37.562898, 55.553951], [37.564953, 55.55444], [37.566963, 55.55479], [37.567558, 55.55498], [37.568232, 55.554942], [37.568324, 55.554714], [37.568547, 55.554502], [37.569474, 55.554417], [37.572196, 55.554025], [37.573892, 55.553536], [37.575677, 55.552361], [37.575951, 55.551849], [37.576003, 55.550738], [37.575859, 55.549812], [37.577395, 55.549109], [37.579506, 55.550538], [37.586076, 55.555011], [37.589303, 55.5572], [37.588206, 55.553691], [37.587489, 55.551346], [37.587145, 55.550224], [37.585954, 55.546257], [37.585839, 55.546267], [37.585656, 55.545754], [37.58553, 55.545552], [37.585445, 55.545342], [37.585226, 55.544591], [37.584525, 55.54206], [37.584618, 55.542062], [37.583317, 55.537862], [37.583915, 55.537199], [37.583636, 55.536513], [37.582522, 55.532673], [37.581903, 55.530608], [37.580701, 55.527665], [37.5803, 55.527693], [37.579969, 55.526635], [37.579963, 55.526564], [37.579937, 55.526238], [37.578504, 55.521679], [37.579126, 55.521349], [37.582249, 55.51974], [37.585523, 55.517997], [37.585805, 55.517129], [37.588698, 55.515529], [37.589715, 55.51401], [37.590551, 55.51341], [37.591828, 55.512493], [37.592669, 55.51189], [37.592636, 55.511611], [37.593186, 55.511496], [37.597807, 55.508648], [37.598718, 55.508132], [37.598594, 55.507621], [37.597749, 55.506132], [37.596652, 55.505422], [37.598892, 55.504376], [37.604541, 55.502417], [37.602991, 55.501035], [37.602555, 55.500451], [37.604101, 55.499063], [37.604145, 55.498705], [37.602781, 55.498112], [37.600004, 55.496829], [37.60023, 55.495748], [37.598683, 55.495022], [37.597003, 55.494233], [37.595287, 55.493175], [37.593855, 55.493013], [37.593668, 55.493052], [37.592497, 55.494224], [37.590276, 55.493392], [37.591221, 55.492409], [37.591337, 55.491308], [37.584024, 55.494275], [37.579908, 55.495931], [37.579296, 55.496186], [37.579266, 55.49619], [37.579199, 55.496196], [37.579142, 55.496199], [37.579046, 55.496198], [37.578953, 55.496201], [37.578836, 55.496211], [37.578717, 55.496231], [37.578627, 55.496252], [37.578531, 55.496281], [37.578435, 55.496318], [37.577341, 55.496814], [37.574193, 55.498145], [37.574044, 55.498213], [37.573843, 55.498288], [37.573704, 55.498355], [37.573599, 55.49842], [37.573491, 55.498492], [37.573443, 55.498533], [37.573404, 55.498566], [37.573362, 55.498606], [37.573316, 55.498647], [37.573281, 55.498682], [37.573223, 55.49875], [37.573189, 55.498793], [37.573158, 55.498838], [37.573129, 55.498883], [37.573107, 55.498928], [37.57308, 55.498987], [37.573058, 55.499049], [37.572177, 55.499142], [37.571815, 55.500054], [37.577127, 55.517203], [37.574286, 55.517009], [37.570521, 55.516789], [37.567692, 55.516684], [37.566179, 55.517081], [37.566875, 55.520291], [37.56536, 55.520437], [37.564779, 55.518411], [37.564099, 55.518495], [37.564087, 55.518476], [37.562974, 55.516982], [37.56144, 55.51568], [37.560963, 55.515198], [37.56064, 55.515241], [37.558619, 55.514202], [37.558139, 55.513951], [37.556343, 55.5135], [37.556146, 55.513434], [37.555303, 55.513223], [37.555266, 55.513282], [37.555066, 55.51324], [37.555047, 55.513258], [37.554936, 55.513233], [37.554944, 55.513216], [37.554759, 55.513171], [37.554788, 55.513097], [37.552988, 55.512852], [37.551589, 55.512662], [37.551326, 55.512644], [37.550828, 55.512653], [37.547025, 55.512724], [37.546899, 55.511994], [37.550112, 55.510645], [37.553134, 55.509862], [37.553647, 55.509729], [37.553964, 55.509666], [37.553745, 55.50921], [37.552574, 55.505519], [37.551311, 55.505637], [37.548105, 55.505937], [37.547661, 55.50456], [37.546698, 55.50465], [37.546572, 55.504245], [37.543755, 55.504455], [37.542334, 55.504561], [37.541768, 55.503789], [37.540992, 55.503874], [37.539788, 55.504377], [37.534044, 55.505789], [37.532594, 55.502838], [37.529759, 55.50391], [37.530041, 55.506378], [37.53022, 55.507585], [37.530289, 55.508162], [37.532254, 55.508286], [37.534208, 55.508349], [37.534377, 55.508346], [37.535053, 55.508332], [37.535334, 55.509082], [37.535683, 55.509549], [37.536401, 55.511172], [37.537099, 55.511441], [37.538156, 55.512002], [37.538452, 55.51213], [37.539153, 55.512158], [37.539926, 55.513508], [37.539554, 55.513592], [37.539572, 55.513682], [37.538986, 55.514045], [37.539037, 55.514132], [37.53809, 55.51504], [37.537166, 55.515463], [37.53661, 55.515656], [37.536197, 55.515997], [37.536324, 55.516333], [37.536171, 55.516778], [37.535489, 55.517547], [37.535123, 55.517962], [37.532651, 55.51876], [37.529579, 55.520545], [37.527498, 55.521193], [37.52281, 55.521634], [37.5223, 55.52185], [37.52011, 55.52248], [37.52021, 55.5238], [37.520202, 55.523868], [37.520193, 55.523902], [37.520168, 55.523937], [37.520126, 55.523957], [37.520108, 55.523979], [37.520097, 55.524003], [37.520094, 55.524035], [37.520106, 55.524107], [37.520104, 55.524126], [37.520094, 55.524152], [37.520072, 55.524184], [37.520027, 55.52423], [37.519957, 55.524295], [37.519933, 55.524328], [37.519927, 55.524346], [37.519901, 55.524426], [37.519889, 55.524445], [37.519877, 55.524459], [37.519786, 55.524516], [37.519766, 55.524527], [37.519758, 55.524544], [37.519746, 55.524557], [37.519712, 55.524583], [37.519682, 55.524618], [37.519655, 55.524665], [37.519646, 55.524704], [37.519649, 55.524737], [37.51965, 55.524742], [37.51965, 55.524764], [37.519644, 55.524786], [37.519591, 55.524845], [37.519493, 55.524945], [37.519473, 55.524958], [37.519447, 55.524975], [37.51943, 55.524984], [37.519413, 55.524988], [37.519401, 55.524994], [37.519398, 55.52503], [37.519394, 55.525082], [37.519431, 55.525201], [37.519423, 55.525236], [37.519403, 55.525303], [37.519409, 55.525357], [37.519402, 55.525461], [37.519395, 55.525479], [37.519386, 55.52549], [37.519369, 55.525497], [37.519341, 55.5255], [37.519297, 55.525494], [37.519247, 55.525481], [37.519218, 55.525466], [37.51919, 55.525435], [37.519169, 55.525403], [37.51916, 55.525353], [37.519162, 55.525313], [37.51918, 55.525276], [37.519191, 55.525241], [37.519177, 55.525207], [37.519145, 55.525169], [37.519107, 55.525145], [37.519074, 55.52514], [37.519038, 55.52515], [37.518977, 55.525173], [37.518928, 55.525188], [37.518857, 55.525204], [37.518813, 55.525219], [37.518782, 55.525219], [37.518757, 55.525211], [37.518743, 55.525208], [37.51873, 55.525211], [37.51872, 55.525224], [37.518706, 55.525246], [37.518686, 55.52527], [37.518668, 55.525296], [37.518665, 55.525321], [37.518675, 55.525366], [37.518677, 55.52541], [37.518665, 55.525429], [37.51864, 55.525437], [37.518591, 55.525435], [37.518549, 55.525426], [37.518527, 55.525411], [37.518506, 55.52539], [37.518476, 55.525368], [37.51846, 55.525359], [37.518442, 55.525357], [37.518422, 55.525365], [37.518374, 55.525387], [37.518288, 55.525424], [37.518208, 55.52546], [37.518144, 55.525486], [37.518114, 55.525497], [37.518097, 55.5255], [37.518083, 55.525497], [37.518065, 55.52549], [37.51804, 55.525479], [37.517992, 55.52546], [37.517959, 55.525447], [37.517942, 55.525431], [37.517932, 55.525406], [37.517921, 55.52538], [37.517902, 55.525361], [37.517883, 55.525351], [37.517854, 55.525344], [37.517823, 55.525345], [37.517785, 55.525356], [37.517756, 55.525362], [37.517711, 55.525381], [37.51768, 55.525401], [37.517653, 55.525424], [37.517549, 55.525488], [37.517503, 55.525505], [37.51745, 55.525508], [37.517399, 55.525501], [37.51735, 55.52548], [37.517334, 55.525472], [37.517316, 55.525472], [37.5173, 55.525481], [37.517284, 55.525495], [37.517272, 55.525513], [37.517257, 55.525537], [37.517244, 55.525559], [37.517228, 55.525579], [37.517191, 55.525597], [37.517155, 55.525614], [37.517098, 55.525632], [37.517031, 55.525642], [37.516972, 55.525648], [37.516935, 55.525656], [37.516904, 55.525671], [37.516874, 55.525686], [37.516841, 55.525689], [37.516809, 55.525682], [37.516765, 55.525662], [37.516741, 55.525658], [37.516699, 55.525661], [37.516644, 55.525675], [37.516599, 55.525688], [37.516573, 55.5257], [37.516567, 55.525711], [37.516573, 55.525726], [37.516596, 55.525739], [37.516643, 55.52576], [37.516694, 55.525782], [37.516713, 55.525798], [37.516716, 55.525813], [37.516707, 55.525828], [37.516688, 55.525841], [37.516665, 55.525844], [37.516646, 55.525849], [37.516615, 55.525852], [37.516561, 55.525856], [37.516495, 55.525857], [37.51644, 55.52586], [37.516388, 55.525864], [37.516344, 55.525867], [37.516318, 55.525874], [37.516293, 55.525882], [37.516257, 55.525884], [37.516193, 55.525879], [37.516106, 55.525882], [37.516065, 55.525883], [37.516004, 55.525877], [37.51583, 55.525855], [37.5158, 55.525851], [37.515756, 55.525852], [37.515678, 55.525863], [37.515615, 55.525875], [37.515574, 55.525877], [37.515542, 55.525878], [37.51552, 55.525882], [37.515484, 55.525894], [37.515408, 55.525918], [37.515343, 55.525939], [37.515321, 55.525948], [37.515304, 55.525962], [37.515296, 55.525975], [37.515271, 55.525998], [37.515265, 55.526012], [37.515265, 55.526026], [37.515269, 55.526077], [37.515263, 55.526091], [37.515254, 55.526104], [37.515221, 55.526117], [37.515132, 55.52613], [37.515065, 55.526128], [37.515032, 55.526128], [37.514998, 55.526131], [37.514956, 55.526133], [37.514932, 55.526137], [37.514898, 55.526148], [37.514867, 55.526161], [37.514845, 55.526169], [37.514824, 55.526175], [37.514804, 55.52618], [37.514795, 55.52618], [37.514775, 55.52618], [37.514751, 55.526176], [37.514726, 55.52617], [37.514704, 55.526165], [37.514678, 55.526163], [37.514628, 55.526161], [37.514604, 55.526162], [37.51457, 55.526167], [37.514523, 55.526175], [37.514491, 55.52618], [37.514485, 55.526183], [37.514476, 55.526189], [37.514447, 55.526206], [37.514426, 55.526216], [37.514389, 55.526229], [37.514368, 55.526239], [37.514324, 55.526253], [37.514309, 55.526255], [37.514289, 55.526255], [37.514263, 55.526255], [37.51419, 55.526249], [37.51413, 55.526245], [37.514088, 55.52624], [37.514042, 55.526231], [37.513963, 55.526211], [37.513915, 55.526201], [37.513865, 55.526193], [37.513823, 55.526189], [37.51377, 55.526189], [37.51365, 55.526199], [37.513555, 55.526209], [37.513501, 55.52622], [37.513461, 55.526231], [37.513434, 55.526246], [37.513427, 55.52627], [37.513435, 55.526288], [37.513469, 55.526314], [37.513492, 55.526341], [37.513477, 55.526356], [37.513447, 55.526366], [37.513362, 55.526374], [37.513256, 55.526396], [37.513225, 55.526396], [37.513203, 55.52639], [37.513183, 55.52638], [37.513159, 55.526336], [37.513137, 55.526321], [37.513096, 55.526315], [37.513044, 55.526318], [37.512992, 55.52633], [37.512942, 55.526344], [37.512869, 55.526373], [37.512803, 55.526391], [37.512743, 55.526399], [37.512678, 55.526401], [37.51261, 55.5264], [37.512561, 55.526394], [37.51251, 55.526381], [37.512465, 55.526357], [37.512425, 55.526338], [37.512395, 55.526329], [37.51236, 55.526325], [37.512304, 55.526327], [37.512214, 55.526348], [37.512129, 55.526367], [37.511987, 55.526392], [37.511826, 55.526416], [37.511669, 55.526434], [37.511474, 55.526445], [37.511351, 55.526459], [37.511269, 55.526472], [37.511172, 55.526494], [37.511104, 55.526507], [37.511041, 55.526511], [37.51096, 55.526507], [37.510843, 55.526503], [37.510702, 55.5265], [37.510648, 55.526496], [37.510552, 55.526478], [37.510491, 55.526478], [37.510454, 55.526482], [37.510416, 55.526493], [37.510388, 55.526511], [37.510317, 55.526591], [37.510289, 55.526616], [37.510267, 55.52663], [37.510238, 55.526636], [37.510203, 55.526632], [37.5101, 55.526608], [37.510061, 55.5266], [37.510024, 55.526602], [37.509982, 55.526616], [37.509949, 55.526632], [37.509921, 55.526656], [37.509906, 55.526684], [37.509905, 55.526707], [37.509913, 55.526727], [37.509934, 55.526745], [37.509962, 55.52676], [37.510046, 55.526785], [37.51009, 55.526802], [37.510108, 55.526814], [37.510112, 55.526828], [37.510112, 55.526849], [37.51009, 55.526869], [37.510028, 55.526896], [37.509927, 55.526922], [37.509851, 55.526935], [37.509805, 55.526938], [37.509762, 55.526936], [37.509713, 55.526922], [37.509672, 55.526899], [37.509618, 55.526852], [37.509589, 55.526821], [37.509547, 55.526786], [37.509513, 55.52677], [37.509471, 55.526759], [37.509415, 55.526754], [37.50935, 55.526753], [37.509294, 55.526763], [37.50925, 55.526777], [37.509191, 55.526804], [37.509109, 55.526851], [37.50905, 55.526878], [37.508996, 55.526903], [37.508944, 55.526917], [37.50887, 55.526924], [37.508754, 55.526923], [37.508716, 55.526917], [37.508683, 55.526904], [37.508641, 55.526857], [37.508618, 55.526842], [37.508592, 55.526835], [37.508564, 55.526834], [37.508538, 55.526841], [37.508498, 55.52687], [37.508423, 55.526927], [37.508404, 55.526944], [37.508397, 55.526961], [37.508403, 55.526977], [37.508425, 55.527], [37.508433, 55.527011], [37.508431, 55.527028], [37.508411, 55.527044], [37.508381, 55.527056], [37.508254, 55.52708], [37.5082, 55.527087], [37.508156, 55.527088], [37.508102, 55.527084], [37.508063, 55.527073], [37.508037, 55.527054], [37.508021, 55.527033], [37.508009, 55.527003], [37.508005, 55.526922], [37.507997, 55.526901], [37.507985, 55.526891], [37.507965, 55.526885], [37.507933, 55.526883], [37.50789, 55.52689], [37.507829, 55.526904], [37.507766, 55.526907], [37.507697, 55.526904], [37.507661, 55.526904], [37.507627, 55.526908], [37.507579, 55.526924], [37.507531, 55.526948], [37.507467, 55.526992], [37.50744, 55.527027], [37.507417, 55.527092], [37.507397, 55.52711], [37.507368, 55.527116], [37.50733, 55.527115], [37.507301, 55.527101], [37.507285, 55.527076], [37.507283, 55.527051], [37.507301, 55.52703], [37.507334, 55.527005], [37.507338, 55.52699], [37.507331, 55.526978], [37.507304, 55.526967], [37.507261, 55.526964], [37.507207, 55.526967], [37.507166, 55.526977], [37.507138, 55.526989], [37.507122, 55.527009], [37.507113, 55.527045], [37.507096, 55.527085], [37.507078, 55.527102], [37.507045, 55.527112], [37.506988, 55.527118], [37.506933, 55.527117], [37.506881, 55.527106], [37.506845, 55.527086], [37.506829, 55.527059], [37.506833, 55.527026], [37.506832, 55.526987], [37.506808, 55.526967], [37.506754, 55.52695], [37.506613, 55.526922], [37.506559, 55.526908], [37.506462, 55.526882], [37.506345, 55.526854], [37.506205, 55.526834], [37.505993, 55.52681], [37.505735, 55.526772], [37.505602, 55.526751], [37.505449, 55.526705], [37.504997, 55.526541], [37.504769, 55.526477], [37.50453, 55.526416], [37.504496, 55.526409], [37.50449, 55.526418], [37.504474, 55.526471], [37.504463, 55.526496], [37.50445, 55.526517], [37.504433, 55.526534], [37.504421, 55.52655], [37.504416, 55.526573], [37.504418, 55.526597], [37.504441, 55.526635], [37.504466, 55.526676], [37.504479, 55.526705], [37.504484, 55.526722], [37.504481, 55.526742], [37.504468, 55.526755], [37.504451, 55.526766], [37.504426, 55.526779], [37.504327, 55.526811], [37.504238, 55.526837], [37.504128, 55.526859], [37.50408, 55.526864], [37.504046, 55.52686], [37.504, 55.52685], [37.503961, 55.526822], [37.503936, 55.526801], [37.503906, 55.526766], [37.503887, 55.526747], [37.503873, 55.526735], [37.503849, 55.526728], [37.50383, 55.526724], [37.503799, 55.526721], [37.503777, 55.526725], [37.503753, 55.52673], [37.503744, 55.52674], [37.503721, 55.526775], [37.503714, 55.526802], [37.503712, 55.526819], [37.50371, 55.526844], [37.503703, 55.526869], [37.503687, 55.526887], [37.503673, 55.526893], [37.503653, 55.526896], [37.503627, 55.526897], [37.5036, 55.526894], [37.503565, 55.526881], [37.503518, 55.526864], [37.50349, 55.526857], [37.503464, 55.526854], [37.503434, 55.526852], [37.503413, 55.526854], [37.503395, 55.526864], [37.503386, 55.526873], [37.503376, 55.52689], [37.503368, 55.526913], [37.503358, 55.526932], [37.503341, 55.52695], [37.503318, 55.526962], [37.503287, 55.526968], [37.503255, 55.526965], [37.503227, 55.526958], [37.50318, 55.526947], [37.503151, 55.526946], [37.503109, 55.526949], [37.50307, 55.526947], [37.503039, 55.526942], [37.50302, 55.526931], [37.503002, 55.526907], [37.502999, 55.526884], [37.502999, 55.526857], [37.502998, 55.526836], [37.502989, 55.526813], [37.502971, 55.526789], [37.502941, 55.526769], [37.502885, 55.526737], [37.502781, 55.526694], [37.502716, 55.526672], [37.502676, 55.526659], [37.502637, 55.526654], [37.502604, 55.526655], [37.502571, 55.52666], [37.502532, 55.526675], [37.502499, 55.526694], [37.50248, 55.526719], [37.502477, 55.526753], [37.502488, 55.526786], [37.502515, 55.526813], [37.502544, 55.526834], [37.502568, 55.526855], [37.502587, 55.526878], [37.502589, 55.526896], [37.502579, 55.526914], [37.502552, 55.526934], [37.502503, 55.526955], [37.502399, 55.526985], [37.502366, 55.52699], [37.502314, 55.527], [37.502282, 55.527008], [37.502261, 55.527018], [37.502242, 55.527034], [37.502231, 55.527051], [37.502224, 55.527076], [37.502229, 55.527111], [37.502288, 55.527212], [37.502307, 55.527254], [37.502307, 55.527287], [37.502295, 55.527321], [37.502276, 55.527353], [37.502273, 55.527368], [37.502274, 55.527393], [37.502276, 55.527499], [37.502287, 55.527568], [37.502298, 55.527608], [37.502275, 55.527635], [37.502203, 55.527652], [37.502136, 55.527661], [37.502047, 55.527666], [37.50192, 55.527684], [37.501861, 55.527682], [37.501743, 55.527656], [37.501593, 55.527614], [37.501457, 55.527576], [37.501302, 55.527513], [37.501151, 55.527447], [37.501038, 55.527405], [37.500944, 55.527377], [37.500543, 55.527239], [37.500233, 55.527131], [37.499949, 55.527026], [37.499758, 55.526961], [37.499609, 55.526908], [37.49947, 55.526864], [37.49939, 55.526836], [37.499328, 55.526806], [37.499267, 55.526782], [37.499215, 55.526765], [37.499169, 55.526755], [37.49912, 55.526751], [37.499078, 55.526752], [37.498968, 55.526769], [37.498817, 55.526774], [37.498724, 55.52678], [37.498668, 55.526789], [37.49863, 55.526808], [37.498575, 55.526846], [37.498515, 55.52688], [37.498463, 55.526904], [37.498415, 55.526918], [37.498358, 55.526924], [37.498318, 55.526922], [37.49828, 55.526908], [37.498268, 55.526888], [37.498274, 55.526851], [37.498266, 55.526833], [37.49824, 55.526825], [37.498207, 55.526826], [37.498177, 55.526829], [37.498156, 55.526834], [37.49812, 55.526847], [37.498068, 55.526856], [37.498004, 55.526867], [37.497974, 55.526878], [37.497953, 55.526901], [37.497926, 55.526927], [37.497905, 55.526929], [37.497884, 55.526924], [37.497858, 55.526908], [37.497818, 55.526867], [37.497797, 55.526831], [37.497797, 55.526782], [37.497785, 55.526772], [37.497752, 55.526764], [37.497719, 55.526766], [37.497635, 55.526781], [37.497566, 55.526804], [37.497521, 55.526828], [37.497509, 55.526845], [37.497502, 55.526882], [37.497502, 55.526986], [37.497488, 55.52701], [37.497466, 55.527025], [37.497416, 55.52705], [37.497386, 55.527077], [37.497316, 55.527138], [37.497307, 55.527164], [37.497319, 55.527187], [37.497354, 55.527222], [37.497362, 55.527261], [37.497352, 55.527288], [37.497312, 55.527309], [37.497261, 55.52732], [37.497214, 55.527319], [37.497115, 55.527299], [37.496963, 55.527251], [37.49682, 55.527208], [37.496759, 55.527199], [37.496704, 55.527206], [37.496645, 55.527224], [37.496361, 55.52735], [37.496272, 55.52739], [37.49622, 55.5274], [37.496164, 55.527397], [37.496083, 55.527384], [37.496021, 55.527378], [37.495965, 55.527384], [37.495868, 55.527415], [37.495776, 55.527463], [37.495721, 55.527481], [37.495628, 55.527498], [37.495513, 55.527498], [37.495426, 55.527497], [37.495384, 55.527502], [37.495332, 55.527517], [37.49514, 55.527585], [37.49507, 55.527603], [37.495001, 55.527607], [37.494932, 55.527596], [37.49489, 55.527576], [37.494869, 55.527553], [37.494852, 55.527534], [37.494831, 55.527529], [37.494803, 55.527532], [37.494779, 55.527545], [37.494746, 55.527573], [37.494707, 55.527608], [37.494599, 55.527692], [37.494562, 55.527734], [37.494551, 55.527766], [37.494544, 55.5278], [37.494557, 55.527817], [37.494584, 55.527833], [37.494607, 55.52785], [37.494622, 55.527869], [37.49462, 55.527892], [37.494607, 55.527912], [37.494578, 55.527935], [37.494455, 55.528025], [37.494428, 55.528056], [37.494403, 55.528111], [37.494379, 55.528137], [37.494328, 55.52816], [37.494277, 55.528171], [37.494228, 55.52817], [37.494202, 55.52816], [37.494163, 55.52812], [37.494144, 55.528109], [37.494118, 55.528105], [37.494092, 55.528107], [37.494059, 55.528119], [37.494024, 55.528143], [37.493994, 55.528177], [37.49393, 55.528216], [37.493897, 55.528244], [37.493894, 55.528272], [37.493907, 55.528295], [37.493954, 55.528339], [37.493988, 55.528357], [37.494034, 55.528378], [37.494047, 55.528389], [37.494051, 55.528411], [37.494018, 55.528441], [37.493967, 55.52846], [37.493871, 55.52848], [37.493727, 55.528518], [37.493691, 55.528531], [37.493639, 55.528564], [37.493557, 55.528637], [37.493509, 55.528653], [37.493419, 55.528665], [37.49335, 55.528664], [37.493317, 55.528653], [37.493173, 55.528586], [37.493122, 55.528564], [37.493092, 55.528561], [37.493068, 55.528564], [37.493043, 55.528576], [37.493027, 55.528595], [37.493011, 55.528655], [37.492992, 55.528675], [37.492949, 55.528689], [37.492896, 55.528692], [37.492788, 55.528685], [37.492694, 55.528676], [37.492651, 55.528679], [37.492613, 55.528689], [37.492565, 55.528716], [37.49251, 55.528765], [37.492507, 55.528783], [37.492525, 55.5288], [37.492573, 55.52884], [37.492576, 55.528866], [37.492568, 55.528892], [37.492547, 55.528905], [37.492498, 55.528917], [37.492382, 55.528938], [37.492345, 55.52895], [37.492327, 55.528963], [37.492298, 55.529013], [37.492296, 55.529061], [37.492317, 55.529114], [37.492317, 55.529137], [37.492297, 55.529152], [37.492267, 55.529159], [37.49223, 55.529162], [37.492152, 55.529152], [37.492029, 55.529125], [37.492, 55.529117], [37.491948, 55.529092], [37.491798, 55.528999], [37.491779, 55.528992], [37.491755, 55.528995], [37.491719, 55.529005], [37.49167, 55.529016], [37.491461, 55.529047], [37.49133, 55.529061], [37.491276, 55.529072], [37.491217, 55.529099], [37.491123, 55.529143], [37.491079, 55.529156], [37.490942, 55.529166], [37.490856, 55.529179], [37.490792, 55.529201], [37.490757, 55.52922], [37.490744, 55.529239], [37.490747, 55.529257], [37.49076, 55.52929], [37.490751, 55.529303], [37.49073, 55.529313], [37.490688, 55.529322], [37.490585, 55.529334], [37.490522, 55.529329], [37.490485, 55.529316], [37.490431, 55.529311], [37.49033, 55.52932], [37.490294, 55.529331], [37.49023, 55.52938], [37.490176, 55.529425], [37.49008, 55.529479], [37.489984, 55.529559], [37.48991, 55.529603], [37.489826, 55.529625], [37.489748, 55.529633], [37.48972, 55.529627], [37.489671, 55.529598], [37.489635, 55.529574], [37.489592, 55.529572], [37.489557, 55.529579], [37.489394, 55.529649], [37.489367, 55.529673], [37.489363, 55.529696], [37.489385, 55.529784], [37.489378, 55.529825], [37.489384, 55.529856], [37.489418, 55.529885], [37.489462, 55.529912], [37.489484, 55.529933], [37.4895, 55.529959], [37.489479, 55.529979], [37.489431, 55.52999], [37.489364, 55.529997], [37.489278, 55.529994], [37.489219, 55.529983], [37.489157, 55.529961], [37.489041, 55.529905], [37.48895, 55.529845], [37.488839, 55.529768], [37.488781, 55.529719], [37.488765, 55.529681], [37.488759, 55.529653], [37.488745, 55.529632], [37.488711, 55.529608], [37.48863, 55.529573], [37.488385, 55.529489], [37.488304, 55.52947], [37.488232, 55.529457], [37.488184, 55.529455], [37.48813, 55.52946], [37.488075, 55.529474], [37.488033, 55.529494], [37.487939, 55.529553], [37.487892, 55.529587], [37.487852, 55.529605], [37.487792, 55.529622], [37.487689, 55.52964], [37.487627, 55.529645], [37.487562, 55.529643], [37.487504, 55.529635], [37.487436, 55.529618], [37.487379, 55.529601], [37.487319, 55.529592], [37.487266, 55.529587], [37.487219, 55.529584], [37.487179, 55.529596], [37.487025, 55.529703], [37.486963, 55.529736], [37.486903, 55.52976], [37.486832, 55.529779], [37.486764, 55.52979], [37.486665, 55.529801], [37.486603, 55.529801], [37.486526, 55.529795], [37.486434, 55.529786], [37.486323, 55.52977], [37.485943, 55.5297], [37.485787, 55.529677], [37.485672, 55.529664], [37.485551, 55.529643], [37.485481, 55.529624], [37.485356, 55.529565], [37.485306, 55.529529], [37.485268, 55.529489], [37.485219, 55.529422], [37.485151, 55.529316], [37.485109, 55.529272], [37.484994, 55.529195], [37.48495, 55.52917], [37.484868, 55.52914], [37.484638, 55.529066], [37.484522, 55.529042], [37.484375, 55.528995], [37.484234, 55.52894], [37.484158, 55.528909], [37.484079, 55.528868], [37.483991, 55.52883], [37.483896, 55.528794], [37.483788, 55.528762], [37.48366, 55.528722], [37.483495, 55.528681], [37.48343, 55.52865], [37.483388, 55.528641], [37.483307, 55.528641], [37.483209, 55.52864], [37.483143, 55.528627], [37.483115, 55.528605], [37.483098, 55.528528], [37.483093, 55.52843], [37.483098, 55.528345], [37.483108, 55.528327], [37.483162, 55.528284], [37.483165, 55.528274], [37.483162, 55.528263], [37.483107, 55.528215], [37.482991, 55.528131], [37.48291, 55.528078], [37.482877, 55.528035], [37.482829, 55.527945], [37.482796, 55.527815], [37.482794, 55.527771], [37.482805, 55.527681], [37.482799, 55.527618], [37.482799, 55.527558], [37.482805, 55.527509], [37.482821, 55.527459], [37.482893, 55.527348], [37.482933, 55.527312], [37.482953, 55.527285], [37.482967, 55.527252], [37.482969, 55.527219], [37.482965, 55.527186], [37.482939, 55.527159], [37.482899, 55.527137], [37.482799, 55.527094], [37.482607, 55.527018], [37.482521, 55.52699], [37.482456, 55.526975], [37.482417, 55.526971], [37.482373, 55.526975], [37.482253, 55.526989], [37.482163, 55.526993], [37.482088, 55.526994], [37.482036, 55.526989], [37.48199, 55.526973], [37.481933, 55.526943], [37.481883, 55.526905], [37.48185, 55.526875], [37.481768, 55.526804], [37.481675, 55.526742], [37.481572, 55.526686], [37.481472, 55.526642], [37.4814, 55.52662], [37.481292, 55.526594], [37.48124, 55.526569], [37.481184, 55.526547], [37.481125, 55.526539], [37.481056, 55.526536], [37.480976, 55.526515], [37.480801, 55.526452], [37.480746, 55.526414], [37.480701, 55.526368], [37.480654, 55.52633], [37.480604, 55.526303], [37.480533, 55.526279], [37.480476, 55.526256], [37.480416, 55.526245], [37.480348, 55.526248], [37.480301, 55.526241], [37.480272, 55.526232], [37.480238, 55.526219], [37.480202, 55.526208], [37.480173, 55.526205], [37.480136, 55.526206], [37.48004, 55.526222], [37.479965, 55.526233], [37.479895, 55.526238], [37.4798, 55.526238], [37.479735, 55.526242], [37.47969, 55.526252], [37.479582, 55.526283], [37.47953, 55.52629], [37.479437, 55.526302], [37.479352, 55.526313], [37.479267, 55.526327], [37.479194, 55.526345], [37.479176, 55.526359], [37.479164, 55.526398], [37.479144, 55.526425], [37.479101, 55.526459], [37.479011, 55.526494], [37.478945, 55.526514], [37.478907, 55.526517], [37.478804, 55.526507], [37.478651, 55.526507], [37.478608, 55.526506], [37.478576, 55.526493], [37.478541, 55.526457], [37.478508, 55.52644], [37.478456, 55.526425], [37.478415, 55.526409], [37.478387, 55.526372], [37.478348, 55.526348], [37.47828, 55.526314], [37.47824, 55.526286], [37.478223, 55.526261], [37.478228, 55.526238], [37.478248, 55.526211], [37.478253, 55.526196], [37.478243, 55.526181], [37.47821, 55.526169], [37.47817, 55.526162], [37.47803, 55.526154], [37.477921, 55.526126], [37.477872, 55.52613], [37.477823, 55.526139], [37.477755, 55.526152], [37.477691, 55.526152], [37.477612, 55.526142], [37.477495, 55.526144], [37.477389, 55.526156], [37.477336, 55.526175], [37.477269, 55.526216], [37.477164, 55.52624], [37.477061, 55.526282], [37.476917, 55.526347], [37.476874, 55.526384], [37.47684, 55.526401], [37.47678, 55.526417], [37.476707, 55.52643], [37.476661, 55.526434], [37.476612, 55.526423], [37.476552, 55.526399], [37.47648, 55.526399], [37.476379, 55.526421], [37.476354, 55.526442], [37.476359, 55.5265], [37.476336, 55.526535], [37.47628, 55.52656], [37.476249, 55.526624], [37.476162, 55.527865], [37.476101, 55.52903], [37.476122, 55.529596], [37.476104, 55.529769], [37.475992, 55.530899], [37.475969, 55.531133], [37.47593, 55.531857], [37.475351, 55.532383], [37.475158, 55.532667], [37.475034, 55.532905], [37.474952, 55.533493]]]}}, {"type": "Feature", "properties": {"name": "Ясенево", "name_en": "Yasenevo", "okrug": "ЮЗАО", "source_name": "Ясенево", "okato": "45293598", "oktmo": "45910000"}, "geometry": {"type": "Polygon", "coordinates": [[[37.488333, 55.608273], [37.489064, 55.60927], [37.489316, 55.609516], [37.48956, 55.609715], [37.489959, 55.610008], [37.490601, 55.610448], [37.491588, 55.610957], [37.493144, 55.611778], [37.493842, 55.612131], [37.49817, 55.614445], [37.499975, 55.615495], [37.500574, 55.615897], [37.501206, 55.616315], [37.502781, 55.617451], [37.503702, 55.618148], [37.504608, 55.618822], [37.507089, 55.620979], [37.510481, 55.623916], [37.51091, 55.62428], [37.512653, 55.625775], [37.512751, 55.625741], [37.513044, 55.625645], [37.51345, 55.625565], [37.513489, 55.625557], [37.514219, 55.625414], [37.519127, 55.624558], [37.522845, 55.623909], [37.524433, 55.623632], [37.528095, 55.624617], [37.531055, 55.625483], [37.53127, 55.625939], [37.532347, 55.625802], [37.536169, 55.626835], [37.537433, 55.627808], [37.540559, 55.628642], [37.540312, 55.629283], [37.540172, 55.629637], [37.540089, 55.629962], [37.540055, 55.630238], [37.540085, 55.630522], [37.540135, 55.630768], [37.540225, 55.631086], [37.540383, 55.631488], [37.540585, 55.631881], [37.541105, 55.632689], [37.541759, 55.633705], [37.541918, 55.633953], [37.542487, 55.634838], [37.542627, 55.635055], [37.543676, 55.636687], [37.544041, 55.637252], [37.544117, 55.63737], [37.544607, 55.637976], [37.544731, 55.63813], [37.545326, 55.638746], [37.54577, 55.639114], [37.546087, 55.639347], [37.546427, 55.639556], [37.54694, 55.639826], [37.548285, 55.640433], [37.549293, 55.640865], [37.549337, 55.640885], [37.549493, 55.640952], [37.549999, 55.641146], [37.550926, 55.641442], [37.551879, 55.641747], [37.557103, 55.643319], [37.558061, 55.643655], [37.558906, 55.644045], [37.559716, 55.644494], [37.559972, 55.644649], [37.560237, 55.644838], [37.560601, 55.645132], [37.560962, 55.645508], [37.561306, 55.645901], [37.563376, 55.648623], [37.563998, 55.649463], [37.565411, 55.649191], [37.568297, 55.648531], [37.571701, 55.647761], [37.575448, 55.646795], [37.5768, 55.646429], [37.580388, 55.645326], [37.580365, 55.645114], [37.580341, 55.64491], [37.580042, 55.64493], [37.580026, 55.644814], [37.579963, 55.644372], [37.579932, 55.643792], [37.579362, 55.643615], [37.57929, 55.642801], [37.580707, 55.642333], [37.582001, 55.641222], [37.581912, 55.640991], [37.581923, 55.6409], [37.581262, 55.640895], [37.581616, 55.639965], [37.582003, 55.639824], [37.582119, 55.639735], [37.582155, 55.639652], [37.582057, 55.639544], [37.581621, 55.639475], [37.581448, 55.639487], [37.581491, 55.63896], [37.582208, 55.638547], [37.582209, 55.638541], [37.581665, 55.637204], [37.581666, 55.6372], [37.581104, 55.637278], [37.58083, 55.636815], [37.580622, 55.63677], [37.580526, 55.636588], [37.58032, 55.636567], [37.579845, 55.636023], [37.580594, 55.635911], [37.580158, 55.635564], [37.57928, 55.635781], [37.579141, 55.635659], [37.579206, 55.635553], [37.579058, 55.635405], [37.578798, 55.635358], [37.578139, 55.634739], [37.577781, 55.634699], [37.57757, 55.634454], [37.577406, 55.63436], [37.577266, 55.632677], [37.58382, 55.631473], [37.585243, 55.631486], [37.585804, 55.631421], [37.585983, 55.631173], [37.585796, 55.630621], [37.58551, 55.630019], [37.585396, 55.629796], [37.58526, 55.62954], [37.585284, 55.629399], [37.585147, 55.629201], [37.584589, 55.628969], [37.584131, 55.628675], [37.584221, 55.628435], [37.58435, 55.628563], [37.584672, 55.628476], [37.584836, 55.628768], [37.585027, 55.628723], [37.584917, 55.628346], [37.584741, 55.627925], [37.584448, 55.628001], [37.584088, 55.627995], [37.584026, 55.627779], [37.584191, 55.627585], [37.584349, 55.627642], [37.584628, 55.62774], [37.584682, 55.627704], [37.58435, 55.626684], [37.584206, 55.626693], [37.584044, 55.626886], [37.583816, 55.626912], [37.583635, 55.626329], [37.583447, 55.626285], [37.583243, 55.626231], [37.582885, 55.625404], [37.582783, 55.625165], [37.582421, 55.624803], [37.58203, 55.624585], [37.582354, 55.624362], [37.581986, 55.624246], [37.581393, 55.624071], [37.581779, 55.623847], [37.581926, 55.623636], [37.581721, 55.623388], [37.581881, 55.623353], [37.581828, 55.623246], [37.581544, 55.623036], [37.581659, 55.622919], [37.582219, 55.623328], [37.582633, 55.623245], [37.581258, 55.622229], [37.580535, 55.621789], [37.580291, 55.621781], [37.580112, 55.621701], [37.579908, 55.621742], [37.579671, 55.621848], [37.579667, 55.621939], [37.579171, 55.622109], [37.57888, 55.622119], [37.578715, 55.622236], [37.578381, 55.622214], [37.578308, 55.622052], [37.578843, 55.621745], [37.578589, 55.621769], [37.578079, 55.621908], [37.577935, 55.62174], [37.576921, 55.621963], [37.576397, 55.621756], [37.575947, 55.621423], [37.57556, 55.621023], [37.575056, 55.620544], [37.574745, 55.620047], [37.574992, 55.619823], [37.575678, 55.619678], [37.576977, 55.619308], [37.577322, 55.619262], [37.577551, 55.619254], [37.577895, 55.619345], [37.578885, 55.620095], [37.579517, 55.619831], [37.580499, 55.619386], [37.580422, 55.619329], [37.579425, 55.619691], [37.578463, 55.618756], [37.575934, 55.615507], [37.577693, 55.614862], [37.578087, 55.614758], [37.577792, 55.614526], [37.577527, 55.614328], [37.574626, 55.613228], [37.575196, 55.612627], [37.575678, 55.611793], [37.575576, 55.610984], [37.574686, 55.608817], [37.574244, 55.608692], [37.573616, 55.608361], [37.573288, 55.608309], [37.571987, 55.608309], [37.571705, 55.60838], [37.570954, 55.608513], [37.569916, 55.608469], [37.569798, 55.608069], [37.569884, 55.607718], [37.56985, 55.607558], [37.569966, 55.607529], [37.569906, 55.60737], [37.569896, 55.607243], [37.57014, 55.607154], [37.571299, 55.606718], [37.571868, 55.605989], [37.573616, 55.60595], [37.573986, 55.606651], [37.5749, 55.606596], [37.575762, 55.606257], [37.577822, 55.604366], [37.581556, 55.604366], [37.58177, 55.603494], [37.579296, 55.601033], [37.578879, 55.600852], [37.577673, 55.60017], [37.577889, 55.600056], [37.57802, 55.600159], [37.57802, 55.600276], [37.579085, 55.600823], [37.578771, 55.600351], [37.579108, 55.600183], [37.578683, 55.599997], [37.57825, 55.600035], [37.578245, 55.599821], [37.57912, 55.599873], [37.579337, 55.599692], [37.578782, 55.599666], [37.578451, 55.599243], [37.578027, 55.599479], [37.577735, 55.599364], [37.577357, 55.599384], [37.577218, 55.599513], [37.577511, 55.60003], [37.577042, 55.599523], [37.576715, 55.599287], [37.576488, 55.598654], [37.57643, 55.598155], [37.576663, 55.597869], [37.580571, 55.597761], [37.580198, 55.596899], [37.580237, 55.595813], [37.578974, 55.595913], [37.578587, 55.595224], [37.578367, 55.594821], [37.578178, 55.594213], [37.577913, 55.593626], [37.577869, 55.593164], [37.577526, 55.592413], [37.577412, 55.592079], [37.577143, 55.591695], [37.577151, 55.59125], [37.576999, 55.590858], [37.576924, 55.590253], [37.576981, 55.589872], [37.576864, 55.589315], [37.576921, 55.588072], [37.576787, 55.587867], [37.57706, 55.587444], [37.577067, 55.587221], [37.577477, 55.586989], [37.577479, 55.58635], [37.575505, 55.583924], [37.573678, 55.58221], [37.573516, 55.582302], [37.573114, 55.582384], [37.572727, 55.582366], [37.572277, 55.582275], [37.570658, 55.58188], [37.56955, 55.581807], [37.565082, 55.582915], [37.564664, 55.582974], [37.557096, 55.584774], [37.55414, 55.585482], [37.547841, 55.586994], [37.54727, 55.586663], [37.538718, 55.588708], [37.530424, 55.590696], [37.530274, 55.590694], [37.530157, 55.590663], [37.530041, 55.590535], [37.529822, 55.590302], [37.529335, 55.589679], [37.529254, 55.589608], [37.529079, 55.589526], [37.528802, 55.58947], [37.528379, 55.589509], [37.528138, 55.58957], [37.527905, 55.589607], [37.527802, 55.589587], [37.527714, 55.589546], [37.52724, 55.589663], [37.527417, 55.589867], [37.527479, 55.590032], [37.527474, 55.590194], [37.527413, 55.590362], [37.52736, 55.590466], [37.527012, 55.590995], [37.526885, 55.591139], [37.526859, 55.59116], [37.526699, 55.5913], [37.526578, 55.5914], [37.52648, 55.591481], [37.526305, 55.591607], [37.526291, 55.591619], [37.526287, 55.59162], [37.51809, 55.593648], [37.511879, 55.595596], [37.511549, 55.595761], [37.511194, 55.595938], [37.508715, 55.597173], [37.506553, 55.598249], [37.503467, 55.600622], [37.502521, 55.601348], [37.502183, 55.601608], [37.501536, 55.602161], [37.501483, 55.602206], [37.49825, 55.604971], [37.497523, 55.605601], [37.494098, 55.608574], [37.494094, 55.608575], [37.493706, 55.608626], [37.493361, 55.608621], [37.493098, 55.608632], [37.492925, 55.608687], [37.492747, 55.608772], [37.492625, 55.608893], [37.49252, 55.608996], [37.492398, 55.609115], [37.492188, 55.609351], [37.49192, 55.609584], [37.491707, 55.609768], [37.491513, 55.609929], [37.491369, 55.609982], [37.491361, 55.609978], [37.491335, 55.61], [37.491179, 55.6101], [37.490946, 55.610174], [37.490698, 55.610062], [37.490445, 55.609962], [37.490212, 55.609847], [37.489968, 55.609662], [37.48995, 55.609676], [37.489845, 55.609611], [37.489774, 55.609501], [37.489745, 55.609476], [37.489634, 55.609378], [37.489495, 55.60925], [37.489405, 55.609104], [37.489311, 55.608949], [37.489168, 55.608768], [37.489036, 55.608592], [37.488789, 55.608164], [37.488333, 55.608273]]]}}, {"type": "Feature", "properties": {"name": "Внуково", "name_en": "Vnukovo", "okrug": "ЗАО", "source_name": "Внуково", "okato": "45268552", "oktmo": "45317000"}, "geometry": {"type": "MultiPolygon", "coordinates": [[[[37.230207, 55.585321], [37.235373, 55.586556], [37.235349, 55.58914], [37.234877, 55.59348], [37.236514, 55.594053], [37.239053, 55.595488], [37.239166, 55.59544], [37.239733, 55.595741], [37.239801, 55.59594], [37.241852, 55.597049], [37.245642, 55.601942], [37.246559, 55.60225], [37.247379, 55.602583], [37.248334, 55.603038], [37.248436, 55.603124], [37.249004, 55.603592], [37.249142, 55.603764], [37.249223, 55.603894], [37.249338, 55.604076], [37.249581, 55.604963], [37.250036, 55.606786], [37.250406, 55.608294], [37.254419, 55.610127], [37.248562, 55.614237], [37.248871, 55.614471], [37.248885, 55.614566], [37.249144, 55.614752], [37.249144, 55.614982], [37.250367, 55.614938], [37.250143, 55.61487], [37.250996, 55.614447], [37.252861, 55.615424], [37.254088, 55.616016], [37.255205, 55.616485], [37.258707, 55.617233], [37.258555, 55.61736], [37.259111, 55.617491], [37.259217, 55.617364], [37.26104, 55.617704], [37.261351, 55.617837], [37.261526, 55.617827], [37.261519, 55.617319], [37.261586, 55.617091], [37.262901, 55.615087], [37.263139, 55.61471], [37.263476, 55.614415], [37.267375, 55.61616], [37.268216, 55.616601], [37.268973, 55.616926], [37.269436, 55.617185], [37.271652, 55.618803], [37.27218, 55.6191], [37.272864, 55.619335], [37.273765, 55.619648], [37.273932, 55.61955], [37.279236, 55.616387], [37.279981, 55.617371], [37.280565, 55.617739], [37.280562, 55.61775], [37.281135, 55.618125], [37.281402, 55.618522], [37.281834, 55.618845], [37.282186, 55.619314], [37.282936, 55.619128], [37.282415, 55.618438], [37.282586, 55.618363], [37.280441, 55.615833], [37.28053, 55.615781], [37.280446, 55.615682], [37.281239, 55.615207], [37.281362, 55.615297], [37.281424, 55.615261], [37.281426, 55.615263], [37.281629, 55.615145], [37.281852, 55.615261], [37.282625, 55.615364], [37.283803, 55.615189], [37.287095, 55.616306], [37.28758, 55.616284], [37.288157, 55.616539], [37.288168, 55.616397], [37.288639, 55.616727], [37.288682, 55.616867], [37.289333, 55.616683], [37.289716, 55.616726], [37.290384, 55.616378], [37.290416, 55.616401], [37.29189, 55.615745], [37.291912, 55.615761], [37.292603, 55.615481], [37.293943, 55.614655], [37.294106, 55.614697], [37.294252, 55.614864], [37.294651, 55.61503], [37.294787, 55.615037], [37.294956, 55.615242], [37.295246, 55.615342], [37.296048, 55.616945], [37.297089, 55.618158], [37.297147, 55.61818], [37.297263, 55.61819], [37.297405, 55.618185], [37.29774, 55.618129], [37.298053, 55.618367], [37.298094, 55.618433], [37.298251, 55.618553], [37.298276, 55.618553], [37.29832, 55.618559], [37.298362, 55.618575], [37.298411, 55.618606], [37.298453, 55.618652], [37.298505, 55.618707], [37.298555, 55.61875], [37.298617, 55.618799], [37.298675, 55.618815], [37.29873, 55.61881], [37.298772, 55.618797], [37.298823, 55.618768], [37.298861, 55.618739], [37.29894, 55.618711], [37.298971, 55.618669], [37.298999, 55.618662], [37.299057, 55.618662], [37.299079, 55.618659], [37.29911, 55.618642], [37.299146, 55.618633], [37.299208, 55.618633], [37.299247, 55.61864], [37.299293, 55.618657], [37.299348, 55.618662], [37.299422, 55.618667], [37.299478, 55.618675], [37.299529, 55.618675], [37.299581, 55.618661], [37.299622, 55.618654], [37.299702, 55.618649], [37.299817, 55.618631], [37.299906, 55.618619], [37.299951, 55.618599], [37.299977, 55.618576], [37.300021, 55.618564], [37.300052, 55.618549], [37.300076, 55.618525], [37.300114, 55.618478], [37.300173, 55.618428], [37.30023, 55.618399], [37.30027, 55.618388], [37.30031, 55.618385], [37.300333, 55.61837], [37.300361, 55.618343], [37.300452, 55.618334], [37.300488, 55.618324], [37.300535, 55.618315], [37.300561, 55.618315], [37.300611, 55.618332], [37.300647, 55.618338], [37.300689, 55.618338], [37.300714, 55.618335], [37.30073, 55.618324], [37.30075, 55.618297], [37.300789, 55.618277], [37.300815, 55.618271], [37.300833, 55.618255], [37.300869, 55.618249], [37.300956, 55.618238], [37.301031, 55.61823], [37.301085, 55.618226], [37.301136, 55.618228], [37.301144, 55.618235], [37.301164, 55.618246], [37.30118, 55.618246], [37.301196, 55.618237], [37.301218, 55.618222], [37.301234, 55.618215], [37.301315, 55.618215], [37.301374, 55.618201], [37.3014, 55.618201], [37.301432, 55.618209], [37.301452, 55.61821], [37.301476, 55.61821], [37.301505, 55.618197], [37.301543, 55.618183], [37.301579, 55.618181], [37.30161, 55.618181], [37.301666, 55.618197], [37.301694, 55.6182], [37.301708, 55.6182], [37.301726, 55.618191], [37.301741, 55.61818], [37.301765, 55.618175], [37.301805, 55.618176], [37.30187, 55.61818], [37.301912, 55.618174], [37.301974, 55.618155], [37.302007, 55.618151], [37.302039, 55.618151], [37.302071, 55.618159], [37.302109, 55.618159], [37.302166, 55.618148], [37.302235, 55.618126], [37.302269, 55.618121], [37.302303, 55.618125], [37.302357, 55.61814], [37.30239, 55.618145], [37.30242, 55.618145], [37.302442, 55.618132], [37.302485, 55.618124], [37.302529, 55.618123], [37.302622, 55.618123], [37.302674, 55.618122], [37.302747, 55.618115], [37.302787, 55.618115], [37.302876, 55.618121], [37.302964, 55.618122], [37.303071, 55.618095], [37.303096, 55.618095], [37.303176, 55.618089], [37.303221, 55.61808], [37.303285, 55.618057], [37.303311, 55.618055], [37.303366, 55.618055], [37.303408, 55.618051], [37.303424, 55.618045], [37.303455, 55.618009], [37.303485, 55.617986], [37.303523, 55.617977], [37.30356, 55.617976], [37.303634, 55.617976], [37.303779, 55.617969], [37.303927, 55.617948], [37.304108, 55.617935], [37.304189, 55.617934], [37.304261, 55.617923], [37.304346, 55.617913], [37.304451, 55.617904], [37.304564, 55.6179], [37.304693, 55.617912], [37.304743, 55.617913], [37.304844, 55.617913], [37.304933, 55.617928], [37.304969, 55.617928], [37.305025, 55.617917], [37.305104, 55.617894], [37.305151, 55.617877], [37.305175, 55.617877], [37.305201, 55.617889], [37.305209, 55.617899], [37.305215, 55.617921], [37.305223, 55.617936], [37.305265, 55.617946], [37.305297, 55.617951], [37.305315, 55.61795], [37.305364, 55.617948], [37.305511, 55.617908], [37.305543, 55.617901], [37.30556, 55.617891], [37.305592, 55.617846], [37.305641, 55.617821], [37.305677, 55.61781], [37.305709, 55.61781], [37.305768, 55.617818], [37.305814, 55.61782], [37.305848, 55.617807], [37.305891, 55.617777], [37.305963, 55.617754], [37.306016, 55.617745], [37.306048, 55.617733], [37.306099, 55.617702], [37.306157, 55.617682], [37.306206, 55.617677], [37.30625, 55.617669], [37.306317, 55.617643], [37.306379, 55.61761], [37.30643, 55.61758], [37.306529, 55.617552], [37.306606, 55.617525], [37.306678, 55.61749], [37.306707, 55.617467], [37.306771, 55.617419], [37.306828, 55.617383], [37.306941, 55.617346], [37.30701, 55.617328], [37.30707, 55.617303], [37.307151, 55.617278], [37.307228, 55.617266], [37.307272, 55.617252], [37.307308, 55.617237], [37.307343, 55.617236], [37.307395, 55.617236], [37.307431, 55.617234], [37.307492, 55.617217], [37.307575, 55.6172], [37.307607, 55.617188], [37.307639, 55.617159], [37.307645, 55.617133], [37.307629, 55.617109], [37.307591, 55.617077], [37.307575, 55.617052], [37.307573, 55.617008], [37.307562, 55.616964], [37.307544, 55.616933], [37.307497, 55.616894], [37.307459, 55.616854], [37.307367, 55.616788], [37.307301, 55.616755], [37.307266, 55.616735], [37.307251, 55.616708], [37.307222, 55.616677], [37.30717, 55.61665], [37.30716, 55.61663], [37.307164, 55.616593], [37.307185, 55.616574], [37.307278, 55.616401], [37.307756, 55.616205], [37.307891, 55.616161], [37.307979, 55.616115], [37.308135, 55.616022], [37.308275, 55.615959], [37.3084, 55.615921], [37.308531, 55.615918], [37.308689, 55.615935], [37.308876, 55.615985], [37.308936, 55.615997], [37.308994, 55.615997], [37.309041, 55.615973], [37.309066, 55.615937], [37.309106, 55.615803], [37.309151, 55.615775], [37.309227, 55.615766], [37.309259, 55.615739], [37.309261, 55.61571], [37.30921, 55.615683], [37.30913, 55.615666], [37.309052, 55.615658], [37.308945, 55.615633], [37.3089, 55.6156], [37.308915, 55.615572], [37.308984, 55.615556], [37.309095, 55.615547], [37.309286, 55.615543], [37.309415, 55.615541], [37.309588, 55.615525], [37.309728, 55.615502], [37.30982, 55.615473], [37.309869, 55.615442], [37.309888, 55.615401], [37.309858, 55.615306], [37.309812, 55.61517], [37.309834, 55.615131], [37.309891, 55.615109], [37.30997, 55.615104], [37.310043, 55.615118], [37.310131, 55.615185], [37.310213, 55.615218], [37.310424, 55.615227], [37.310557, 55.615253], [37.310649, 55.61524], [37.310751, 55.615203], [37.310816, 55.61515], [37.310864, 55.615074], [37.310972, 55.615004], [37.311071, 55.614937], [37.311105, 55.614885], [37.311102, 55.614852], [37.311075, 55.614818], [37.310941, 55.614796], [37.310822, 55.614754], [37.310768, 55.614711], [37.310796, 55.614671], [37.310861, 55.614651], [37.310964, 55.614649], [37.311105, 55.614658], [37.311233, 55.614684], [37.311345, 55.614713], [37.311469, 55.61475], [37.311531, 55.614786], [37.311568, 55.614834], [37.31162, 55.61485], [37.311689, 55.614841], [37.311752, 55.614813], [37.311865, 55.614763], [37.311988, 55.61473], [37.31207, 55.614729], [37.312137, 55.614748], [37.312215, 55.614804], [37.312277, 55.614857], [37.312365, 55.614927], [37.312453, 55.614961], [37.312532, 55.614965], [37.312604, 55.614956], [37.312677, 55.614928], [37.312791, 55.614867], [37.312928, 55.6148], [37.312968, 55.614766], [37.312977, 55.614721], [37.312947, 55.614674], [37.31287, 55.614623], [37.312778, 55.614562], [37.312733, 55.614493], [37.312751, 55.614434], [37.312821, 55.614395], [37.312911, 55.614381], [37.313024, 55.614386], [37.313123, 55.614358], [37.313208, 55.614324], [37.313285, 55.614279], [37.313367, 55.614191], [37.313378, 55.61414], [37.313372, 55.614075], [37.313351, 55.614004], [37.313364, 55.613926], [37.31341, 55.613823], [37.313469, 55.613761], [37.313525, 55.613722], [37.313589, 55.613714], [37.313662, 55.613732], [37.313742, 55.613775], [37.31385, 55.613823], [37.313922, 55.613833], [37.313997, 55.613813], [37.314079, 55.613758], [37.31418, 55.613676], [37.314224, 55.613582], [37.314273, 55.613526], [37.314381, 55.61349], [37.314615, 55.613438], [37.314718, 55.613391], [37.314811, 55.613342], [37.314924, 55.613298], [37.315049, 55.613276], [37.315225, 55.613262], [37.315297, 55.61324], [37.315333, 55.613206], [37.315358, 55.613157], [37.315433, 55.613084], [37.315457, 55.613026], [37.315475, 55.612966], [37.31545, 55.612933], [37.315379, 55.612903], [37.315306, 55.612877], [37.315202, 55.612881], [37.314966, 55.612915], [37.31488, 55.612909], [37.314814, 55.61288], [37.31473, 55.612794], [37.314714, 55.612733], [37.314726, 55.61269], [37.314913, 55.612585], [37.314926, 55.612439], [37.31497, 55.612076], [37.314009, 55.611575], [37.314277, 55.611478], [37.31435, 55.611023], [37.314433, 55.610776], [37.314316, 55.610374], [37.31323, 55.609861], [37.313086, 55.609831], [37.311624, 55.608715], [37.312114, 55.60853], [37.311393, 55.607983], [37.309849, 55.608666], [37.309714, 55.608552], [37.309621, 55.608586], [37.308278, 55.607473], [37.308505, 55.607386], [37.307733, 55.606665], [37.307472, 55.605863], [37.307056, 55.6057], [37.307747, 55.605444], [37.307441, 55.605084], [37.307547, 55.604656], [37.307379, 55.604542], [37.307518, 55.60434], [37.310517, 55.603871], [37.310458, 55.603349], [37.309894, 55.602836], [37.310085, 55.602075], [37.309605, 55.601244], [37.30968, 55.601194], [37.309972, 55.60135], [37.310337, 55.60115], [37.311324, 55.601271], [37.311818, 55.601259], [37.313034, 55.600983], [37.313227, 55.600811], [37.31263, 55.600448], [37.312715, 55.600138], [37.313751, 55.599202], [37.314646, 55.599032], [37.313762, 55.598784], [37.312838, 55.598527], [37.310737, 55.597927], [37.306783, 55.596978], [37.303424, 55.596098], [37.299228, 55.595], [37.295155, 55.593933], [37.293068, 55.593376], [37.284027, 55.591113], [37.280871, 55.590318], [37.278218, 55.589606], [37.277521, 55.589382], [37.276161, 55.589081], [37.273824, 55.588436], [37.270701, 55.58758], [37.270601, 55.587498], [37.268911, 55.587057], [37.268904, 55.587018], [37.265752, 55.586292], [37.263087, 55.585544], [37.260121, 55.584881], [37.256475, 55.584061], [37.252664, 55.583215], [37.249638, 55.58254], [37.243932, 55.583831], [37.241949, 55.584773], [37.230981, 55.583631], [37.230207, 55.585321]]], [[[37.18317, 55.605647], [37.184554, 55.606261], [37.186053, 55.606972], [37.186141, 55.606959], [37.18629, 55.60687], [37.1876, 55.607475], [37.187635, 55.60759], [37.189487, 55.608345], [37.189638, 55.608477], [37.190407, 55.608884], [37.190634, 55.609095], [37.193707, 55.610498], [37.196052, 55.611609], [37.196164, 55.61155], [37.197821, 55.613017], [37.199602, 55.614683], [37.201767, 55.615994], [37.207117, 55.617794], [37.206814, 55.618051], [37.207338, 55.618214], [37.207468, 55.618112], [37.209945, 55.619106], [37.211273, 55.620105], [37.211375, 55.620162], [37.211475, 55.620173], [37.211591, 55.620154], [37.212072, 55.62057], [37.211982, 55.620592], [37.214121, 55.622281], [37.214556, 55.622759], [37.216924, 55.621862], [37.217387, 55.621687], [37.216235, 55.620867], [37.217731, 55.618403], [37.217683, 55.618384], [37.216694, 55.618014], [37.214301, 55.617143], [37.215315, 55.615917], [37.218304, 55.614237], [37.218456, 55.614111], [37.218034, 55.612712], [37.218158, 55.612581], [37.218653, 55.612513], [37.218931, 55.612417], [37.218994, 55.612208], [37.219121, 55.611832], [37.220581, 55.610516], [37.216819, 55.609054], [37.214473, 55.608038], [37.216212, 55.606257], [37.218235, 55.60402], [37.215773, 55.601903], [37.212313, 55.602483], [37.210336, 55.60482], [37.208545, 55.605202], [37.207869, 55.605844], [37.207213, 55.606398], [37.20675, 55.606677], [37.206684, 55.606693], [37.206122, 55.606739], [37.203889, 55.606781], [37.20272, 55.609037], [37.200613, 55.609969], [37.195273, 55.606948], [37.200203, 55.603721], [37.200474, 55.603442], [37.200521, 55.603252], [37.200432, 55.603087], [37.19983, 55.602704], [37.198277, 55.60354], [37.197947, 55.603697], [37.199059, 55.604329], [37.19798, 55.604944], [37.19549, 55.60353], [37.195134, 55.603712], [37.194028, 55.603129], [37.194953, 55.602591], [37.192129, 55.601366], [37.191728, 55.601891], [37.190993, 55.601778], [37.190978, 55.601784], [37.190878, 55.601802], [37.190852, 55.601838], [37.190592, 55.601786], [37.190309, 55.602085], [37.190183, 55.602226], [37.190259, 55.602247], [37.190118, 55.602389], [37.189997, 55.602351], [37.189788, 55.60254], [37.189495, 55.602437], [37.189322, 55.602373], [37.189105, 55.602314], [37.189237, 55.602109], [37.188176, 55.601838], [37.188097, 55.601888], [37.18776, 55.601743], [37.18731, 55.601619], [37.187223, 55.601694], [37.186773, 55.601555], [37.186752, 55.601548], [37.186605, 55.601703], [37.186186, 55.601968], [37.18445, 55.601404], [37.183523, 55.602352], [37.185402, 55.602961], [37.186081, 55.603202], [37.186499, 55.603347], [37.18665, 55.603398], [37.185816, 55.604213], [37.185413, 55.604098], [37.184535, 55.604705], [37.184242, 55.604991], [37.184157, 55.604966], [37.18317, 55.605647]]]]}}, {"type": "Feature", "properties": {"name": "Дорогомилово", "name_en": "Dorogomilovo", "okrug": "ЗАО", "source_name": "Дорогомилово", "okato": "45268554", "oktmo": "45318000"}, "geometry": {"type": "Polygon", "coordinates": [[[37.489294, 55.733015], [37.48967, 55.73308], [37.496452, 55.734136], [37.498536, 55.734604], [37.505785, 55.736828], [37.506107, 55.73699], [37.507545, 55.737748], [37.508401, 55.738194], [37.50993, 55.739587], [37.510649, 55.740383], [37.512146, 55.742008], [37.513671, 55.743614], [37.51413, 55.743965], [37.514874, 55.744447], [37.515645, 55.744918], [37.516614, 55.745367], [37.517532, 55.74572], [37.518956, 55.746186], [37.521491, 55.7469], [37.522521, 55.747211], [37.523637, 55.746327], [37.525569, 55.745337], [37.527972, 55.744612], [37.532404, 55.744396], [37.536727, 55.744636], [37.540374, 55.745458], [37.54355, 55.746521], [37.549043, 55.748984], [37.554535, 55.751436], [37.557562, 55.75239], [37.560178, 55.753078], [37.564021, 55.753597], [37.567883, 55.753356], [37.570802, 55.752728], [37.57206, 55.75202], [37.573033, 55.751472], [37.57402, 55.750337], [37.574492, 55.748863], [37.574449, 55.746327], [37.574134, 55.745454], [37.573891, 55.744709], [37.573033, 55.743694], [37.568327, 55.738552], [37.56575, 55.736401], [37.563633, 55.735095], [37.559063, 55.733069], [37.553035, 55.729947], [37.548829, 55.728424], [37.547786, 55.728068], [37.546553, 55.729346], [37.544272, 55.731737], [37.543327, 55.732706], [37.54287, 55.733139], [37.542177, 55.733669], [37.541399, 55.734259], [37.538475, 55.736211], [37.538163, 55.736135], [37.537044, 55.735926], [37.535609, 55.735795], [37.534346, 55.735676], [37.533518, 55.735572], [37.532593, 55.735431], [37.53132, 55.735132], [37.519291, 55.731584], [37.517952, 55.73116], [37.516385, 55.730544], [37.515526, 55.730181], [37.51433, 55.729683], [37.513624, 55.729338], [37.509999, 55.727597], [37.508529, 55.726935], [37.503705, 55.72483], [37.503101, 55.72458], [37.501559, 55.723953], [37.498568, 55.722854], [37.495771, 55.725916], [37.494332, 55.727488], [37.489294, 55.733015]]]}}, {"type": "Feature", "properties": {"name": "Крылатское", "name_en": "Krylatskoye", "okrug": "ЗАО", "source_name": "Крылатское", "okato": "45268560", "oktmo": "45319000"}, "geometry": {"type": "Polygon", "coordinates": [[[37.365388, 55.771812], [37.365517, 55.771896], [37.365787, 55.771784], [37.366015, 55.771746], [37.366197, 55.771723], [37.366315, 55.771731], [37.366516, 55.771759], [37.36661, 55.771781], [37.366995, 55.771889], [37.367254, 55.771953], [37.367542, 55.772017], [37.3677, 55.772062], [37.367872, 55.772121], [37.368246, 55.772312], [37.368474, 55.772405], [37.368743, 55.772499], [37.368749, 55.772614], [37.368825, 55.772725], [37.368885, 55.773038], [37.370262, 55.773027], [37.370261, 55.771362], [37.37108, 55.770896], [37.380406, 55.771578], [37.383375, 55.771676], [37.386766, 55.770855], [37.390934, 55.771046], [37.394869, 55.771203], [37.397342, 55.771096], [37.39826, 55.771177], [37.399745, 55.771251], [37.40012, 55.771272], [37.40858, 55.775762], [37.410032, 55.775665], [37.412185, 55.775521], [37.414292, 55.775436], [37.416949, 55.775328], [37.421025, 55.774942], [37.425627, 55.774523], [37.428843, 55.774282], [37.430746, 55.774173], [37.434121, 55.7742], [37.436218, 55.774406], [37.439358, 55.775218], [37.44364, 55.776332], [37.445487, 55.776877], [37.447353, 55.777253], [37.44812, 55.777308], [37.448829, 55.777276], [37.449684, 55.77714], [37.450643, 55.776869], [37.45303, 55.775694], [37.455266, 55.774177], [37.460379, 55.769076], [37.46294, 55.766951], [37.46399, 55.765771], [37.464272, 55.765228], [37.464562, 55.764307], [37.464663, 55.763295], [37.464585, 55.762794], [37.464569, 55.762696], [37.46452, 55.762383], [37.463426, 55.760191], [37.461838, 55.758839], [37.459606, 55.757148], [37.457632, 55.75582], [37.455444, 55.754781], [37.453083, 55.753888], [37.448835, 55.752898], [37.445571, 55.752099], [37.442183, 55.751304], [37.439222, 55.750531], [37.437376, 55.749685], [37.436979, 55.749252], [37.435127, 55.749642], [37.432961, 55.750119], [37.432652, 55.750186], [37.432241, 55.75014], [37.43206, 55.750124], [37.431805, 55.750079], [37.431619, 55.750047], [37.430576, 55.749762], [37.429577, 55.74939], [37.428486, 55.74875], [37.42765, 55.748209], [37.422121, 55.744831], [37.407094, 55.752005], [37.397121, 55.756796], [37.38186, 55.764224], [37.375062, 55.767319], [37.365388, 55.771812]]]}}, {"type": "Feature", "properties": {"name": "Кунцево", "name_en": "Kuntsevo", "okrug": "ЗАО", "source_name": "Кунцево", "okato": "45268562", "oktmo": "45320000"}, "geometry": {"type": "MultiPolygon", "coordinates": [[[[37.290502, 55.80199], [37.295422, 55.802997], [37.296632, 55.803202], [37.297769, 55.803354], [37.298637, 55.80345], [37.299686, 55.803522], [37.303564, 55.803559], [37.303265, 55.803182], [37.302923, 55.802477], [37.302777, 55.801273], [37.302354, 55.798634], [37.298217, 55.797628], [37.294467, 55.796717], [37.29441, 55.796787], [37.294117, 55.796713], [37.294168, 55.796635], [37.293206, 55.796405], [37.293264, 55.798065], [37.290502, 55.80199]]], [[[36.888079, 55.734436], [36.888541, 55.734857], [36.888977, 55.734206], [36.889344, 55.73403], [36.890038, 55.734359], [36.890487, 55.733601], [36.891004, 55.733678], [36.891358, 55.733785], [36.891725, 55.733823], [36.892324, 55.733762], [36.893616, 55.733877], [36.894946, 55.733823], [36.895292, 55.733749], [36.8953, 55.733662], [36.895514, 55.73355], [36.896977, 55.733318], [36.897276, 55.73331], [36.897262, 55.733458], [36.898311, 55.733295], [36.899555, 55.733657], [36.899545, 55.733714], [36.899728, 55.73376], [36.899877, 55.734657], [36.900094, 55.734727], [36.89993, 55.735142], [36.900604, 55.735163], [36.90031, 55.736369], [36.900426, 55.736385], [36.900334, 55.736802], [36.899988, 55.737704], [36.900055, 55.738378], [36.899916, 55.738847], [36.899699, 55.739215], [36.899286, 55.740748], [36.899218, 55.74104], [36.899122, 55.741184], [36.898915, 55.741276], [36.897684, 55.741793], [36.896871, 55.742169], [36.897198, 55.742446], [36.898583, 55.741806], [36.898651, 55.742408], [36.898963, 55.742659], [36.898944, 55.743299], [36.899257, 55.743642], [36.899237, 55.744173], [36.89968, 55.744696], [36.899685, 55.745132], [36.899747, 55.745367], [36.902874, 55.744912], [36.904755, 55.745394], [36.905222, 55.745614], [36.905789, 55.746686], [36.905876, 55.746846], [36.906049, 55.746957], [36.906367, 55.747038], [36.906809, 55.747103], [36.907107, 55.747138], [36.90779, 55.747319], [36.907815, 55.74792], [36.908007, 55.748359], [36.908079, 55.748752], [36.909388, 55.748359], [36.912703, 55.747511], [36.915983, 55.746672], [36.916911, 55.746626], [36.921019, 55.74658], [36.92202, 55.747292], [36.924954, 55.749085], [36.927682, 55.750704], [36.928504, 55.751175], [36.930924, 55.752249], [36.931915, 55.752601], [36.932314, 55.752639], [36.93292, 55.752637], [36.933185, 55.75415], [36.933219, 55.754407], [36.934003, 55.754499], [36.934113, 55.754488], [36.934219, 55.754548], [36.935836, 55.754827], [36.937226, 55.75503], [36.937538, 55.755027], [36.937663, 55.755081], [36.938683, 55.755249], [36.939492, 55.755417], [36.941921, 55.755809], [36.944874, 55.756305], [36.948131, 55.756833], [36.953067, 55.757631], [36.956982, 55.758275], [36.964285, 55.759434], [36.968056, 55.760037], [36.970428, 55.758427], [36.971808, 55.757945], [36.970658, 55.75575], [36.962553, 55.755414], [36.959359, 55.755276], [36.959046, 55.756104], [36.958262, 55.757276], [36.957656, 55.757222], [36.957574, 55.757317], [36.957107, 55.758246], [36.956925, 55.758208], [36.957401, 55.757268], [36.957478, 55.757228], [36.95792, 55.755763], [36.957204, 55.754358], [36.956737, 55.754261], [36.956371, 55.753966], [36.956371, 55.753849], [36.957434, 55.751949], [36.957728, 55.751638], [36.958195, 55.751205], [36.958931, 55.75101], [36.959859, 55.750836], [36.960609, 55.750655], [36.959984, 55.750501], [36.959263, 55.750008], [36.959007, 55.749875], [36.961273, 55.749469], [36.961312, 55.749429], [36.961288, 55.749277], [36.961634, 55.749196], [36.963611, 55.748153], [36.964458, 55.747793], [36.964414, 55.747677], [36.966353, 55.747452], [36.966959, 55.747458], [36.967286, 55.747698], [36.967551, 55.747926], [36.968277, 55.748792], [36.968132, 55.74955], [36.97039, 55.749543], [36.97104, 55.7515], [36.971064, 55.751846], [36.971339, 55.751857], [36.971706, 55.752401], [36.971941, 55.753277], [36.971826, 55.753367], [36.972013, 55.753922], [36.972293, 55.753399], [36.972177, 55.752801], [36.971834, 55.752191], [36.973225, 55.75203], [36.975605, 55.751567], [36.976009, 55.751391], [36.97682, 55.751222], [36.977248, 55.751168], [36.977839, 55.751168], [36.978056, 55.751108], [36.978186, 55.751192], [36.97766, 55.751584], [36.977783, 55.751756], [36.979783, 55.75378], [36.980162, 55.754206], [36.980388, 55.754639], [36.980792, 55.75591], [36.976354, 55.756941], [36.974935, 55.757214], [36.975743, 55.758375], [36.976951, 55.759266], [36.977624, 55.759745], [36.978755, 55.760487], [36.980847, 55.759799], [36.981982, 55.759366], [36.982261, 55.759087], [36.983228, 55.758792], [36.983642, 55.758684], [36.983397, 55.758549], [36.984075, 55.758105], [36.983373, 55.757774], [36.983204, 55.757875], [36.982714, 55.757645], [36.986956, 55.754664], [36.986711, 55.752878], [36.987375, 55.751938], [36.987308, 55.751787], [36.984686, 55.750371], [36.984541, 55.75026], [36.987235, 55.749112], [36.988847, 55.748614], [36.989554, 55.748714], [36.989944, 55.749055], [36.989997, 55.749399], [36.991117, 55.748432], [36.988404, 55.7473], [36.987894, 55.747089], [36.987635, 55.74668], [36.987529, 55.746594], [36.987336, 55.746526], [36.987399, 55.746466], [36.985008, 55.745484], [36.986177, 55.744512], [36.986721, 55.744704], [36.986745, 55.744661], [36.987245, 55.744812], [36.988273, 55.744932], [36.98858, 55.744926], [36.990174, 55.744758], [36.99205, 55.744709], [36.992204, 55.74515], [36.992531, 55.745142], [36.992671, 55.745199], [36.993027, 55.745895], [36.993363, 55.746794], [36.993349, 55.746953], [36.995163, 55.74769], [36.994128, 55.748223], [36.993796, 55.748519], [36.993219, 55.748784], [36.992647, 55.749065], [36.991786, 55.748686], [36.991574, 55.748827], [36.991579, 55.74886], [36.992031, 55.748887], [36.992608, 55.749166], [36.99421, 55.748456], [36.995013, 55.748305], [36.995995, 55.747346], [36.998693, 55.747866], [36.998934, 55.747671], [37.001291, 55.748337], [37.004581, 55.748567], [37.006034, 55.749596], [37.007266, 55.748554], [37.008156, 55.747728], [37.007939, 55.74775], [37.005693, 55.746859], [37.003018, 55.74554], [37.003008, 55.745421], [37.002527, 55.74538], [37.00207, 55.745651], [37.001512, 55.745399], [37.000954, 55.744991], [37.000767, 55.744381], [37.001233, 55.744184], [37.000656, 55.743674], [37.000555, 55.743707], [36.999906, 55.743572], [36.999838, 55.743691], [36.999396, 55.74361], [36.999381, 55.743493], [37.000069, 55.74306], [37.000108, 55.74297], [36.999492, 55.743149], [36.99928, 55.742629], [36.999131, 55.74244], [36.999276, 55.742275], [37.001373, 55.741657], [37.001666, 55.741644], [37.001989, 55.741985], [37.0022, 55.741931], [37.002542, 55.74238], [37.002792, 55.742594], [37.002922, 55.742594], [37.003076, 55.742721], [37.003186, 55.742721], [37.003528, 55.742943], [37.003504, 55.743147], [37.003581, 55.743152], [37.003749, 55.74332], [37.003576, 55.743417], [37.004201, 55.743886], [37.005471, 55.744674], [37.005476, 55.744717], [37.006058, 55.745031], [37.006482, 55.745229], [37.00664, 55.745394], [37.006775, 55.745443], [37.006895, 55.745332], [37.007905, 55.745705], [37.008055, 55.745811], [37.008776, 55.746017], [37.008791, 55.74609], [37.009517, 55.746206], [37.009536, 55.746044], [37.009969, 55.74606], [37.009931, 55.746274], [37.010176, 55.746304], [37.010181, 55.746388], [37.010469, 55.746428], [37.010474, 55.746331], [37.010628, 55.746344], [37.010989, 55.746415], [37.011191, 55.746493], [37.01122, 55.746385], [37.011494, 55.746417], [37.01148, 55.746542], [37.011946, 55.746607], [37.012451, 55.74665], [37.012302, 55.746455], [37.016333, 55.74626], [37.020235, 55.745001], [37.02047, 55.745418], [37.023843, 55.74293], [37.024497, 55.740485], [37.023876, 55.739171], [37.022986, 55.736306], [37.022688, 55.736344], [37.022568, 55.736111], [37.02288, 55.73606], [37.022784, 55.735875], [37.022755, 55.735694], [37.021966, 55.734914], [37.025125, 55.73453], [37.025082, 55.734427], [37.025404, 55.734381], [37.026049, 55.734349], [37.02664, 55.734238], [37.027804, 55.734211], [37.028444, 55.734073], [37.028901, 55.734105], [37.029118, 55.733964], [37.029041, 55.733829], [37.028257, 55.734005], [37.02741, 55.734116], [37.026785, 55.734138], [37.025741, 55.734018], [37.024836, 55.733786], [37.023951, 55.733485], [37.023305, 55.733109], [37.024019, 55.732258], [37.027251, 55.73352], [37.029762, 55.732212], [37.031629, 55.732163], [37.033284, 55.731895], [37.034731, 55.731963], [37.035929, 55.732185], [37.038907, 55.731632], [37.040143, 55.731215], [37.040538, 55.730898], [37.041452, 55.730354], [37.043381, 55.728528], [37.04466, 55.728132], [37.046775, 55.726823], [37.047857, 55.724997], [37.048059, 55.724366], [37.048242, 55.723437], [37.048136, 55.72231], [37.047862, 55.721762], [37.047006, 55.721166], [37.045288, 55.720725], [37.043143, 55.720925], [37.043196, 55.720112], [37.042642, 55.719351], [37.042166, 55.719459], [37.041425, 55.719454], [37.041397, 55.719191], [37.041988, 55.719205], [37.042589, 55.719059], [37.042811, 55.7193], [37.044697, 55.718663], [37.045529, 55.718568], [37.04665, 55.718714], [37.047592, 55.718747], [37.051595, 55.718208], [37.05298, 55.718259], [37.053658, 55.718657], [37.054031, 55.720174], [37.048624, 55.721222], [37.048816, 55.721816], [37.049932, 55.721894], [37.051856, 55.722181], [37.054627, 55.723549], [37.060775, 55.723241], [37.064383, 55.723056], [37.065167, 55.722238], [37.065234, 55.722238], [37.067495, 55.723043], [37.067798, 55.723189], [37.068217, 55.722892], [37.069164, 55.723471], [37.069366, 55.724273], [37.069299, 55.725985], [37.069722, 55.727865], [37.070237, 55.729019], [37.071897, 55.72981], [37.073777, 55.730138], [37.075769, 55.729851], [37.079016, 55.728348], [37.08095, 55.72792], [37.085251, 55.727857], [37.088469, 55.72721], [37.088786, 55.727792], [37.08971, 55.727584], [37.093231, 55.727695], [37.093828, 55.728128], [37.094342, 55.728142], [37.095059, 55.728079], [37.096223, 55.726332], [37.096969, 55.725969], [37.098773, 55.725809], [37.101746, 55.725457], [37.101774, 55.725693], [37.101856, 55.725774], [37.10329, 55.725823], [37.103694, 55.72605], [37.104083, 55.72631], [37.105248, 55.726392], [37.108028, 55.726294], [37.108163, 55.726254], [37.110471, 55.726453], [37.111241, 55.72658], [37.112549, 55.726981], [37.113256, 55.727285], [37.11392, 55.727653], [37.114541, 55.727816], [37.114892, 55.728008], [37.115248, 55.728241], [37.115257, 55.728395], [37.115878, 55.728794], [37.115964, 55.728745], [37.117215, 55.729579], [37.119303, 55.730912], [37.119818, 55.731199], [37.120337, 55.731676], [37.120669, 55.732732], [37.119539, 55.734723], [37.115969, 55.736104], [37.114435, 55.734739], [37.11252, 55.733108], [37.111067, 55.732185], [37.110769, 55.732605], [37.110327, 55.733125], [37.10808, 55.73437], [37.107917, 55.734566], [37.107748, 55.734687], [37.106473, 55.734157], [37.105771, 55.733937], [37.105266, 55.733842], [37.104804, 55.733804], [37.104198, 55.733848], [37.103679, 55.733921], [37.103207, 55.734027], [37.102967, 55.734124], [37.102697, 55.73397], [37.105247, 55.732518], [37.105059, 55.732377], [37.103823, 55.732507], [37.103246, 55.732491], [37.101442, 55.732101], [37.101389, 55.73203], [37.10099, 55.731873], [37.100008, 55.731635], [37.097021, 55.731556], [37.096314, 55.731586], [37.09615, 55.730817], [37.09691, 55.730784], [37.096713, 55.730514], [37.095886, 55.730481], [37.095833, 55.730356], [37.095279, 55.729644], [37.094558, 55.729102], [37.094366, 55.728563], [37.092951, 55.729297], [37.091373, 55.730159], [37.090714, 55.730302], [37.088675, 55.730416], [37.08779, 55.7306], [37.087251, 55.73076], [37.085928, 55.731464], [37.084778, 55.731898], [37.083792, 55.732139], [37.082445, 55.732461], [37.082051, 55.732672], [37.080733, 55.733802], [37.080261, 55.734362], [37.079597, 55.735294], [37.080117, 55.735045], [37.080511, 55.73527], [37.080155, 55.735392], [37.080151, 55.735538], [37.079814, 55.735635], [37.081257, 55.73602], [37.081637, 55.73605], [37.082561, 55.737274], [37.084225, 55.738736], [37.084552, 55.739048], [37.084307, 55.739105], [37.084865, 55.739887], [37.084899, 55.740115], [37.085457, 55.740616], [37.086043, 55.741599], [37.088381, 55.741406], [37.089598, 55.741211], [37.089897, 55.741271], [37.092663, 55.743622], [37.093226, 55.743454], [37.094289, 55.743562], [37.094796, 55.743573], [37.095525, 55.743589], [37.097184, 55.743781], [37.098382, 55.743578], [37.104665, 55.742257], [37.106757, 55.741832], [37.107388, 55.741574], [37.112068, 55.738999], [37.112006, 55.738463], [37.111626, 55.738008], [37.111967, 55.737894], [37.11291, 55.737721], [37.116402, 55.737504], [37.116922, 55.736586], [37.122016, 55.734861], [37.121732, 55.734013], [37.121588, 55.733888], [37.122858, 55.732867], [37.12687, 55.728826], [37.127775, 55.728082], [37.126227, 55.726987], [37.12497, 55.726429], [37.122985, 55.725675], [37.121879, 55.725168], [37.121691, 55.725], [37.120151, 55.724221], [37.11929, 55.723861], [37.119271, 55.723824], [37.120942, 55.72253], [37.121101, 55.722319], [37.122254, 55.721648], [37.123073, 55.721197], [37.120384, 55.720214], [37.119484, 55.720013], [37.118898, 55.720823], [37.118561, 55.720761], [37.116738, 55.71994], [37.114868, 55.718593], [37.112087, 55.717063], [37.112533, 55.716707], [37.113009, 55.716103], [37.110796, 55.715915], [37.107667, 55.715638], [37.107676, 55.716064], [37.106582, 55.715801], [37.105807, 55.715787], [37.105769, 55.715933], [37.10562, 55.716134], [37.104118, 55.716368], [37.100921, 55.716289], [37.10068, 55.716226], [37.096402, 55.7163], [37.096399, 55.715583], [37.093865, 55.715663], [37.091605, 55.715636], [37.091605, 55.715577], [37.085505, 55.715347], [37.081036, 55.715299], [37.080232, 55.715247], [37.079251, 55.715131], [37.079237, 55.715187], [37.078683, 55.715103], [37.077601, 55.715857], [37.075441, 55.717404], [37.072723, 55.719349], [37.069486, 55.721639], [37.068216, 55.722481], [37.067831, 55.722628], [37.065411, 55.721723], [37.063304, 55.721178], [37.061654, 55.720374], [37.060139, 55.718883], [37.059639, 55.717569], [37.059648, 55.715764], [37.059182, 55.713402], [37.058393, 55.712052], [37.056608, 55.710686], [37.05454, 55.709757], [37.052303, 55.709312], [37.046482, 55.709071], [37.039969, 55.708843], [37.037944, 55.709174], [37.036789, 55.709762], [37.035394, 55.711066], [37.034235, 55.713253], [37.03384, 55.713987], [37.032686, 55.713751], [37.02889, 55.712646], [37.028404, 55.7126], [37.027515, 55.712328], [37.026663, 55.711852], [37.025162, 55.710499], [37.024662, 55.709727], [37.026196, 55.709532], [37.026307, 55.709589], [37.026644, 55.709559], [37.027029, 55.709971], [37.026293, 55.710318], [37.026716, 55.710827], [37.027563, 55.710491], [37.028457, 55.711033], [37.028318, 55.711557], [37.028937, 55.711837], [37.029148, 55.711818], [37.03127, 55.710361], [37.032644, 55.709338], [37.033032, 55.7092], [37.033304, 55.709005], [37.033665, 55.708449], [37.03527, 55.707502], [37.03508, 55.707119], [37.034216, 55.707142], [37.034134, 55.707195], [37.03378, 55.707199], [37.03376, 55.70682], [37.034406, 55.706812], [37.034352, 55.706322], [37.034699, 55.706306], [37.034692, 55.70623], [37.029046, 55.706268], [37.025617, 55.706329], [37.023474, 55.706433], [37.023154, 55.706337], [37.020331, 55.706479], [37.020344, 55.706797], [37.020106, 55.706793], [37.020086, 55.706479], [37.017412, 55.706555], [37.017235, 55.705367], [37.01365, 55.705302], [37.011065, 55.705321], [37.004174, 55.705413], [37.003711, 55.706034], [37.003221, 55.706237], [37.002357, 55.706249], [37.002902, 55.706851], [37.002922, 55.707004], [37.001452, 55.70705], [37.000799, 55.707146], [37.00016, 55.707391], [36.995636, 55.710009], [36.992044, 55.71209], [36.992853, 55.712301], [36.992969, 55.712201], [36.993717, 55.712316], [36.99401, 55.711998], [36.995881, 55.712312], [36.996126, 55.712071], [36.997908, 55.712477], [36.99803, 55.712289], [36.997949, 55.711883], [36.997969, 55.711323], [36.997507, 55.711059], [36.997752, 55.710806], [36.99782, 55.71081], [36.998139, 55.710507], [36.998527, 55.710235], [36.999412, 55.709307], [36.99969, 55.708886], [37.000242, 55.707885], [37.002044, 55.708085], [37.001929, 55.709192], [37.001942, 55.709583], [37.002119, 55.709737], [37.002344, 55.709786], [37.002935, 55.709875], [37.003364, 55.710749], [37.001915, 55.711009], [37.001514, 55.711151], [37.00167, 55.711377], [37.002004, 55.711599], [37.002078, 55.711937], [37.000935, 55.711933], [37.000616, 55.711745], [37.000377, 55.711515], [37.000017, 55.711561], [36.999262, 55.712324], [36.999289, 55.71245], [36.999105, 55.712485], [36.999105, 55.71268], [36.998976, 55.713186], [36.999507, 55.713447], [37.002207, 55.713841], [37.002976, 55.714163], [37.003351, 55.713803], [37.004126, 55.714225], [37.004235, 55.714351], [37.003799, 55.714562], [37.004072, 55.714654], [37.005024, 55.715259], [37.005058, 55.715447], [37.006691, 55.71583], [37.007119, 55.715378], [37.007344, 55.715275], [37.007813, 55.71475], [37.011024, 55.715229], [37.011936, 55.71465], [37.013222, 55.712159], [37.013024, 55.710354], [37.011086, 55.710404], [37.009432, 55.707491], [37.013521, 55.707295], [37.013521, 55.706785], [37.015235, 55.706682], [37.015235, 55.706601], [37.015861, 55.706601], [37.015963, 55.707195], [37.018868, 55.707165], [37.018875, 55.707119], [37.020086, 55.707104], [37.02014, 55.707736], [37.020242, 55.707993], [37.021018, 55.70815], [37.022549, 55.709108], [37.022018, 55.709706], [37.019474, 55.709741], [37.019521, 55.71025], [37.014807, 55.710365], [37.014861, 55.711224], [37.014956, 55.711228], [37.015269, 55.7115], [37.016419, 55.713389], [37.016671, 55.713899], [37.017372, 55.715662], [37.014759, 55.716217], [37.011671, 55.715865], [37.011916, 55.716509], [37.0128, 55.718566], [37.01197, 55.720291], [37.01214, 55.720425], [37.011378, 55.720452], [37.010834, 55.720275], [37.010364, 55.719865], [37.009664, 55.719701], [37.008874, 55.71985], [37.008324, 55.719819], [37.008902, 55.721754], [37.009208, 55.722248], [37.009358, 55.722689], [37.009324, 55.722984], [37.008834, 55.723103], [37.007058, 55.723203], [37.006963, 55.723421], [37.006541, 55.723681], [37.006718, 55.724793], [37.006073, 55.725324], [37.004534, 55.72482], [37.000358, 55.72326], [36.999887, 55.722957], [36.99905, 55.72132], [36.998983, 55.721049], [36.998059, 55.72002], [36.997588, 55.719667], [36.996702, 55.719261], [36.995904, 55.718995], [36.995182, 55.718882], [36.992873, 55.718822], [36.991238, 55.718947], [36.990988, 55.719093], [36.988323, 55.720123], [36.985205, 55.721342], [36.984648, 55.720946], [36.983426, 55.721494], [36.981569, 55.722545], [36.978692, 55.723374], [36.978076, 55.723433], [36.978028, 55.72339], [36.977403, 55.723515], [36.977365, 55.724197], [36.976855, 55.724306], [36.976297, 55.724154], [36.975161, 55.725086], [36.974353, 55.725303], [36.972862, 55.725595], [36.972227, 55.725785], [36.971149, 55.726354], [36.970649, 55.726543], [36.97037, 55.726695], [36.970226, 55.72663], [36.96885, 55.727432], [36.968225, 55.727632], [36.967994, 55.727806], [36.966897, 55.728055], [36.966445, 55.728055], [36.966137, 55.727957], [36.963356, 55.727746], [36.962567, 55.727773], [36.962221, 55.727957], [36.963395, 55.729507], [36.962548, 55.729691], [36.962086, 55.729929], [36.96275, 55.731246], [36.962844, 55.732603], [36.962856, 55.732779], [36.96327, 55.733716], [36.964684, 55.735092], [36.965252, 55.735449], [36.967185, 55.736024], [36.97063, 55.736365], [36.973843, 55.736257], [36.977672, 55.735558], [36.979722, 55.734756], [36.980395, 55.733998], [36.980713, 55.73318], [36.980357, 55.732746], [36.980665, 55.732113], [36.982723, 55.730179], [36.983916, 55.72955], [36.984513, 55.728689], [36.984975, 55.727334], [36.985237, 55.727332], [36.985648, 55.727329], [36.987717, 55.728597], [36.992258, 55.73084], [36.993554, 55.731561], [36.992727, 55.732146], [36.991111, 55.733229], [36.991159, 55.733254], [36.990856, 55.733462], [36.992241, 55.734196], [36.99543, 55.735919], [36.994271, 55.736528], [36.99494, 55.73688], [36.995445, 55.736642], [36.996013, 55.736961], [36.996595, 55.736634], [36.999356, 55.738356], [37.002343, 55.735131], [37.003171, 55.735171], [37.004729, 55.737438], [37.005114, 55.738015], [37.005686, 55.739656], [37.004551, 55.73987], [37.003748, 55.739908], [37.002545, 55.73984], [36.998702, 55.739001], [36.995902, 55.738389], [36.995344, 55.73834], [36.994382, 55.738018], [36.99353, 55.737435], [36.992217, 55.736274], [36.991808, 55.735922], [36.9924, 55.735621], [36.991332, 55.734968], [36.99088, 55.734624], [36.9901, 55.735066], [36.989557, 55.734738], [36.987849, 55.73577], [36.986473, 55.736607], [36.986368, 55.736615], [36.985608, 55.737032], [36.985295, 55.737468], [36.984554, 55.738188], [36.984439, 55.738161], [36.984256, 55.738335], [36.983953, 55.73853], [36.988109, 55.739356], [36.9886, 55.739407], [36.989023, 55.739412], [36.989571, 55.739388], [36.989922, 55.739347], [36.990067, 55.739575], [36.990399, 55.739718], [36.990615, 55.739589], [36.99112, 55.739599], [36.99252, 55.739848], [36.994093, 55.740582], [36.992794, 55.741416], [36.990466, 55.741847], [36.990178, 55.741844], [36.989143, 55.741452], [36.990567, 55.739916], [36.990052, 55.739648], [36.989793, 55.73964], [36.989668, 55.739605], [36.989345, 55.739629], [36.988619, 55.739624], [36.987998, 55.739556], [36.986541, 55.73928], [36.983238, 55.738794], [36.982811, 55.73921], [36.982291, 55.739044], [36.982291, 55.739017], [36.982094, 55.738968], [36.982171, 55.738855], [36.981382, 55.738666], [36.981235, 55.739025], [36.980686, 55.739583], [36.980181, 55.739962], [36.979662, 55.740431], [36.978637, 55.741276], [36.977584, 55.742156], [36.974321, 55.741106], [36.975466, 55.74009], [36.97486, 55.739838], [36.974889, 55.7396], [36.975187, 55.739681], [36.975336, 55.739416], [36.975154, 55.739373], [36.975221, 55.739218], [36.975346, 55.739245], [36.975578, 55.739012], [36.97591, 55.738679], [36.97618, 55.738733], [36.976391, 55.738422], [36.973712, 55.738291], [36.972914, 55.738218], [36.971921, 55.738088], [36.970456, 55.737792], [36.968214, 55.737321], [36.96384, 55.73616], [36.963648, 55.735903], [36.963624, 55.735469], [36.963879, 55.735095], [36.963542, 55.734985], [36.962936, 55.734305], [36.962724, 55.733936], [36.962416, 55.733606], [36.962113, 55.733113], [36.961998, 55.732753], [36.960636, 55.732666], [36.957803, 55.73249], [36.956134, 55.732382], [36.95345, 55.732127], [36.95013, 55.731959], [36.948254, 55.731813], [36.947672, 55.731761], [36.947438, 55.733092], [36.947274, 55.733889], [36.946927, 55.734536], [36.946906, 55.73472], [36.947185, 55.734907], [36.947138, 55.734942], [36.947138, 55.735708], [36.947002, 55.735888], [36.946784, 55.73598], [36.946464, 55.736393], [36.946294, 55.736505], [36.946286, 55.736617], [36.944033, 55.736687], [36.9434, 55.736733], [36.938468, 55.73689], [36.935488, 55.736993], [36.936318, 55.739418], [36.936978, 55.739387], [36.937441, 55.739142], [36.94008, 55.738728], [36.940597, 55.738724], [36.941033, 55.738809], [36.941182, 55.738947], [36.94142, 55.741535], [36.941475, 55.742229], [36.942985, 55.741987], [36.944237, 55.743152], [36.943584, 55.743305], [36.945802, 55.74548], [36.945237, 55.746916], [36.946305, 55.747425], [36.945112, 55.748039], [36.945078, 55.748196], [36.945507, 55.748551], [36.945757, 55.748637], [36.946594, 55.749087], [36.946801, 55.748949], [36.947248, 55.749146], [36.948912, 55.749996], [36.948441, 55.750281], [36.948888, 55.750467], [36.948763, 55.750603], [36.94858, 55.750743], [36.949114, 55.751158], [36.949023, 55.751336], [36.948729, 55.751729], [36.948643, 55.751721], [36.948556, 55.751824], [36.946599, 55.751272], [36.94617, 55.751204], [36.945583, 55.75181], [36.945223, 55.752306], [36.944347, 55.753651], [36.944198, 55.754666], [36.941648, 55.754322], [36.941394, 55.753919], [36.93996, 55.753773], [36.938613, 55.753868], [36.938166, 55.753927], [36.938065, 55.753711], [36.937795, 55.752904], [36.937435, 55.75178], [36.937353, 55.751778], [36.937295, 55.751577], [36.937367, 55.751556], [36.936689, 55.749498], [36.936174, 55.748006], [36.935789, 55.746961], [36.935626, 55.746455], [36.935308, 55.745832], [36.935164, 55.745069], [36.935058, 55.744714], [36.934962, 55.744719], [36.93496, 55.744589], [36.935017, 55.744587], [36.93481, 55.743988], [36.934243, 55.743225], [36.933661, 55.742607], [36.933341, 55.74236], [36.932984, 55.742097], [36.932314, 55.741661], [36.931443, 55.741123], [36.930923, 55.740826], [36.930821, 55.740705], [36.930042, 55.74024], [36.92948, 55.739874], [36.92764, 55.738739], [36.925552, 55.737509], [36.924956, 55.73717], [36.924865, 55.737174], [36.924766, 55.737109], [36.924763, 55.737048], [36.924283, 55.736766], [36.924069, 55.736766], [36.924045, 55.736722], [36.918478, 55.736824], [36.916697, 55.736824], [36.916409, 55.73681], [36.914964, 55.736633], [36.913158, 55.736389], [36.911802, 55.73617], [36.911434, 55.736125], [36.911122, 55.736123], [36.910903, 55.736203], [36.910684, 55.736358], [36.910532, 55.736553], [36.91051, 55.736749], [36.910712, 55.737376], [36.910811, 55.737787], [36.910925, 55.738316], [36.910893, 55.738466], [36.910711, 55.738576], [36.910553, 55.738632], [36.910366, 55.738788], [36.910005, 55.738873], [36.909801, 55.738979], [36.909702, 55.739069], [36.909506, 55.739379], [36.909258, 55.740061], [36.909129, 55.740257], [36.908611, 55.740918], [36.908333, 55.741236], [36.908208, 55.741307], [36.908051, 55.74134], [36.907726, 55.741336], [36.907373, 55.741304], [36.906245, 55.74129], [36.905172, 55.741232], [36.905073, 55.740979], [36.905069, 55.740826], [36.905124, 55.740743], [36.905336, 55.740635], [36.905557, 55.740529], [36.905699, 55.740436], [36.905896, 55.740195], [36.906084, 55.739997], [36.906269, 55.739881], [36.906533, 55.739689], [36.90668, 55.739533], [36.906796, 55.739366], [36.90693, 55.739118], [36.90707, 55.738754], [36.907135, 55.738492], [36.908119, 55.738542], [36.910506, 55.738573], [36.91066, 55.738534], [36.910809, 55.738444], [36.910836, 55.738316], [36.910724, 55.737793], [36.910626, 55.737383], [36.910421, 55.736752], [36.910445, 55.736541], [36.910609, 55.736332], [36.910843, 55.736166], [36.911097, 55.736073], [36.911443, 55.736076], [36.911823, 55.736122], [36.91318, 55.736341], [36.914984, 55.736585], [36.916422, 55.736761], [36.916701, 55.736775], [36.918476, 55.736775], [36.924018, 55.736672], [36.92398, 55.736569], [36.922113, 55.734023], [36.922046, 55.734001], [36.922104, 55.733706], [36.921964, 55.733679], [36.92117, 55.732828], [36.921103, 55.732717], [36.917971, 55.733286], [36.917832, 55.732904], [36.918337, 55.7324], [36.91939, 55.731247], [36.918914, 55.731049], [36.918842, 55.731396], [36.917755, 55.732078], [36.917033, 55.732387], [36.916086, 55.732625], [36.914195, 55.732839], [36.913445, 55.732812], [36.912516, 55.732693], [36.9109, 55.732449], [36.910068, 55.73227], [36.909808, 55.732184], [36.909303, 55.732092], [36.908913, 55.732159], [36.907638, 55.732243], [36.905373, 55.732238], [36.904074, 55.732151], [36.901563, 55.732409], [36.899153, 55.732828], [36.897205, 55.73311], [36.896065, 55.733273], [36.894025, 55.733332], [36.892426, 55.733367], [36.889575, 55.733027], [36.88914, 55.733639], [36.888079, 55.734436]]], [[[37.36526, 55.771728], [37.365388, 55.771812], [37.375062, 55.767319], [37.38186, 55.764224], [37.397121, 55.756796], [37.407094, 55.752005], [37.422121, 55.744831], [37.42765, 55.748209], [37.428475, 55.747725], [37.429289, 55.747556], [37.431572, 55.745687], [37.431117, 55.745276], [37.432147, 55.744696], [37.433091, 55.742709], [37.435748, 55.741553], [37.437274, 55.74079], [37.4397, 55.739677], [37.439988, 55.739231], [37.439877, 55.738506], [37.437971, 55.737174], [37.44173, 55.735304], [37.442331, 55.734966], [37.443447, 55.734241], [37.444202, 55.733579], [37.444777, 55.732936], [37.445201, 55.732387], [37.445448, 55.731941], [37.445678, 55.731438], [37.446811, 55.72878], [37.447672, 55.726769], [37.447124, 55.726755], [37.444836, 55.726769], [37.441991, 55.726793], [37.441383, 55.726788], [37.440476, 55.726811], [37.440088, 55.726816], [37.438642, 55.72683], [37.437946, 55.726874], [37.430521, 55.726913], [37.430005, 55.726918], [37.425926, 55.726954], [37.423856, 55.726977], [37.417992, 55.727007], [37.417, 55.726998], [37.415853, 55.727003], [37.41465, 55.727009], [37.4142, 55.72701], [37.413736, 55.727041], [37.413552, 55.72705], [37.413405, 55.727064], [37.413196, 55.727081], [37.413084, 55.727094], [37.412535, 55.727131], [37.412008, 55.727183], [37.41137, 55.727272], [37.410408, 55.7274], [37.408503, 55.727659], [37.407315, 55.727821], [37.406849, 55.727885], [37.401382, 55.728615], [37.398457, 55.72899], [37.39375, 55.729628], [37.392488, 55.729791], [37.392063, 55.729836], [37.391605, 55.729877], [37.390854, 55.729921], [37.390111, 55.729931], [37.389435, 55.729912], [37.388877, 55.729885], [37.388349, 55.729833], [37.387254, 55.729708], [37.386187, 55.729509], [37.384261, 55.729076], [37.383587, 55.728943], [37.382746, 55.728798], [37.382407, 55.728752], [37.381909, 55.728704], [37.380879, 55.72869], [37.37976, 55.728709], [37.379205, 55.728758], [37.378555, 55.728838], [37.377662, 55.728991], [37.377204, 55.72908], [37.377111, 55.729262], [37.376631, 55.730279], [37.375743, 55.731887], [37.374796, 55.731874], [37.374181, 55.732151], [37.373982, 55.732513], [37.373957, 55.732715], [37.373984, 55.732932], [37.374135, 55.733271], [37.374369, 55.73381], [37.374444, 55.734088], [37.374518, 55.734325], [37.374133, 55.735085], [37.37394, 55.735619], [37.373555, 55.736494], [37.371348, 55.740804], [37.370409, 55.742527], [37.370016, 55.743396], [37.368948, 55.745982], [37.368577, 55.747868], [37.368312, 55.75013], [37.368302, 55.751943], [37.368467, 55.75598], [37.368565, 55.756876], [37.368544, 55.757775], [37.368541, 55.758676], [37.368491, 55.759573], [37.368591, 55.760464], [37.368456, 55.76126], [37.368489, 55.762557], [37.368337, 55.76264], [37.368155, 55.762733], [37.367872, 55.763037], [37.367929, 55.763206], [37.368008, 55.763346], [37.368076, 55.763484], [37.368128, 55.763622], [37.368156, 55.763776], [37.368143, 55.763839], [37.368077, 55.763951], [37.368027, 55.764051], [37.367905, 55.764136], [37.367672, 55.764199], [37.367497, 55.764234], [37.367285, 55.764263], [37.367011, 55.764292], [37.366728, 55.764319], [37.366547, 55.764292], [37.366285, 55.764289], [37.365736, 55.764205], [37.365612, 55.764412], [37.365635, 55.764415], [37.365808, 55.764437], [37.366306, 55.764607], [37.366519, 55.764881], [37.366544, 55.764944], [37.366409, 55.764925], [37.366414, 55.764936], [37.366496, 55.765096], [37.366554, 55.765258], [37.366582, 55.765369], [37.366637, 55.765475], [37.36673, 55.765621], [37.366839, 55.765736], [37.366901, 55.765798], [37.367103, 55.765927], [37.367222, 55.766021], [37.367397, 55.766156], [37.36758, 55.766279], [37.367767, 55.766386], [37.367949, 55.766499], [37.368155, 55.76664], [37.368351, 55.766755], [37.368508, 55.766867], [37.368608, 55.766941], [37.368654, 55.768504], [37.368644, 55.76869], [37.368538, 55.768858], [37.368434, 55.76893], [37.368298, 55.769029], [37.368132, 55.769141], [37.367958, 55.769251], [37.367761, 55.769379], [37.367562, 55.769495], [37.367373, 55.769621], [37.367162, 55.769751], [37.367027, 55.769773], [37.366884, 55.769795], [37.366707, 55.769881], [37.366527, 55.770008], [37.366456, 55.770103], [37.366399, 55.770252], [37.36641, 55.770368], [37.366528, 55.770535], [37.36662, 55.770684], [37.366769, 55.770836], [37.366756, 55.770903], [37.366688, 55.770968], [37.366543, 55.771044], [37.366357, 55.771144], [37.366108, 55.771264], [37.365861, 55.771381], [37.365647, 55.771502], [37.365418, 55.771636], [37.36526, 55.771728]]], [[[37.334486, 55.799611], [37.334498, 55.799962], [37.334999, 55.801097], [37.336104, 55.802066], [37.342776, 55.805111], [37.347376, 55.806562], [37.351141, 55.805814], [37.358129, 55.803739], [37.359121, 55.801285], [37.357335, 55.800325], [37.354119, 55.798919], [37.353642, 55.797223], [37.348733, 55.796382], [37.353109, 55.794368], [37.357817, 55.792568], [37.360613, 55.791681], [37.361184, 55.791616], [37.367265, 55.790359], [37.368356, 55.789974], [37.368766, 55.789735], [37.369174, 55.789449], [37.369872, 55.788911], [37.370052, 55.788777], [37.370312, 55.788566], [37.370451, 55.788434], [37.370544, 55.788323], [37.370601, 55.788192], [37.369196, 55.787677], [37.367734, 55.787172], [37.367113, 55.786963], [37.366542, 55.786714], [37.364794, 55.786086], [37.361635, 55.785058], [37.359386, 55.784086], [37.360712, 55.783265], [37.3607, 55.783139], [37.360605, 55.783065], [37.359504, 55.782418], [37.359632, 55.782332], [37.358251, 55.781491], [37.358145, 55.781575], [37.358262, 55.781699], [37.358294, 55.781799], [37.358237, 55.781835], [37.356628, 55.78084], [37.35553, 55.780144], [37.354286, 55.779347], [37.352232, 55.778027], [37.352453, 55.777816], [37.352194, 55.77768], [37.35239, 55.77751], [37.352254, 55.77647], [37.352463, 55.774321], [37.352478, 55.774167], [37.35244, 55.773762], [37.350631, 55.772879], [37.350201, 55.772409], [37.348638, 55.770733], [37.348743, 55.770685], [37.348469, 55.770175], [37.348106, 55.770081], [37.347734, 55.770162], [37.347392, 55.769818], [37.347067, 55.769551], [37.346419, 55.76957], [37.345916, 55.769557], [37.345728, 55.769593], [37.345004, 55.769734], [37.344515, 55.769756], [37.344501, 55.769347], [37.344497, 55.768598], [37.339861, 55.76902], [37.338344, 55.769277], [37.340333, 55.770404], [37.339254, 55.770599], [37.339516, 55.770718], [37.338284, 55.771291], [37.336654, 55.77118], [37.332302, 55.771934], [37.332031, 55.771544], [37.331959, 55.771375], [37.332044, 55.769983], [37.332092, 55.768857], [37.332111, 55.768689], [37.332338, 55.768688], [37.332412, 55.768296], [37.332246, 55.768248], [37.332248, 55.767984], [37.33054, 55.767846], [37.329645, 55.767426], [37.328719, 55.767293], [37.328549, 55.767294], [37.327349, 55.767224], [37.32718, 55.767207], [37.325542, 55.767106], [37.324072, 55.767019], [37.322954, 55.766958], [37.320702, 55.766821], [37.319273, 55.768972], [37.318937, 55.769506], [37.317423, 55.769291], [37.316035, 55.769149], [37.314359, 55.769125], [37.312756, 55.769081], [37.311442, 55.76945], [37.30991, 55.77], [37.308494, 55.770591], [37.309453, 55.771019], [37.310093, 55.772213], [37.310965, 55.775373], [37.311633, 55.775255], [37.315302, 55.774603], [37.322415, 55.776945], [37.322973, 55.776733], [37.324024, 55.777533], [37.323467, 55.777706], [37.324337, 55.778602], [37.325136, 55.779049], [37.325376, 55.779099], [37.326803, 55.779328], [37.327801, 55.780016], [37.328409, 55.781086], [37.327816, 55.781246], [37.324698, 55.782428], [37.322235, 55.783359], [37.31782, 55.78465], [37.317676, 55.784678], [37.315318, 55.785481], [37.31294, 55.78635], [37.313447, 55.779657], [37.311843, 55.780165], [37.311552, 55.78415], [37.310606, 55.784464], [37.312389, 55.787058], [37.312853, 55.78774], [37.314116, 55.788059], [37.31459, 55.788064], [37.314528, 55.788241], [37.315414, 55.788241], [37.315399, 55.788404], [37.314842, 55.788763], [37.314502, 55.789383], [37.314116, 55.789835], [37.313708, 55.790116], [37.31326, 55.790307], [37.312822, 55.790812], [37.312487, 55.79098], [37.311435, 55.791235], [37.311229, 55.791235], [37.310714, 55.791519], [37.310059, 55.792087], [37.310564, 55.79231], [37.311533, 55.792588], [37.316043, 55.792666], [37.316445, 55.792779], [37.316456, 55.792878], [37.316229, 55.792912], [37.315894, 55.793005], [37.31492, 55.793393], [37.314389, 55.793686], [37.317079, 55.79477], [37.317172, 55.795039], [37.318182, 55.795039], [37.321311, 55.796129], [37.321321, 55.796236], [37.323151, 55.79703], [37.323295, 55.796899], [37.323378, 55.796894], [37.323393, 55.797004], [37.324388, 55.796812], [37.324615, 55.796697], [37.324728, 55.796601], [37.324408, 55.796386], [37.324527, 55.796288], [37.325006, 55.79643], [37.32497, 55.796601], [37.324754, 55.796856], [37.324084, 55.797117], [37.323574, 55.797117], [37.322569, 55.797415], [37.321656, 55.797762], [37.320955, 55.79782], [37.320295, 55.79767], [37.319285, 55.79727], [37.319285, 55.797032], [37.319512, 55.796795], [37.319532, 55.796632], [37.318481, 55.796407], [37.317924, 55.796111], [37.316821, 55.795781], [37.316615, 55.796233], [37.316378, 55.796354], [37.315935, 55.796343], [37.315347, 55.796093], [37.315265, 55.796169], [37.315595, 55.796569], [37.315337, 55.796858], [37.313925, 55.796308], [37.313719, 55.796099], [37.31376, 55.795972], [37.312677, 55.795676], [37.311884, 55.796858], [37.31144, 55.796795], [37.311677, 55.796395], [37.309739, 55.796018], [37.30942, 55.795862], [37.309227, 55.796776], [37.309202, 55.796894], [37.309152, 55.797131], [37.30808, 55.796986], [37.307997, 55.797055], [37.307987, 55.797241], [37.310296, 55.797675], [37.314306, 55.798133], [37.31477, 55.799257], [37.316368, 55.799396], [37.319441, 55.800484], [37.319512, 55.800509], [37.320377, 55.800383], [37.320455, 55.800374], [37.320574, 55.800555], [37.321161, 55.800613], [37.32179, 55.800752], [37.323161, 55.800723], [37.32515, 55.80055], [37.327604, 55.800294], [37.334486, 55.799611]]], [[[37.371747, 55.809242], [37.373075, 55.811276], [37.373586, 55.812142], [37.373863, 55.812592], [37.374885, 55.812425], [37.375063, 55.812385], [37.376498, 55.812066], [37.377474, 55.812676], [37.377969, 55.812371], [37.378301, 55.812181], [37.379208, 55.811648], [37.379704, 55.811491], [37.380197, 55.811319], [37.380221, 55.811267], [37.379991, 55.811015], [37.379664, 55.810671], [37.380573, 55.810654], [37.381081, 55.810645], [37.380728, 55.809657], [37.382373, 55.809524], [37.385051, 55.809307], [37.384948, 55.809012], [37.380722, 55.809391], [37.380618, 55.809009], [37.379794, 55.809061], [37.379392, 55.809148], [37.378641, 55.808366], [37.378084, 55.807785], [37.377842, 55.806987], [37.379123, 55.806544], [37.378572, 55.80568], [37.378233, 55.805679], [37.377246, 55.804192], [37.375329, 55.803227], [37.374509, 55.803703], [37.374348, 55.803797], [37.373801, 55.803556], [37.373562, 55.802987], [37.372338, 55.803161], [37.372383, 55.803293], [37.372094, 55.803353], [37.372546, 55.805675], [37.372827, 55.806433], [37.372959, 55.807453], [37.372773, 55.807975], [37.372868, 55.80861], [37.372793, 55.808685], [37.371747, 55.809242]]]]}}, {"type": "Feature", "properties": {"name": "Можайский", "name_en": "Mozhaysky", "okrug": "ЗАО", "source_name": "Можайский", "okato": "45268569", "oktmo": "45321000"}, "geometry": {"type": "Polygon", "coordinates": [[[37.326096, 55.682857], [37.329091, 55.685496], [37.329244, 55.685616], [37.329706, 55.685446], [37.328735, 55.684607], [37.328707, 55.684475], [37.32685, 55.682946], [37.330946, 55.681539], [37.332472, 55.682915], [37.334049, 55.682026], [37.334868, 55.682475], [37.333555, 55.683253], [37.333954, 55.683937], [37.333999, 55.684085], [37.333926, 55.684215], [37.333724, 55.684326], [37.329428, 55.685786], [37.330745, 55.687041], [37.330653, 55.687073], [37.333487, 55.689683], [37.333853, 55.689558], [37.335464, 55.691025], [37.337955, 55.693306], [37.338627, 55.692518], [37.338654, 55.691318], [37.337889, 55.690005], [37.338019, 55.689638], [37.338735, 55.688758], [37.338735, 55.688702], [37.338696, 55.688697], [37.338712, 55.68867], [37.338764, 55.687736], [37.338914, 55.687654], [37.338918, 55.687306], [37.339259, 55.687337], [37.339259, 55.687749], [37.339711, 55.68795], [37.33987, 55.688183], [37.341989, 55.688549], [37.341989, 55.688625], [37.342457, 55.688675], [37.342377, 55.689014], [37.342639, 55.689091], [37.343346, 55.689126], [37.343869, 55.689176], [37.343917, 55.68935], [37.343748, 55.689538], [37.343877, 55.690591], [37.34244, 55.692375], [37.342592, 55.693863], [37.342895, 55.694305], [37.342975, 55.694511], [37.343568, 55.696032], [37.344702, 55.697879], [37.345094, 55.698271], [37.347328, 55.697601], [37.351802, 55.700055], [37.351651, 55.701786], [37.351524, 55.701849], [37.351564, 55.702242], [37.356053, 55.704683], [37.356367, 55.704531], [37.353988, 55.70309], [37.3541, 55.70228], [37.353135, 55.701724], [37.353345, 55.700353], [37.355634, 55.700442], [37.355713, 55.699379], [37.357497, 55.69943], [37.357643, 55.6985], [37.361661, 55.698652], [37.36143, 55.700509], [37.363248, 55.700566], [37.363315, 55.70173], [37.363484, 55.70173], [37.363484, 55.701445], [37.364438, 55.700756], [37.365627, 55.700806], [37.365616, 55.701173], [37.365403, 55.701369], [37.365223, 55.701382], [37.36483, 55.701736], [37.365347, 55.701749], [37.365605, 55.701888], [37.365919, 55.7024], [37.365986, 55.702792], [37.366447, 55.702938], [37.366693, 55.701989], [37.369122, 55.702351], [37.368395, 55.70416], [37.366155, 55.707003], [37.368935, 55.707409], [37.369198, 55.708405], [37.36844, 55.708452], [37.368352, 55.708223], [37.367553, 55.708209], [37.367409, 55.708017], [37.365039, 55.708048], [37.364132, 55.708822], [37.369445, 55.710363], [37.371921, 55.710832], [37.375562, 55.71142], [37.376106, 55.710622], [37.376616, 55.710603], [37.377451, 55.709294], [37.37747, 55.708748], [37.37763, 55.70402], [37.377901, 55.696929], [37.382014, 55.698537], [37.385447, 55.696969], [37.387886, 55.698104], [37.38983, 55.696949], [37.392162, 55.698423], [37.388646, 55.700793], [37.390484, 55.702436], [37.388239, 55.703233], [37.388562, 55.703556], [37.387941, 55.70432], [37.392477, 55.705919], [37.391998, 55.706375], [37.389706, 55.708123], [37.387878, 55.709936], [37.387034, 55.710773], [37.386661, 55.711148], [37.386437, 55.711265], [37.386245, 55.711357], [37.386038, 55.711459], [37.385825, 55.711556], [37.385597, 55.711662], [37.385409, 55.71174], [37.385102, 55.711853], [37.384836, 55.711935], [37.38454, 55.712036], [37.38431, 55.712111], [37.384036, 55.712185], [37.38375, 55.712278], [37.383478, 55.712365], [37.383199, 55.712459], [37.382962, 55.712533], [37.382767, 55.712598], [37.382635, 55.712639], [37.3823, 55.712682], [37.382011, 55.712653], [37.381562, 55.712603], [37.381352, 55.713094], [37.381492, 55.713125], [37.381676, 55.713172], [37.381838, 55.713232], [37.382021, 55.713322], [37.382223, 55.713434], [37.382395, 55.71355], [37.382537, 55.713654], [37.382718, 55.713785], [37.382879, 55.713898], [37.383052, 55.714016], [37.383201, 55.714115], [37.383406, 55.714246], [37.383549, 55.714336], [37.383715, 55.714447], [37.383845, 55.714547], [37.383987, 55.714671], [37.384066, 55.714779], [37.384091, 55.714813], [37.384138, 55.714878], [37.384233, 55.715025], [37.38431, 55.715166], [37.38344, 55.716856], [37.382481, 55.718719], [37.382412, 55.718853], [37.382409, 55.718858], [37.381124, 55.721383], [37.380939, 55.721527], [37.380755, 55.721663], [37.380575, 55.721805], [37.380438, 55.721948], [37.380307, 55.722099], [37.380187, 55.722245], [37.380032, 55.722395], [37.379867, 55.722533], [37.37969, 55.722664], [37.379512, 55.722812], [37.379328, 55.722962], [37.379105, 55.723107], [37.378889, 55.723224], [37.37872, 55.723288], [37.378454, 55.723338], [37.378478, 55.723753], [37.378661, 55.723766], [37.378846, 55.723815], [37.378977, 55.723922], [37.379091, 55.724023], [37.379215, 55.724195], [37.379245, 55.724294], [37.379214, 55.724677], [37.379268, 55.725019], [37.378369, 55.726794], [37.377204, 55.72908], [37.377662, 55.728991], [37.378555, 55.728838], [37.379205, 55.728758], [37.37976, 55.728709], [37.380879, 55.72869], [37.381909, 55.728704], [37.382407, 55.728752], [37.382746, 55.728798], [37.383587, 55.728943], [37.384261, 55.729076], [37.386187, 55.729509], [37.387254, 55.729708], [37.388349, 55.729833], [37.388877, 55.729885], [37.389435, 55.729912], [37.390111, 55.729931], [37.390854, 55.729921], [37.391605, 55.729877], [37.392063, 55.729836], [37.392488, 55.729791], [37.39375, 55.729628], [37.398457, 55.72899], [37.401382, 55.728615], [37.406849, 55.727885], [37.407315, 55.727821], [37.408503, 55.727659], [37.410408, 55.7274], [37.41137, 55.727272], [37.412008, 55.727183], [37.412535, 55.727131], [37.413084, 55.727094], [37.413196, 55.727081], [37.413405, 55.727064], [37.413552, 55.72705], [37.413736, 55.727041], [37.4142, 55.72701], [37.41465, 55.727009], [37.415853, 55.727003], [37.417, 55.726998], [37.417992, 55.727007], [37.423856, 55.726977], [37.425926, 55.726954], [37.430005, 55.726918], [37.430521, 55.726913], [37.437946, 55.726874], [37.438642, 55.72683], [37.440088, 55.726816], [37.440476, 55.726811], [37.441383, 55.726788], [37.441991, 55.726793], [37.444836, 55.726769], [37.447124, 55.726755], [37.447672, 55.726769], [37.449149, 55.723439], [37.454374, 55.711399], [37.4547, 55.709959], [37.454962, 55.709104], [37.454843, 55.709099], [37.454627, 55.7091], [37.453878, 55.709158], [37.453001, 55.709234], [37.452278, 55.709284], [37.449801, 55.709444], [37.449259, 55.709472], [37.448734, 55.709499], [37.448694, 55.709394], [37.447918, 55.707019], [37.444511, 55.706122], [37.435518, 55.705738], [37.433369, 55.704495], [37.430589, 55.704164], [37.424045, 55.706994], [37.423949, 55.707122], [37.42128, 55.708066], [37.420802, 55.705889], [37.420495, 55.704552], [37.420289, 55.70456], [37.419631, 55.70468], [37.418768, 55.705005], [37.415903, 55.706082], [37.415866, 55.706056], [37.413994, 55.706753], [37.412582, 55.707352], [37.412021, 55.707568], [37.411975, 55.707528], [37.411962, 55.707446], [37.411971, 55.707355], [37.412023, 55.707203], [37.412051, 55.706991], [37.412041, 55.706865], [37.412013, 55.706789], [37.411954, 55.706712], [37.41182, 55.706638], [37.411561, 55.706512], [37.411418, 55.706463], [37.411305, 55.706447], [37.411244, 55.706431], [37.411012, 55.706314], [37.410847, 55.706236], [37.409157, 55.705184], [37.408611, 55.704832], [37.40802, 55.704434], [37.407696, 55.704261], [37.407304, 55.704089], [37.406812, 55.703894], [37.406647, 55.703825], [37.40654, 55.703768], [37.406196, 55.703508], [37.405998, 55.7034], [37.405852, 55.703317], [37.405375, 55.7031], [37.405047, 55.702991], [37.404664, 55.702824], [37.404556, 55.702765], [37.404461, 55.702678], [37.404385, 55.702574], [37.40437, 55.702532], [37.404373, 55.702496], [37.404395, 55.702431], [37.404509, 55.702233], [37.404616, 55.702073], [37.404709, 55.702], [37.404765, 55.70197], [37.404824, 55.701949], [37.405272, 55.701822], [37.405409, 55.701767], [37.405497, 55.701706], [37.405586, 55.701624], [37.405628, 55.701559], [37.405653, 55.701491], [37.405663, 55.701324], [37.405691, 55.701256], [37.405773, 55.701128], [37.405822, 55.701011], [37.405968, 55.700709], [37.405965, 55.700639], [37.405928, 55.700497], [37.40565, 55.700248], [37.404907, 55.699882], [37.404732, 55.699833], [37.404618, 55.69979], [37.404401, 55.699665], [37.40421, 55.699562], [37.404094, 55.699483], [37.404045, 55.699471], [37.404, 55.699469], [37.403899, 55.699502], [37.403831, 55.699503], [37.403756, 55.699477], [37.403602, 55.699366], [37.403506, 55.699343], [37.403307, 55.699332], [37.403164, 55.699317], [37.403064, 55.699291], [37.402283, 55.698923], [37.402162, 55.698839], [37.401418, 55.698308], [37.400832, 55.697939], [37.399246, 55.697586], [37.398366, 55.697435], [37.397905, 55.697206], [37.397455, 55.696688], [37.397023, 55.696566], [37.396352, 55.696607], [37.395663, 55.696655], [37.395072, 55.696553], [37.394591, 55.696511], [37.39419, 55.696311], [37.393814, 55.696123], [37.393406, 55.696033], [37.393872, 55.695065], [37.393559, 55.694832], [37.390196, 55.696897], [37.384117, 55.693937], [37.383889, 55.693705], [37.383827, 55.693548], [37.383495, 55.693371], [37.383082, 55.693319], [37.382786, 55.693256], [37.378281, 55.690999], [37.377585, 55.690631], [37.375126, 55.688821], [37.371591, 55.689893], [37.373061, 55.690943], [37.367744, 55.691655], [37.366086, 55.690023], [37.365309, 55.690149], [37.364213, 55.690596], [37.363229, 55.689853], [37.36261, 55.688753], [37.364198, 55.688136], [37.363896, 55.687715], [37.359627, 55.688968], [37.361071, 55.690014], [37.359214, 55.690802], [37.359237, 55.691312], [37.358309, 55.691634], [37.357897, 55.69167], [37.357262, 55.690408], [37.356754, 55.689961], [37.356706, 55.689335], [37.356246, 55.688628], [37.355801, 55.687456], [37.356659, 55.687706], [37.355675, 55.686141], [37.355072, 55.685523], [37.3611, 55.682098], [37.358928, 55.679896], [37.358627, 55.679595], [37.358096, 55.679078], [37.357484, 55.679243], [37.356489, 55.678316], [37.354439, 55.676478], [37.349026, 55.678671], [37.346038, 55.676263], [37.334107, 55.680423], [37.333638, 55.680588], [37.33331, 55.680714], [37.331172, 55.681447], [37.331053, 55.681342], [37.330517, 55.681485], [37.329855, 55.681644], [37.329533, 55.681901], [37.329124, 55.681928], [37.326096, 55.682857]]]}}, {"type": "Feature", "properties": {"name": "Ново-Переделкино", "name_en": "Novo-Peredelkino", "okrug": "ЗАО", "source_name": "Ново-Переделкино", "okato": "45268577", "oktmo": "45322000"}, "geometry": {"type": "Polygon", "coordinates": [[[37.329795, 55.639842], [37.330407, 55.64086], [37.329864, 55.641859], [37.330501, 55.64219], [37.330581, 55.642219], [37.330652, 55.64225], [37.331703, 55.644527], [37.332047, 55.645938], [37.330897, 55.647277], [37.330899, 55.647306], [37.331116, 55.647392], [37.332845, 55.648368], [37.334219, 55.649793], [37.334619, 55.650366], [37.335004, 55.650918], [37.336092, 55.651879], [37.33786, 55.652824], [37.340514, 55.653523], [37.342934, 55.65403], [37.343, 55.654046], [37.343057, 55.654058], [37.342966, 55.654091], [37.342872, 55.654142], [37.342829, 55.654192], [37.342777, 55.654327], [37.34273, 55.654434], [37.342694, 55.654509], [37.342636, 55.654592], [37.342575, 55.654676], [37.34254, 55.654751], [37.342502, 55.654808], [37.342325, 55.654888], [37.3422, 55.654969], [37.342126, 55.655027], [37.34211, 55.655063], [37.342126, 55.655116], [37.342216, 55.655208], [37.342345, 55.655313], [37.342382, 55.655379], [37.342383, 55.655413], [37.342382, 55.655451], [37.342366, 55.655497], [37.342298, 55.655562], [37.342225, 55.655613], [37.341873, 55.655779], [37.341776, 55.655845], [37.341697, 55.655955], [37.341606, 55.656007], [37.341529, 55.656066], [37.341501, 55.656128], [37.341484, 55.656301], [37.341463, 55.656386], [37.341358, 55.656472], [37.341346, 55.656516], [37.341353, 55.656559], [37.341365, 55.656612], [37.341397, 55.656683], [37.341681, 55.65678], [37.342656, 55.655997], [37.34346, 55.655576], [37.344067, 55.655376], [37.344979, 55.655537], [37.346277, 55.656293], [37.346027, 55.65644], [37.34611, 55.656478], [37.346042, 55.656526], [37.344389, 55.657432], [37.345152, 55.657997], [37.345423, 55.658295], [37.346396, 55.659128], [37.347019, 55.659458], [37.347141, 55.659493], [37.347135, 55.659563], [37.346067, 55.659706], [37.344094, 55.660128], [37.343888, 55.66009], [37.343025, 55.660151], [37.34203, 55.660129], [37.342243, 55.660225], [37.342275, 55.660269], [37.342355, 55.660336], [37.342431, 55.660408], [37.342513, 55.660497], [37.342579, 55.660583], [37.34262, 55.660632], [37.342692, 55.660691], [37.342748, 55.660748], [37.342865, 55.660842], [37.342989, 55.660938], [37.343065, 55.661002], [37.343122, 55.661051], [37.343156, 55.661103], [37.343176, 55.661159], [37.343198, 55.661209], [37.343227, 55.661267], [37.343275, 55.661334], [37.343333, 55.661418], [37.343358, 55.661483], [37.343387, 55.661516], [37.343442, 55.661566], [37.343486, 55.661603], [37.34353, 55.661624], [37.343586, 55.661642], [37.343623, 55.661648], [37.343709, 55.661663], [37.3438, 55.661678], [37.343846, 55.661705], [37.343872, 55.661732], [37.34388, 55.661762], [37.343862, 55.661799], [37.343839, 55.661819], [37.343803, 55.661837], [37.343758, 55.661857], [37.343714, 55.661892], [37.343668, 55.661961], [37.343635, 55.662022], [37.343615, 55.662061], [37.343604, 55.662101], [37.343608, 55.662144], [37.343646, 55.662197], [37.343663, 55.662235], [37.343693, 55.662268], [37.34373, 55.662302], [37.343769, 55.662331], [37.343813, 55.662354], [37.343853, 55.662371], [37.343903, 55.662386], [37.343974, 55.6624], [37.344044, 55.662409], [37.344112, 55.662418], [37.344166, 55.662435], [37.34418, 55.662461], [37.344589, 55.662426], [37.347653, 55.662031], [37.348107, 55.662822], [37.348296, 55.662791], [37.348491, 55.662906], [37.348229, 55.663983], [37.348132, 55.664193], [37.347963, 55.665702], [37.348047, 55.665829], [37.349778, 55.665565], [37.350155, 55.665428], [37.351497, 55.664891], [37.351702, 55.664877], [37.352291, 55.664604], [37.352964, 55.664171], [37.353582, 55.663724], [37.350509, 55.66241], [37.350509, 55.662029], [37.350555, 55.661809], [37.350431, 55.661796], [37.350238, 55.661198], [37.351587, 55.660821], [37.352888, 55.660338], [37.355029, 55.661146], [37.358452, 55.662576], [37.358244, 55.666045], [37.363364, 55.668662], [37.363904, 55.668918], [37.364617, 55.669124], [37.369042, 55.668919], [37.369999, 55.667997], [37.369941, 55.666924], [37.369834, 55.666718], [37.369917, 55.666203], [37.369799, 55.664207], [37.369605, 55.661039], [37.369971, 55.660544], [37.369765, 55.659519], [37.367854, 55.653205], [37.368214, 55.652997], [37.369243, 55.651774], [37.370742, 55.651063], [37.376072, 55.65106], [37.376711, 55.650986], [37.376943, 55.650659], [37.376943, 55.650479], [37.376725, 55.65029], [37.376972, 55.649578], [37.377001, 55.649177], [37.376362, 55.648702], [37.375898, 55.648694], [37.375869, 55.648153], [37.375345, 55.647925], [37.374538, 55.647518], [37.374366, 55.647358], [37.374547, 55.647203], [37.374881, 55.647068], [37.374847, 55.646826], [37.374555, 55.646525], [37.374332, 55.646341], [37.374315, 55.646201], [37.374332, 55.645993], [37.374152, 55.645639], [37.374006, 55.644912], [37.373549, 55.644986], [37.373052, 55.644851], [37.373233, 55.644382], [37.373502, 55.644086], [37.373702, 55.643864], [37.374495, 55.643508], [37.374495, 55.642915], [37.375221, 55.642209], [37.375833, 55.641939], [37.375776, 55.641723], [37.374418, 55.64093], [37.374533, 55.640752], [37.374266, 55.640439], [37.374315, 55.640093], [37.374327, 55.639667], [37.37433, 55.639237], [37.374176, 55.639149], [37.37403, 55.639159], [37.373884, 55.639106], [37.373858, 55.638975], [37.374004, 55.638825], [37.374236, 55.638646], [37.374407, 55.638486], [37.374639, 55.638394], [37.374811, 55.638345], [37.374879, 55.638268], [37.374759, 55.638171], [37.374459, 55.638093], [37.37445, 55.637996], [37.37457, 55.637861], [37.374759, 55.637667], [37.37494, 55.637551], [37.375377, 55.637861], [37.37554, 55.637841], [37.375498, 55.637638], [37.375369, 55.637493], [37.37548, 55.637313], [37.375626, 55.637202], [37.375498, 55.637032], [37.375343, 55.636969], [37.375309, 55.636805], [37.375549, 55.636645], [37.375824, 55.636591], [37.37609, 55.636572], [37.376467, 55.636436], [37.376613, 55.636238], [37.376837, 55.636088], [37.37712, 55.636063], [37.379433, 55.633707], [37.380952, 55.632687], [37.387117, 55.632255], [37.387074, 55.632219], [37.377874, 55.626337], [37.375642, 55.624938], [37.377568, 55.623935], [37.376403, 55.62323], [37.373804, 55.62457], [37.373342, 55.624817], [37.370684, 55.62538], [37.367912, 55.627914], [37.366108, 55.630547], [37.362382, 55.629788], [37.359859, 55.63138], [37.359826, 55.631394], [37.360147, 55.633272], [37.359731, 55.63386], [37.35884, 55.633775], [37.358356, 55.634076], [37.358503, 55.634565], [37.358251, 55.634758], [37.355598, 55.635236], [37.355283, 55.635359], [37.352991, 55.635432], [37.351551, 55.636077], [37.350639, 55.636237], [37.347392, 55.634433], [37.347006, 55.634297], [37.346465, 55.634109], [37.345505, 55.633889], [37.342552, 55.63316], [37.34212, 55.633788], [37.338859, 55.635394], [37.33855, 55.635488], [37.336056, 55.635179], [37.335962, 55.63543], [37.335616, 55.636108], [37.335484, 55.636096], [37.335326, 55.636646], [37.335341, 55.636648], [37.334406, 55.63848], [37.33244, 55.639548], [37.331537, 55.639459], [37.330347, 55.639324], [37.329795, 55.639842]]]}}, {"type": "Feature", "properties": {"name": "Очаково-Матвеевское", "name_en": "Ochakovo-Matveevskoye", "okrug": "ЗАО", "source_name": "Очаково-Матвеевское", "okato": "45268579", "oktmo": "45323000"}, "geometry": {"type": "Polygon", "coordinates": [[[37.402162, 55.698839], [37.402283, 55.698923], [37.403064, 55.699291], [37.403164, 55.699317], [37.403307, 55.699332], [37.403506, 55.699343], [37.403602, 55.699366], [37.403756, 55.699477], [37.403831, 55.699503], [37.403899, 55.699502], [37.404, 55.699469], [37.404045, 55.699471], [37.404094, 55.699483], [37.40421, 55.699562], [37.404401, 55.699665], [37.404618, 55.69979], [37.404732, 55.699833], [37.404907, 55.699882], [37.40565, 55.700248], [37.405928, 55.700497], [37.405965, 55.700639], [37.405968, 55.700709], [37.405822, 55.701011], [37.405773, 55.701128], [37.405691, 55.701256], [37.405663, 55.701324], [37.405653, 55.701491], [37.405628, 55.701559], [37.405586, 55.701624], [37.405497, 55.701706], [37.405409, 55.701767], [37.405272, 55.701822], [37.404824, 55.701949], [37.404765, 55.70197], [37.404709, 55.702], [37.404616, 55.702073], [37.404509, 55.702233], [37.404395, 55.702431], [37.404373, 55.702496], [37.40437, 55.702532], [37.404385, 55.702574], [37.404461, 55.702678], [37.404556, 55.702765], [37.404664, 55.702824], [37.405047, 55.702991], [37.405375, 55.7031], [37.405852, 55.703317], [37.405998, 55.7034], [37.406196, 55.703508], [37.40654, 55.703768], [37.406647, 55.703825], [37.406812, 55.703894], [37.407304, 55.704089], [37.407696, 55.704261], [37.40802, 55.704434], [37.408611, 55.704832], [37.409157, 55.705184], [37.410847, 55.706236], [37.411012, 55.706314], [37.411244, 55.706431], [37.411305, 55.706447], [37.411418, 55.706463], [37.411561, 55.706512], [37.41182, 55.706638], [37.411954, 55.706712], [37.412013, 55.706789], [37.412041, 55.706865], [37.412051, 55.706991], [37.412023, 55.707203], [37.411971, 55.707355], [37.411962, 55.707446], [37.411975, 55.707528], [37.412021, 55.707568], [37.412582, 55.707352], [37.413994, 55.706753], [37.415866, 55.706056], [37.415903, 55.706082], [37.418768, 55.705005], [37.419631, 55.70468], [37.420289, 55.70456], [37.420495, 55.704552], [37.420802, 55.705889], [37.42128, 55.708066], [37.423949, 55.707122], [37.424045, 55.706994], [37.430589, 55.704164], [37.433369, 55.704495], [37.435518, 55.705738], [37.444511, 55.706122], [37.447918, 55.707019], [37.448694, 55.709394], [37.448734, 55.709499], [37.449259, 55.709472], [37.449801, 55.709444], [37.452278, 55.709284], [37.453001, 55.709234], [37.453878, 55.709158], [37.454627, 55.7091], [37.454843, 55.709099], [37.454962, 55.709104], [37.4547, 55.709959], [37.455377, 55.709985], [37.456114, 55.710066], [37.456629, 55.710053], [37.457077, 55.710154], [37.457375, 55.710246], [37.457716, 55.710324], [37.458051, 55.710341], [37.458393, 55.710322], [37.458644, 55.710312], [37.458962, 55.710293], [37.459271, 55.710293], [37.459733, 55.710406], [37.460078, 55.710486], [37.460431, 55.710783], [37.460459, 55.710975], [37.460792, 55.711073], [37.461347, 55.711111], [37.461854, 55.711167], [37.462234, 55.711131], [37.462521, 55.711059], [37.462883, 55.710863], [37.463408, 55.710578], [37.463715, 55.710304], [37.463914, 55.710247], [37.46409, 55.710312], [37.464132, 55.710375], [37.464402, 55.710421], [37.464715, 55.710642], [37.464973, 55.710825], [37.465091, 55.710872], [37.465383, 55.710916], [37.465651, 55.71102], [37.465705, 55.711159], [37.465654, 55.711263], [37.465519, 55.711323], [37.465415, 55.711476], [37.465508, 55.711574], [37.465798, 55.711615], [37.466082, 55.711493], [37.466228, 55.711434], [37.466448, 55.711409], [37.466661, 55.71132], [37.467017, 55.711423], [37.467365, 55.711637], [37.467582, 55.711809], [37.467765, 55.71198], [37.467931, 55.712117], [37.468024, 55.712238], [37.468028, 55.712418], [37.46787, 55.712609], [37.467691, 55.712716], [37.467518, 55.712791], [37.467371, 55.712807], [37.466973, 55.712811], [37.466691, 55.712893], [37.466412, 55.712972], [37.466121, 55.71296], [37.465774, 55.712967], [37.465348, 55.713102], [37.464944, 55.713234], [37.464837, 55.713268], [37.464658, 55.713281], [37.464181, 55.713311], [37.463997, 55.713331], [37.463863, 55.713388], [37.463757, 55.713446], [37.463657, 55.713538], [37.463622, 55.713726], [37.463694, 55.713831], [37.463801, 55.713922], [37.464114, 55.714112], [37.464351, 55.714251], [37.46457, 55.714349], [37.464718, 55.714487], [37.464953, 55.714635], [37.465125, 55.714764], [37.465237, 55.714842], [37.465328, 55.714915], [37.465452, 55.715003], [37.465612, 55.715155], [37.465718, 55.715218], [37.465857, 55.71527], [37.465992, 55.715336], [37.466206, 55.715428], [37.466453, 55.715503], [37.466636, 55.715565], [37.466818, 55.715611], [37.466942, 55.71561], [37.467047, 55.715577], [37.467235, 55.715443], [37.467313, 55.715355], [37.467579, 55.715241], [37.467852, 55.715162], [37.468023, 55.715099], [37.468147, 55.715061], [37.46824, 55.715007], [37.468466, 55.714881], [37.468577, 55.714819], [37.468666, 55.714644], [37.468699, 55.714546], [37.468664, 55.714416], [37.468517, 55.714323], [37.468123, 55.714181], [37.467961, 55.714101], [37.467911, 55.71392], [37.467948, 55.71376], [37.468022, 55.713665], [37.468219, 55.71362], [37.468478, 55.713602], [37.469034, 55.713592], [37.469468, 55.713628], [37.469967, 55.713688], [37.470087, 55.713748], [37.470291, 55.713893], [37.470515, 55.713918], [37.470644, 55.7139], [37.470885, 55.713795], [37.471147, 55.713721], [37.471308, 55.713749], [37.471437, 55.713817], [37.471515, 55.713915], [37.471547, 55.714124], [37.471453, 55.714238], [37.471296, 55.714301], [37.471071, 55.714347], [37.470995, 55.714447], [37.470731, 55.71464], [37.470698, 55.714806], [37.470729, 55.714917], [37.470834, 55.714982], [37.470972, 55.715012], [37.471306, 55.715079], [37.471476, 55.715186], [37.471541, 55.715406], [37.471539, 55.715479], [37.471494, 55.715557], [37.471356, 55.715637], [37.471123, 55.715687], [37.470965, 55.715721], [37.470751, 55.715748], [37.470613, 55.715784], [37.470589, 55.715841], [37.470661, 55.715936], [37.470802, 55.716011], [37.471301, 55.716092], [37.471466, 55.716124], [37.471632, 55.716189], [37.471909, 55.716375], [37.472038, 55.71663], [37.472082, 55.716988], [37.471979, 55.717117], [37.471804, 55.717271], [37.471576, 55.717388], [37.471213, 55.717542], [37.470786, 55.717874], [37.470592, 55.717973], [37.47034, 55.718053], [37.469941, 55.718086], [37.46963, 55.718094], [37.469446, 55.718143], [37.469279, 55.718241], [37.469132, 55.718503], [37.469109, 55.718671], [37.469111, 55.718828], [37.469197, 55.719003], [37.469427, 55.719199], [37.469637, 55.71931], [37.469737, 55.719344], [37.46984, 55.719362], [37.470202, 55.719403], [37.470348, 55.719405], [37.470507, 55.719379], [37.470597, 55.71932], [37.470754, 55.719162], [37.470915, 55.719007], [37.471269, 55.718733], [37.471449, 55.718647], [37.471835, 55.718456], [37.472017, 55.718417], [37.472199, 55.718416], [37.47247, 55.718555], [37.472725, 55.718752], [37.472858, 55.718801], [37.472913, 55.719034], [37.472846, 55.719313], [37.472854, 55.719499], [37.472949, 55.719656], [37.473087, 55.719794], [37.473244, 55.719921], [37.473405, 55.720007], [37.473801, 55.720162], [37.474159, 55.720375], [37.474466, 55.720546], [37.474901, 55.72076], [37.475374, 55.720955], [37.475784, 55.721141], [37.476318, 55.721363], [37.476609, 55.721468], [37.47676, 55.721529], [37.476877, 55.721538], [37.476936, 55.721533], [37.477, 55.721477], [37.477301, 55.721379], [37.47764, 55.721298], [37.478066, 55.72121], [37.478815, 55.721104], [37.47936, 55.721168], [37.479551, 55.72117], [37.479836, 55.721142], [37.480206, 55.721061], [37.480528, 55.721027], [37.480928, 55.72105], [37.481385, 55.721074], [37.481918, 55.721118], [37.482377, 55.721155], [37.482802, 55.72114], [37.483385, 55.721073], [37.483743, 55.720971], [37.484303, 55.720844], [37.484893, 55.720651], [37.485368, 55.720431], [37.485742, 55.720247], [37.486005, 55.720072], [37.486359, 55.719847], [37.486563, 55.719658], [37.486634, 55.719471], [37.486574, 55.719296], [37.486666, 55.719003], [37.48655, 55.718892], [37.485743, 55.718562], [37.484716, 55.718152], [37.484423, 55.718025], [37.484357, 55.717915], [37.484456, 55.717796], [37.484752, 55.7176], [37.485287, 55.717447], [37.485777, 55.717408], [37.486, 55.717441], [37.486725, 55.717798], [37.487523, 55.718086], [37.487877, 55.718143], [37.488101, 55.718254], [37.488684, 55.718358], [37.48905, 55.718416], [37.489223, 55.718414], [37.489474, 55.718296], [37.48968, 55.718279], [37.490359, 55.718493], [37.49066, 55.71849], [37.491397, 55.718327], [37.49198, 55.718137], [37.492185, 55.71808], [37.492508, 55.718096], [37.492736, 55.718212], [37.493009, 55.718606], [37.493112, 55.718932], [37.493036, 55.719093], [37.492789, 55.719255], [37.492542, 55.719435], [37.492397, 55.719695], [37.492635, 55.720107], [37.493003, 55.72021], [37.493684, 55.720167], [37.493996, 55.720184], [37.494278, 55.720188], [37.494918, 55.720123], [37.493093, 55.717833], [37.493366, 55.715494], [37.492929, 55.713494], [37.490689, 55.709279], [37.488149, 55.70737], [37.47716, 55.702625], [37.471819, 55.699549], [37.469545, 55.698199], [37.467985, 55.696802], [37.466318, 55.694526], [37.46759, 55.693552], [37.468984, 55.692496], [37.470006, 55.691714], [37.473486, 55.689065], [37.477562, 55.685927], [37.476092, 55.685111], [37.475852, 55.684974], [37.473141, 55.683458], [37.472195, 55.682877], [37.471685, 55.682554], [37.470989, 55.682095], [37.470304, 55.681639], [37.46862, 55.680429], [37.467387, 55.679596], [37.465958, 55.678616], [37.464057, 55.677307], [37.462249, 55.676032], [37.46068, 55.674916], [37.458805, 55.673773], [37.456672, 55.672757], [37.45407, 55.671792], [37.452397, 55.671261], [37.451469, 55.670968], [37.448318, 55.670036], [37.447593, 55.669793], [37.446149, 55.669198], [37.445438, 55.66887], [37.444375, 55.668299], [37.443737, 55.667884], [37.443384, 55.667612], [37.44191, 55.666353], [37.44065, 55.66527], [37.440039, 55.664755], [37.439316, 55.66418], [37.438347, 55.663603], [37.436561, 55.662863], [37.434547, 55.662394], [37.432266, 55.662011], [37.430557, 55.663833], [37.428903, 55.665997], [37.418031, 55.680548], [37.417481, 55.680776], [37.417319, 55.68089], [37.417214, 55.680952], [37.417294, 55.680985], [37.416144, 55.681655], [37.415448, 55.682043], [37.415335, 55.682078], [37.415196, 55.6821], [37.415104, 55.68211], [37.414846, 55.682018], [37.414601, 55.681932], [37.414376, 55.681855], [37.414209, 55.682028], [37.414351, 55.682079], [37.414676, 55.6822], [37.414879, 55.682289], [37.41516, 55.682426], [37.415175, 55.682509], [37.41515, 55.682612], [37.415125, 55.682694], [37.415066, 55.682834], [37.414997, 55.682983], [37.414937, 55.683123], [37.414863, 55.683255], [37.414822, 55.683344], [37.414771, 55.683479], [37.414741, 55.683584], [37.414714, 55.683683], [37.414695, 55.683798], [37.414683, 55.683955], [37.414677, 55.684105], [37.414704, 55.684133], [37.414859, 55.684816], [37.414899, 55.684886], [37.414959, 55.684974], [37.41496, 55.685267], [37.414734, 55.685952], [37.414607, 55.685932], [37.413854, 55.687993], [37.413783, 55.688124], [37.413307, 55.6889], [37.412526, 55.690231], [37.412402, 55.690419], [37.412166, 55.690708], [37.411693, 55.691286], [37.410374, 55.692629], [37.408393, 55.694224], [37.404093, 55.697407], [37.402162, 55.698839]]]}}, {"type": "Feature", "properties": {"name": "Проспект Вернадского", "name_en": "Prospekt Vernadskogo", "okrug": "ЗАО", "source_name": "Проспект Вернадского", "okato": "45268581", "oktmo": "45324000"}, "geometry": {"type": "Polygon", "coordinates": [[[37.473715, 55.678872], [37.473779, 55.679255], [37.473823, 55.679502], [37.473835, 55.679974], [37.47394, 55.680505], [37.473971, 55.680667], [37.474267, 55.68115], [37.474389, 55.681353], [37.474568, 55.681539], [37.474941, 55.681927], [37.475661, 55.68239], [37.476045, 55.682478], [37.476284, 55.682704], [37.476671, 55.683419], [37.476818, 55.684238], [37.476092, 55.685111], [37.477562, 55.685927], [37.478186, 55.685404], [37.478972, 55.684676], [37.479439, 55.684149], [37.479892, 55.683554], [37.480675, 55.682267], [37.481381, 55.681126], [37.481482, 55.681142], [37.481575, 55.681167], [37.481651, 55.681186], [37.48171, 55.681201], [37.481735, 55.681255], [37.481764, 55.681311], [37.481981, 55.681373], [37.482223, 55.68143], [37.482746, 55.681767], [37.482788, 55.682014], [37.483231, 55.682235], [37.483685, 55.682497], [37.484608, 55.683062], [37.48467, 55.683062], [37.484781, 55.683046], [37.485179, 55.682818], [37.485418, 55.68268], [37.485603, 55.682523], [37.485992, 55.682351], [37.486207, 55.682227], [37.486286, 55.682198], [37.486681, 55.682384], [37.486788, 55.682416], [37.48701, 55.68244], [37.487228, 55.682412], [37.489795, 55.683769], [37.489902, 55.683822], [37.488347, 55.685732], [37.488286, 55.685806], [37.487528, 55.686728], [37.487106, 55.687231], [37.486996, 55.687381], [37.488208, 55.688281], [37.488672, 55.688615], [37.488678, 55.688615], [37.489463, 55.68817], [37.490596, 55.687817], [37.49144, 55.687374], [37.492544, 55.687086], [37.493248, 55.686873], [37.494071, 55.686636], [37.49432, 55.686626], [37.494724, 55.686626], [37.495118, 55.686655], [37.49529, 55.686728], [37.495479, 55.686805], [37.495599, 55.686897], [37.495762, 55.686965], [37.495977, 55.686965], [37.49608, 55.686931], [37.4962, 55.686912], [37.496294, 55.686926], [37.49638, 55.686999], [37.496646, 55.687124], [37.49699, 55.687381], [37.497702, 55.687816], [37.497831, 55.687899], [37.498054, 55.688029], [37.49832, 55.688097], [37.498603, 55.688107], [37.498723, 55.688174], [37.498921, 55.688189], [37.499024, 55.688131], [37.499093, 55.688015], [37.499178, 55.687899], [37.49923, 55.687845], [37.49935, 55.687855], [37.499487, 55.687932], [37.499693, 55.687952], [37.499951, 55.687952], [37.500157, 55.687918], [37.50026, 55.687855], [37.500466, 55.687865], [37.500758, 55.687899], [37.500981, 55.687899], [37.501152, 55.687874], [37.501444, 55.687836], [37.50165, 55.687807], [37.502045, 55.687758], [37.502311, 55.6877], [37.502543, 55.687671], [37.502783, 55.687632], [37.502955, 55.6877], [37.503058, 55.687758], [37.503195, 55.687831], [37.503315, 55.687816], [37.503504, 55.687865], [37.503676, 55.687913], [37.50383, 55.687961], [37.503976, 55.688068], [37.504027, 55.688096], [37.504139, 55.68816], [37.504208, 55.688165], [37.504285, 55.688136], [37.504328, 55.688049], [37.504414, 55.687976], [37.504568, 55.687899], [37.504912, 55.687869], [37.505401, 55.687826], [37.506036, 55.6877], [37.50638, 55.687507], [37.506697, 55.687342], [37.506946, 55.687115], [37.507161, 55.686853], [37.507289, 55.686631], [37.507332, 55.686336], [37.507315, 55.686026], [37.507178, 55.685741], [37.507092, 55.685407], [37.507032, 55.685179], [37.507023, 55.685034], [37.507083, 55.68487], [37.507246, 55.684623], [37.507547, 55.684197], [37.507916, 55.683757], [37.50819, 55.683568], [37.508585, 55.683486], [37.508946, 55.683312], [37.509152, 55.683089], [37.509375, 55.682803], [37.509469, 55.682445], [37.509461, 55.682092], [37.509401, 55.68185], [37.509152, 55.681681], [37.509066, 55.681516], [37.508638, 55.68119], [37.509013, 55.679805], [37.510138, 55.678843], [37.511662, 55.679731], [37.512129, 55.679443], [37.51427, 55.678276], [37.518819, 55.676111], [37.523699, 55.673847], [37.524003, 55.67372], [37.524138, 55.673665], [37.520094, 55.670885], [37.508958, 55.663381], [37.506543, 55.661778], [37.506709, 55.662935], [37.50636, 55.663056], [37.506156, 55.663265], [37.506052, 55.663435], [37.50584, 55.663594], [37.505662, 55.663689], [37.505663, 55.663788], [37.505632, 55.663861], [37.505466, 55.663922], [37.505263, 55.664021], [37.505191, 55.664127], [37.505084, 55.664273], [37.504612, 55.664454], [37.504247, 55.66443], [37.50399, 55.664527], [37.503711, 55.664551], [37.503603, 55.664781], [37.503303, 55.664914], [37.503003, 55.664914], [37.502809, 55.665011], [37.502488, 55.665083], [37.502552, 55.665229], [37.502577, 55.665393], [37.502493, 55.665495], [37.502293, 55.665574], [37.501908, 55.665664], [37.501758, 55.665906], [37.501715, 55.666039], [37.501801, 55.666112], [37.50176, 55.666211], [37.501606, 55.666392], [37.50156, 55.666461], [37.501508, 55.666557], [37.501243, 55.666681], [37.501243, 55.666802], [37.500986, 55.666814], [37.500835, 55.666899], [37.500556, 55.667008], [37.500256, 55.667092], [37.500277, 55.667262], [37.500363, 55.667443], [37.500256, 55.667698], [37.499998, 55.667831], [37.499848, 55.66794], [37.499569, 55.668073], [37.499248, 55.66829], [37.49869, 55.668557], [37.498432, 55.668714], [37.498132, 55.668726], [37.49766, 55.668787], [37.49708, 55.668847], [37.490983, 55.669943], [37.490656, 55.669826], [37.490456, 55.66975], [37.490267, 55.669691], [37.490092, 55.669642], [37.489776, 55.669604], [37.489254, 55.669619], [37.488743, 55.669652], [37.488027, 55.669735], [37.487636, 55.66968], [37.487464, 55.669688], [37.487177, 55.669665], [37.486843, 55.669581], [37.486647, 55.669603], [37.486531, 55.669669], [37.486209, 55.669769], [37.486017, 55.669799], [37.485818, 55.669889], [37.485683, 55.669987], [37.485538, 55.670054], [37.48511, 55.670053], [37.484631, 55.670218], [37.484383, 55.670353], [37.484147, 55.67051], [37.483806, 55.670679], [37.483753, 55.671147], [37.483404, 55.671436], [37.48327, 55.671592], [37.483107, 55.671722], [37.48265, 55.671777], [37.482506, 55.671899], [37.482485, 55.672098], [37.482496, 55.67227], [37.482453, 55.672425], [37.482328, 55.672633], [37.48188, 55.673179], [37.481726, 55.673507], [37.481732, 55.673658], [37.481695, 55.673803], [37.481461, 55.674019], [37.480573, 55.675072], [37.479959, 55.675756], [37.478767, 55.676651], [37.478578, 55.676814], [37.478063, 55.67744], [37.477693, 55.677724], [37.477341, 55.677897], [37.476367, 55.678218], [37.476154, 55.678225], [37.476082, 55.678274], [37.475475, 55.67851], [37.475121, 55.678535], [37.474559, 55.678523], [37.474205, 55.678571], [37.473823, 55.678698], [37.473715, 55.678872]]]}}, {"type": "Feature", "properties": {"name": "Раменки", "name_en": "Ramenki", "okrug": "ЗАО", "source_name": "Раменки", "okato": "45268584", "oktmo": "45325000"}, "geometry": {"type": "Polygon", "coordinates": [[[37.466318, 55.694526], [37.467985, 55.696802], [37.469545, 55.698199], [37.471819, 55.699549], [37.47716, 55.702625], [37.488149, 55.70737], [37.490689, 55.709279], [37.492929, 55.713494], [37.493366, 55.715494], [37.493093, 55.717833], [37.494918, 55.720123], [37.495727, 55.720987], [37.496018, 55.721276], [37.496492, 55.721695], [37.497106, 55.722128], [37.497744, 55.722501], [37.498568, 55.722854], [37.501559, 55.723953], [37.503101, 55.72458], [37.503705, 55.72483], [37.508529, 55.726935], [37.509999, 55.727597], [37.513624, 55.729338], [37.51433, 55.729683], [37.515526, 55.730181], [37.516385, 55.730544], [37.517952, 55.73116], [37.519291, 55.731584], [37.53132, 55.735132], [37.532593, 55.735431], [37.533518, 55.735572], [37.534346, 55.735676], [37.535609, 55.735795], [37.537044, 55.735926], [37.538163, 55.736135], [37.538475, 55.736211], [37.541399, 55.734259], [37.542177, 55.733669], [37.54287, 55.733139], [37.543327, 55.732706], [37.544272, 55.731737], [37.546553, 55.729346], [37.547786, 55.728068], [37.54522, 55.727191], [37.544903, 55.727056], [37.543075, 55.725566], [37.541863, 55.72404], [37.541182, 55.722056], [37.541081, 55.720125], [37.541885, 55.717595], [37.543331, 55.715617], [37.545942, 55.713687], [37.548516, 55.712263], [37.552897, 55.710973], [37.556873, 55.710343], [37.559232, 55.71028], [37.557025, 55.708615], [37.554149, 55.706531], [37.546313, 55.700746], [37.536571, 55.693563], [37.535747, 55.693099], [37.530053, 55.689929], [37.511662, 55.679731], [37.510138, 55.678843], [37.509013, 55.679805], [37.508638, 55.68119], [37.509066, 55.681516], [37.509152, 55.681681], [37.509401, 55.68185], [37.509461, 55.682092], [37.509469, 55.682445], [37.509375, 55.682803], [37.509152, 55.683089], [37.508946, 55.683312], [37.508585, 55.683486], [37.50819, 55.683568], [37.507916, 55.683757], [37.507547, 55.684197], [37.507246, 55.684623], [37.507083, 55.68487], [37.507023, 55.685034], [37.507032, 55.685179], [37.507092, 55.685407], [37.507178, 55.685741], [37.507315, 55.686026], [37.507332, 55.686336], [37.507289, 55.686631], [37.507161, 55.686853], [37.506946, 55.687115], [37.506697, 55.687342], [37.50638, 55.687507], [37.506036, 55.6877], [37.505401, 55.687826], [37.504912, 55.687869], [37.504568, 55.687899], [37.504414, 55.687976], [37.504328, 55.688049], [37.504285, 55.688136], [37.504208, 55.688165], [37.504139, 55.68816], [37.504027, 55.688096], [37.503976, 55.688068], [37.50383, 55.687961], [37.503676, 55.687913], [37.503504, 55.687865], [37.503315, 55.687816], [37.503195, 55.687831], [37.503058, 55.687758], [37.502955, 55.6877], [37.502783, 55.687632], [37.502543, 55.687671], [37.502311, 55.6877], [37.502045, 55.687758], [37.50165, 55.687807], [37.501444, 55.687836], [37.501152, 55.687874], [37.500981, 55.687899], [37.500758, 55.687899], [37.500466, 55.687865], [37.50026, 55.687855], [37.500157, 55.687918], [37.499951, 55.687952], [37.499693, 55.687952], [37.499487, 55.687932], [37.49935, 55.687855], [37.49923, 55.687845], [37.499178, 55.687899], [37.499093, 55.688015], [37.499024, 55.688131], [37.498921, 55.688189], [37.498723, 55.688174], [37.498603, 55.688107], [37.49832, 55.688097], [37.498054, 55.688029], [37.497831, 55.687899], [37.497702, 55.687816], [37.49699, 55.687381], [37.496646, 55.687124], [37.49638, 55.686999], [37.496294, 55.686926], [37.4962, 55.686912], [37.49608, 55.686931], [37.495977, 55.686965], [37.495762, 55.686965], [37.495599, 55.686897], [37.495479, 55.686805], [37.49529, 55.686728], [37.495118, 55.686655], [37.494724, 55.686626], [37.49432, 55.686626], [37.494071, 55.686636], [37.493248, 55.686873], [37.492544, 55.687086], [37.49144, 55.687374], [37.490596, 55.687817], [37.489463, 55.68817], [37.488678, 55.688615], [37.488672, 55.688615], [37.488208, 55.688281], [37.486996, 55.687381], [37.487106, 55.687231], [37.487528, 55.686728], [37.488286, 55.685806], [37.488347, 55.685732], [37.489902, 55.683822], [37.489795, 55.683769], [37.487228, 55.682412], [37.48701, 55.68244], [37.486788, 55.682416], [37.486681, 55.682384], [37.486286, 55.682198], [37.486207, 55.682227], [37.485992, 55.682351], [37.485603, 55.682523], [37.485418, 55.68268], [37.485179, 55.682818], [37.484781, 55.683046], [37.48467, 55.683062], [37.484608, 55.683062], [37.483685, 55.682497], [37.483231, 55.682235], [37.482788, 55.682014], [37.482746, 55.681767], [37.482223, 55.68143], [37.481981, 55.681373], [37.481764, 55.681311], [37.481735, 55.681255], [37.48171, 55.681201], [37.481651, 55.681186], [37.481575, 55.681167], [37.481482, 55.681142], [37.481381, 55.681126], [37.480675, 55.682267], [37.479892, 55.683554], [37.479439, 55.684149], [37.478972, 55.684676], [37.478186, 55.685404], [37.477562, 55.685927], [37.473486, 55.689065], [37.470006, 55.691714], [37.468984, 55.692496], [37.46759, 55.693552], [37.466318, 55.694526]]]}}, {"type": "Feature", "properties": {"name": "Солнцево", "name_en": "Solntsevo", "okrug": "ЗАО", "source_name": "Солнцево", "okato": "45268588", "oktmo": "45326000"}, "geometry": {"type": "Polygon", "coordinates": [[[37.367854, 55.653205], [37.369765, 55.659519], [37.370952, 55.659058], [37.372619, 55.65906], [37.375056, 55.659064], [37.376991, 55.659102], [37.378003, 55.659483], [37.378318, 55.659828], [37.378518, 55.66048], [37.379096, 55.662525], [37.379712, 55.664028], [37.379888, 55.664269], [37.380066, 55.664429], [37.380582, 55.664479], [37.382202, 55.664567], [37.385262, 55.664543], [37.386237, 55.664514], [37.386486, 55.664449], [37.386793, 55.66419], [37.388071, 55.662839], [37.389051, 55.661806], [37.389486, 55.661699], [37.393928, 55.660883], [37.397241, 55.66104], [37.399916, 55.661524], [37.400817, 55.66163], [37.401202, 55.661604], [37.402165, 55.661523], [37.404661, 55.661936], [37.408342, 55.662726], [37.40948, 55.662964], [37.411983, 55.663618], [37.413945, 55.664277], [37.415457, 55.664765], [37.413074, 55.66741], [37.407338, 55.669683], [37.407536, 55.669763], [37.406732, 55.670373], [37.405943, 55.670104], [37.404882, 55.67041], [37.404367, 55.670703], [37.404245, 55.670701], [37.404032, 55.671043], [37.404334, 55.671689], [37.404801, 55.672829], [37.405707, 55.673281], [37.405972, 55.674458], [37.407811, 55.67562], [37.408925, 55.676325], [37.409815, 55.676697], [37.410313, 55.676959], [37.410214, 55.677021], [37.41129, 55.677491], [37.410585, 55.678048], [37.411769, 55.678501], [37.413327, 55.679096], [37.413389, 55.679186], [37.415273, 55.679908], [37.417481, 55.680776], [37.418031, 55.680548], [37.428903, 55.665997], [37.430557, 55.663833], [37.432266, 55.662011], [37.435308, 55.658999], [37.435325, 55.658662], [37.434209, 55.659627], [37.433923, 55.65972], [37.43365, 55.659811], [37.433313, 55.65991], [37.433001, 55.659975], [37.432646, 55.660053], [37.432299, 55.660136], [37.429006, 55.66109], [37.427003, 55.660965], [37.426698, 55.660984], [37.425118, 55.660865], [37.423385, 55.660748], [37.418808, 55.660409], [37.415199, 55.660157], [37.415319, 55.657984], [37.415198, 55.65779], [37.415083, 55.657798], [37.413373, 55.657726], [37.413219, 55.657674], [37.414586, 55.655672], [37.416413, 55.655803], [37.417448, 55.653021], [37.414743, 55.652233], [37.415013, 55.651787], [37.414605, 55.651706], [37.414685, 55.651496], [37.41369, 55.651325], [37.413605, 55.651157], [37.415491, 55.647749], [37.417063, 55.648066], [37.41711, 55.647495], [37.417084, 55.647355], [37.417055, 55.646817], [37.417082, 55.646738], [37.417165, 55.646392], [37.417493, 55.644907], [37.417393, 55.64252], [37.416916, 55.640622], [37.41648, 55.639119], [37.416524, 55.63825], [37.415171, 55.638335], [37.415163, 55.638184], [37.415098, 55.635921], [37.415092, 55.6357], [37.414773, 55.635689], [37.41394, 55.635727], [37.412282, 55.635905], [37.41153, 55.633867], [37.410852, 55.63197], [37.410195, 55.629849], [37.410127, 55.6296], [37.410072, 55.629493], [37.409971, 55.629517], [37.409906, 55.629542], [37.409864, 55.629572], [37.409821, 55.629601], [37.409773, 55.629628], [37.409732, 55.629642], [37.409675, 55.629652], [37.409612, 55.629646], [37.409564, 55.629627], [37.409549, 55.629591], [37.409504, 55.629573], [37.409443, 55.629583], [37.409372, 55.629608], [37.409156, 55.629637], [37.408995, 55.629624], [37.408889, 55.629611], [37.408805, 55.629615], [37.408714, 55.629623], [37.408486, 55.62966], [37.408393, 55.629667], [37.408299, 55.629654], [37.408173, 55.62965], [37.408113, 55.629671], [37.407995, 55.629721], [37.407875, 55.629765], [37.407765, 55.629793], [37.407703, 55.629797], [37.407626, 55.629795], [37.407551, 55.629774], [37.407436, 55.629719], [37.407357, 55.629713], [37.407288, 55.629737], [37.407221, 55.629769], [37.407154, 55.629836], [37.407069, 55.629878], [37.407002, 55.629885], [37.406796, 55.629874], [37.406736, 55.629875], [37.406545, 55.62991], [37.40646, 55.62992], [37.40636, 55.629921], [37.406281, 55.629932], [37.406175, 55.629968], [37.406096, 55.629987], [37.406028, 55.629995], [37.405969, 55.629998], [37.405787, 55.630002], [37.4057, 55.630019], [37.405595, 55.630058], [37.405518, 55.630085], [37.405432, 55.630104], [37.405254, 55.630133], [37.405171, 55.630131], [37.404993, 55.630125], [37.404827, 55.630145], [37.404668, 55.630195], [37.404478, 55.630283], [37.404316, 55.630343], [37.404074, 55.630367], [37.403716, 55.630348], [37.403478, 55.630363], [37.403394, 55.630373], [37.403322, 55.630379], [37.403257, 55.630401], [37.403211, 55.630445], [37.403175, 55.630455], [37.403121, 55.630457], [37.403047, 55.63045], [37.40299, 55.630447], [37.402944, 55.630447], [37.402902, 55.63045], [37.402841, 55.630445], [37.402777, 55.630432], [37.402693, 55.630407], [37.402609, 55.630385], [37.402563, 55.630382], [37.40251, 55.630383], [37.402429, 55.630395], [37.402353, 55.630406], [37.402296, 55.630406], [37.402187, 55.630391], [37.402083, 55.630375], [37.402033, 55.630375], [37.401925, 55.63038], [37.401843, 55.630379], [37.401762, 55.63037], [37.401583, 55.63034], [37.401386, 55.630296], [37.401297, 55.630283], [37.401178, 55.630278], [37.401097, 55.630266], [37.400984, 55.630231], [37.400936, 55.630224], [37.400867, 55.630229], [37.400647, 55.630242], [37.400495, 55.630248], [37.400373, 55.630244], [37.400312, 55.63024], [37.400259, 55.630228], [37.400199, 55.630216], [37.40014, 55.630213], [37.400058, 55.630228], [37.399986, 55.630226], [37.399897, 55.630215], [37.399799, 55.630205], [37.399727, 55.630205], [37.399634, 55.630218], [37.399544, 55.63021], [37.399457, 55.630208], [37.399396, 55.63021], [37.399279, 55.630222], [37.399122, 55.630241], [37.399033, 55.63025], [37.398933, 55.63026], [37.398868, 55.630272], [37.3988, 55.63029], [37.398735, 55.63033], [37.398659, 55.630348], [37.398435, 55.630412], [37.398321, 55.630432], [37.398259, 55.63045], [37.398197, 55.630469], [37.398127, 55.630286], [37.398088, 55.630071], [37.398012, 55.629553], [37.397949, 55.629047], [37.397905, 55.628781], [37.397548, 55.628721], [37.394645, 55.628872], [37.394529, 55.628784], [37.39372, 55.627831], [37.391197, 55.628113], [37.387695, 55.628497], [37.387916, 55.629416], [37.388406, 55.631174], [37.388457, 55.631333], [37.388554, 55.631567], [37.388602, 55.631695], [37.388551, 55.631701], [37.388499, 55.63171], [37.388463, 55.63172], [37.388379, 55.631744], [37.388238, 55.631775], [37.388126, 55.631805], [37.388006, 55.631841], [37.387878, 55.631881], [37.387768, 55.631912], [37.387651, 55.631958], [37.387568, 55.632008], [37.387445, 55.632072], [37.387267, 55.632171], [37.387117, 55.632255], [37.380952, 55.632687], [37.379433, 55.633707], [37.37712, 55.636063], [37.376837, 55.636088], [37.376613, 55.636238], [37.376467, 55.636436], [37.37609, 55.636572], [37.375824, 55.636591], [37.375549, 55.636645], [37.375309, 55.636805], [37.375343, 55.636969], [37.375498, 55.637032], [37.375626, 55.637202], [37.37548, 55.637313], [37.375369, 55.637493], [37.375498, 55.637638], [37.37554, 55.637841], [37.375377, 55.637861], [37.37494, 55.637551], [37.374759, 55.637667], [37.37457, 55.637861], [37.37445, 55.637996], [37.374459, 55.638093], [37.374759, 55.638171], [37.374879, 55.638268], [37.374811, 55.638345], [37.374639, 55.638394], [37.374407, 55.638486], [37.374236, 55.638646], [37.374004, 55.638825], [37.373858, 55.638975], [37.373884, 55.639106], [37.37403, 55.639159], [37.374176, 55.639149], [37.37433, 55.639237], [37.374327, 55.639667], [37.374315, 55.640093], [37.374266, 55.640439], [37.374533, 55.640752], [37.374418, 55.64093], [37.375776, 55.641723], [37.375833, 55.641939], [37.375221, 55.642209], [37.374495, 55.642915], [37.374495, 55.643508], [37.373702, 55.643864], [37.373502, 55.644086], [37.373233, 55.644382], [37.373052, 55.644851], [37.373549, 55.644986], [37.374006, 55.644912], [37.374152, 55.645639], [37.374332, 55.645993], [37.374315, 55.646201], [37.374332, 55.646341], [37.374555, 55.646525], [37.374847, 55.646826], [37.374881, 55.647068], [37.374547, 55.647203], [37.374366, 55.647358], [37.374538, 55.647518], [37.375345, 55.647925], [37.375869, 55.648153], [37.375898, 55.648694], [37.376362, 55.648702], [37.377001, 55.649177], [37.376972, 55.649578], [37.376725, 55.65029], [37.376943, 55.650479], [37.376943, 55.650659], [37.376711, 55.650986], [37.376072, 55.65106], [37.370742, 55.651063], [37.369243, 55.651774], [37.368214, 55.652997], [37.367854, 55.653205]]]}}, {"type": "Feature", "properties": {"name": "Тропарёво-Никулино", "name_en": "Troparyovo-Nikulino", "okrug": "ЗАО", "source_name": "Тропарёво-Никулино", "okato": "45268592", "oktmo": "45327000"}, "geometry": {"type": "Polygon", "coordinates": [[[37.432266, 55.662011], [37.434547, 55.662394], [37.436561, 55.662863], [37.438347, 55.663603], [37.439316, 55.66418], [37.440039, 55.664755], [37.44065, 55.66527], [37.44191, 55.666353], [37.443384, 55.667612], [37.443737, 55.667884], [37.444375, 55.668299], [37.445438, 55.66887], [37.446149, 55.669198], [37.447593, 55.669793], [37.448318, 55.670036], [37.451469, 55.670968], [37.452397, 55.671261], [37.45407, 55.671792], [37.456672, 55.672757], [37.458805, 55.673773], [37.46068, 55.674916], [37.462249, 55.676032], [37.464057, 55.677307], [37.465958, 55.678616], [37.467387, 55.679596], [37.46862, 55.680429], [37.470304, 55.681639], [37.470989, 55.682095], [37.471685, 55.682554], [37.472195, 55.682877], [37.473141, 55.683458], [37.475852, 55.684974], [37.476092, 55.685111], [37.476818, 55.684238], [37.476671, 55.683419], [37.476284, 55.682704], [37.476045, 55.682478], [37.475661, 55.68239], [37.474941, 55.681927], [37.474568, 55.681539], [37.474389, 55.681353], [37.474267, 55.68115], [37.473971, 55.680667], [37.47394, 55.680505], [37.473835, 55.679974], [37.473823, 55.679502], [37.473779, 55.679255], [37.473715, 55.678872], [37.473823, 55.678698], [37.474205, 55.678571], [37.474559, 55.678523], [37.475121, 55.678535], [37.475475, 55.67851], [37.476082, 55.678274], [37.476154, 55.678225], [37.476367, 55.678218], [37.477341, 55.677897], [37.477693, 55.677724], [37.478063, 55.67744], [37.478578, 55.676814], [37.478767, 55.676651], [37.479959, 55.675756], [37.480573, 55.675072], [37.481461, 55.674019], [37.481695, 55.673803], [37.481732, 55.673658], [37.481726, 55.673507], [37.48188, 55.673179], [37.482328, 55.672633], [37.482453, 55.672425], [37.482496, 55.67227], [37.482485, 55.672098], [37.482506, 55.671899], [37.48265, 55.671777], [37.483107, 55.671722], [37.48327, 55.671592], [37.483404, 55.671436], [37.483753, 55.671147], [37.483806, 55.670679], [37.484147, 55.67051], [37.484383, 55.670353], [37.484631, 55.670218], [37.48511, 55.670053], [37.485538, 55.670054], [37.485683, 55.669987], [37.485818, 55.669889], [37.486017, 55.669799], [37.486209, 55.669769], [37.486531, 55.669669], [37.486647, 55.669603], [37.486843, 55.669581], [37.487177, 55.669665], [37.487464, 55.669688], [37.487636, 55.66968], [37.488027, 55.669735], [37.488743, 55.669652], [37.489254, 55.669619], [37.489776, 55.669604], [37.490092, 55.669642], [37.490267, 55.669691], [37.490456, 55.66975], [37.490656, 55.669826], [37.490983, 55.669943], [37.49708, 55.668847], [37.49766, 55.668787], [37.498132, 55.668726], [37.498432, 55.668714], [37.49869, 55.668557], [37.499248, 55.66829], [37.499569, 55.668073], [37.499848, 55.66794], [37.499998, 55.667831], [37.500256, 55.667698], [37.500363, 55.667443], [37.500277, 55.667262], [37.500256, 55.667092], [37.500556, 55.667008], [37.500835, 55.666899], [37.500986, 55.666814], [37.501243, 55.666802], [37.501243, 55.666681], [37.501508, 55.666557], [37.50156, 55.666461], [37.501606, 55.666392], [37.50176, 55.666211], [37.501801, 55.666112], [37.501715, 55.666039], [37.501758, 55.665906], [37.501908, 55.665664], [37.502293, 55.665574], [37.502493, 55.665495], [37.502577, 55.665393], [37.502552, 55.665229], [37.502488, 55.665083], [37.502809, 55.665011], [37.503003, 55.664914], [37.503303, 55.664914], [37.503603, 55.664781], [37.503711, 55.664551], [37.50399, 55.664527], [37.504247, 55.66443], [37.504612, 55.664454], [37.505084, 55.664273], [37.505191, 55.664127], [37.505263, 55.664021], [37.505466, 55.663922], [37.505632, 55.663861], [37.505663, 55.663788], [37.505662, 55.663689], [37.50584, 55.663594], [37.506052, 55.663435], [37.506156, 55.663265], [37.50636, 55.663056], [37.506709, 55.662935], [37.506543, 55.661778], [37.501653, 55.658525], [37.495614, 55.655631], [37.482633, 55.649537], [37.482466, 55.649461], [37.478201, 55.647514], [37.463721, 55.640704], [37.455719, 55.637049], [37.455434, 55.637223], [37.455622, 55.637322], [37.45583, 55.637448], [37.455967, 55.637557], [37.456151, 55.637691], [37.456227, 55.63785], [37.456283, 55.637968], [37.456337, 55.638144], [37.456389, 55.638306], [37.456417, 55.638473], [37.456485, 55.638707], [37.456549, 55.638981], [37.456602, 55.639225], [37.456638, 55.639352], [37.456737, 55.639692], [37.456787, 55.639918], [37.456824, 55.640054], [37.456848, 55.640172], [37.456838, 55.640319], [37.456824, 55.640432], [37.456771, 55.640526], [37.452481, 55.644196], [37.448126, 55.647916], [37.44332, 55.652025], [37.438859, 55.655634], [37.436554, 55.657598], [37.435325, 55.658662], [37.435308, 55.658999], [37.432266, 55.662011]]]}}, {"type": "Feature", "properties": {"name": "Филёвский Парк", "name_en": "Filyovsky Park", "okrug": "ЗАО", "source_name": "Филёвский Парк", "okato": "45268595", "oktmo": "45328000"}, "geometry": {"type": "Polygon", "coordinates": [[[37.42765, 55.748209], [37.428486, 55.74875], [37.429577, 55.74939], [37.430576, 55.749762], [37.431619, 55.750047], [37.431805, 55.750079], [37.43206, 55.750124], [37.432241, 55.75014], [37.432652, 55.750186], [37.432961, 55.750119], [37.435127, 55.749642], [37.436979, 55.749252], [37.436605, 55.748719], [37.436348, 55.747873], [37.436691, 55.7471], [37.437378, 55.746424], [37.439738, 55.745216], [37.442485, 55.743573], [37.444459, 55.742607], [37.446519, 55.741858], [37.449265, 55.741134], [37.452527, 55.740602], [37.455316, 55.740602], [37.459136, 55.741206], [37.461796, 55.741858], [37.464801, 55.742897], [37.467376, 55.744033], [37.471023, 55.74611], [37.472783, 55.747269], [37.474156, 55.748501], [37.475143, 55.749878], [37.475787, 55.75123], [37.476173, 55.752293], [37.476517, 55.754587], [37.476731, 55.755964], [37.476774, 55.756906], [37.476173, 55.761711], [37.476173, 55.762991], [37.476388, 55.76451], [37.477087, 55.765526], [37.478056, 55.766692], [37.478422, 55.767055], [37.478866, 55.767343], [37.479418, 55.767545], [37.480036, 55.767713], [37.481919, 55.767977], [37.484511, 55.76817], [37.487181, 55.768194], [37.489716, 55.76796], [37.492052, 55.767361], [37.496086, 55.766105], [37.497516, 55.765686], [37.498146, 55.765502], [37.501064, 55.764367], [37.502952, 55.763401], [37.504283, 55.762532], [37.505828, 55.761784], [37.511664, 55.759659], [37.51393, 55.758422], [37.514539, 55.758089], [37.516299, 55.756833], [37.517672, 55.754636], [37.518144, 55.753211], [37.518503, 55.752585], [37.520229, 55.750022], [37.52036, 55.749852], [37.52205, 55.747583], [37.522521, 55.747211], [37.521491, 55.7469], [37.518956, 55.746186], [37.517532, 55.74572], [37.516614, 55.745367], [37.515645, 55.744918], [37.514874, 55.744447], [37.51413, 55.743965], [37.513671, 55.743614], [37.512146, 55.742008], [37.510649, 55.740383], [37.50993, 55.739587], [37.508401, 55.738194], [37.507545, 55.737748], [37.506107, 55.73699], [37.505785, 55.736828], [37.498536, 55.734604], [37.496452, 55.734136], [37.48967, 55.73308], [37.489294, 55.733015], [37.486349, 55.736246], [37.484342, 55.73847], [37.483425, 55.739478], [37.481536, 55.741554], [37.480162, 55.743053], [37.478433, 55.742563], [37.460694, 55.737552], [37.460436, 55.73722], [37.454218, 55.735878], [37.448787, 55.734888], [37.447251, 55.735075], [37.444917, 55.734826], [37.438945, 55.736895], [37.437971, 55.737174], [37.439877, 55.738506], [37.439988, 55.739231], [37.4397, 55.739677], [37.437274, 55.74079], [37.435748, 55.741553], [37.433091, 55.742709], [37.432147, 55.744696], [37.431117, 55.745276], [37.431572, 55.745687], [37.429289, 55.747556], [37.428475, 55.747725], [37.42765, 55.748209]]]}}, {"type": "Feature", "properties": {"name": "Фили-Давыдково", "name_en": "Fili-Davydkovo", "okrug": "ЗАО", "source_name": "Фили-Давыдково", "okato": "45268597", "oktmo": "45329000"}, "geometry": {"type": "Polygon", "coordinates": [[[37.437971, 55.737174], [37.438945, 55.736895], [37.444917, 55.734826], [37.447251, 55.735075], [37.448787, 55.734888], [37.454218, 55.735878], [37.460436, 55.73722], [37.460694, 55.737552], [37.478433, 55.742563], [37.480162, 55.743053], [37.481536, 55.741554], [37.483425, 55.739478], [37.484342, 55.73847], [37.486349, 55.736246], [37.489294, 55.733015], [37.494332, 55.727488], [37.495771, 55.725916], [37.498568, 55.722854], [37.497744, 55.722501], [37.497106, 55.722128], [37.496492, 55.721695], [37.496018, 55.721276], [37.495727, 55.720987], [37.494918, 55.720123], [37.494278, 55.720188], [37.493996, 55.720184], [37.493684, 55.720167], [37.493003, 55.72021], [37.492635, 55.720107], [37.492397, 55.719695], [37.492542, 55.719435], [37.492789, 55.719255], [37.493036, 55.719093], [37.493112, 55.718932], [37.493009, 55.718606], [37.492736, 55.718212], [37.492508, 55.718096], [37.492185, 55.71808], [37.49198, 55.718137], [37.491397, 55.718327], [37.49066, 55.71849], [37.490359, 55.718493], [37.48968, 55.718279], [37.489474, 55.718296], [37.489223, 55.718414], [37.48905, 55.718416], [37.488684, 55.718358], [37.488101, 55.718254], [37.487877, 55.718143], [37.487523, 55.718086], [37.486725, 55.717798], [37.486, 55.717441], [37.485777, 55.717408], [37.485287, 55.717447], [37.484752, 55.7176], [37.484456, 55.717796], [37.484357, 55.717915], [37.484423, 55.718025], [37.484716, 55.718152], [37.485743, 55.718562], [37.48655, 55.718892], [37.486666, 55.719003], [37.486574, 55.719296], [37.486634, 55.719471], [37.486563, 55.719658], [37.486359, 55.719847], [37.486005, 55.720072], [37.485742, 55.720247], [37.485368, 55.720431], [37.484893, 55.720651], [37.484303, 55.720844], [37.483743, 55.720971], [37.483385, 55.721073], [37.482802, 55.72114], [37.482377, 55.721155], [37.481918, 55.721118], [37.481385, 55.721074], [37.480928, 55.72105], [37.480528, 55.721027], [37.480206, 55.721061], [37.479836, 55.721142], [37.479551, 55.72117], [37.47936, 55.721168], [37.478815, 55.721104], [37.478066, 55.72121], [37.47764, 55.721298], [37.477301, 55.721379], [37.477, 55.721477], [37.476936, 55.721533], [37.476877, 55.721538], [37.47676, 55.721529], [37.476609, 55.721468], [37.476318, 55.721363], [37.475784, 55.721141], [37.475374, 55.720955], [37.474901, 55.72076], [37.474466, 55.720546], [37.474159, 55.720375], [37.473801, 55.720162], [37.473405, 55.720007], [37.473244, 55.719921], [37.473087, 55.719794], [37.472949, 55.719656], [37.472854, 55.719499], [37.472846, 55.719313], [37.472913, 55.719034], [37.472858, 55.718801], [37.472725, 55.718752], [37.47247, 55.718555], [37.472199, 55.718416], [37.472017, 55.718417], [37.471835, 55.718456], [37.471449, 55.718647], [37.471269, 55.718733], [37.470915, 55.719007], [37.470754, 55.719162], [37.470597, 55.71932], [37.470507, 55.719379], [37.470348, 55.719405], [37.470202, 55.719403], [37.46984, 55.719362], [37.469737, 55.719344], [37.469637, 55.71931], [37.469427, 55.719199], [37.469197, 55.719003], [37.469111, 55.718828], [37.469109, 55.718671], [37.469132, 55.718503], [37.469279, 55.718241], [37.469446, 55.718143], [37.46963, 55.718094], [37.469941, 55.718086], [37.47034, 55.718053], [37.470592, 55.717973], [37.470786, 55.717874], [37.471213, 55.717542], [37.471576, 55.717388], [37.471804, 55.717271], [37.471979, 55.717117], [37.472082, 55.716988], [37.472038, 55.71663], [37.471909, 55.716375], [37.471632, 55.716189], [37.471466, 55.716124], [37.471301, 55.716092], [37.470802, 55.716011], [37.470661, 55.715936], [37.470589, 55.715841], [37.470613, 55.715784], [37.470751, 55.715748], [37.470965, 55.715721], [37.471123, 55.715687], [37.471356, 55.715637], [37.471494, 55.715557], [37.471539, 55.715479], [37.471541, 55.715406], [37.471476, 55.715186], [37.471306, 55.715079], [37.470972, 55.715012], [37.470834, 55.714982], [37.470729, 55.714917], [37.470698, 55.714806], [37.470731, 55.71464], [37.470995, 55.714447], [37.471071, 55.714347], [37.471296, 55.714301], [37.471453, 55.714238], [37.471547, 55.714124], [37.471515, 55.713915], [37.471437, 55.713817], [37.471308, 55.713749], [37.471147, 55.713721], [37.470885, 55.713795], [37.470644, 55.7139], [37.470515, 55.713918], [37.470291, 55.713893], [37.470087, 55.713748], [37.469967, 55.713688], [37.469468, 55.713628], [37.469034, 55.713592], [37.468478, 55.713602], [37.468219, 55.71362], [37.468022, 55.713665], [37.467948, 55.71376], [37.467911, 55.71392], [37.467961, 55.714101], [37.468123, 55.714181], [37.468517, 55.714323], [37.468664, 55.714416], [37.468699, 55.714546], [37.468666, 55.714644], [37.468577, 55.714819], [37.468466, 55.714881], [37.46824, 55.715007], [37.468147, 55.715061], [37.468023, 55.715099], [37.467852, 55.715162], [37.467579, 55.715241], [37.467313, 55.715355], [37.467235, 55.715443], [37.467047, 55.715577], [37.466942, 55.71561], [37.466818, 55.715611], [37.466636, 55.715565], [37.466453, 55.715503], [37.466206, 55.715428], [37.465992, 55.715336], [37.465857, 55.71527], [37.465718, 55.715218], [37.465612, 55.715155], [37.465452, 55.715003], [37.465328, 55.714915], [37.465237, 55.714842], [37.465125, 55.714764], [37.464953, 55.714635], [37.464718, 55.714487], [37.46457, 55.714349], [37.464351, 55.714251], [37.464114, 55.714112], [37.463801, 55.713922], [37.463694, 55.713831], [37.463622, 55.713726], [37.463657, 55.713538], [37.463757, 55.713446], [37.463863, 55.713388], [37.463997, 55.713331], [37.464181, 55.713311], [37.464658, 55.713281], [37.464837, 55.713268], [37.464944, 55.713234], [37.465348, 55.713102], [37.465774, 55.712967], [37.466121, 55.71296], [37.466412, 55.712972], [37.466691, 55.712893], [37.466973, 55.712811], [37.467371, 55.712807], [37.467518, 55.712791], [37.467691, 55.712716], [37.46787, 55.712609], [37.468028, 55.712418], [37.468024, 55.712238], [37.467931, 55.712117], [37.467765, 55.71198], [37.467582, 55.711809], [37.467365, 55.711637], [37.467017, 55.711423], [37.466661, 55.71132], [37.466448, 55.711409], [37.466228, 55.711434], [37.466082, 55.711493], [37.465798, 55.711615], [37.465508, 55.711574], [37.465415, 55.711476], [37.465519, 55.711323], [37.465654, 55.711263], [37.465705, 55.711159], [37.465651, 55.71102], [37.465383, 55.710916], [37.465091, 55.710872], [37.464973, 55.710825], [37.464715, 55.710642], [37.464402, 55.710421], [37.464132, 55.710375], [37.46409, 55.710312], [37.463914, 55.710247], [37.463715, 55.710304], [37.463408, 55.710578], [37.462883, 55.710863], [37.462521, 55.711059], [37.462234, 55.711131], [37.461854, 55.711167], [37.461347, 55.711111], [37.460792, 55.711073], [37.460459, 55.710975], [37.460431, 55.710783], [37.460078, 55.710486], [37.459733, 55.710406], [37.459271, 55.710293], [37.458962, 55.710293], [37.458644, 55.710312], [37.458393, 55.710322], [37.458051, 55.710341], [37.457716, 55.710324], [37.457375, 55.710246], [37.457077, 55.710154], [37.456629, 55.710053], [37.456114, 55.710066], [37.455377, 55.709985], [37.4547, 55.709959], [37.454374, 55.711399], [37.449149, 55.723439], [37.447672, 55.726769], [37.446811, 55.72878], [37.445678, 55.731438], [37.445448, 55.731941], [37.445201, 55.732387], [37.444777, 55.732936], [37.444202, 55.733579], [37.443447, 55.734241], [37.442331, 55.734966], [37.44173, 55.735304], [37.437971, 55.737174]]]}}, {"type": "Feature", "properties": {"name": "Куркино", "name_en": "Kurkino", "okrug": "СЗАО", "source_name": "Куркино", "okato": "45283555", "oktmo": "45366000"}, "geometry": {"type": "Polygon", "coordinates": [[[37.361771, 55.901455], [37.361789, 55.901546], [37.361814, 55.901572], [37.361868, 55.90156], [37.362074, 55.901474], [37.362246, 55.901422], [37.362363, 55.901387], [37.362423, 55.901381], [37.362507, 55.901382], [37.362553, 55.901396], [37.362595, 55.901422], [37.362628, 55.901442], [37.362676, 55.901453], [37.362755, 55.901451], [37.362809, 55.901457], [37.362834, 55.90147], [37.362839, 55.901491], [37.362828, 55.901552], [37.362831, 55.901589], [37.362833, 55.901606], [37.362861, 55.901656], [37.362909, 55.901697], [37.362936, 55.901717], [37.362963, 55.901734], [37.362996, 55.901748], [37.363065, 55.901774], [37.363106, 55.901797], [37.363146, 55.901826], [37.363162, 55.901861], [37.363233, 55.901903], [37.363284, 55.901937], [37.363323, 55.901962], [37.363374, 55.901989], [37.363554, 55.902075], [37.363686, 55.902132], [37.3638, 55.902171], [37.363849, 55.902177], [37.363896, 55.90218], [37.363955, 55.902178], [37.364139, 55.902166], [37.364185, 55.902168], [37.364217, 55.902174], [37.364249, 55.902186], [37.364316, 55.90223], [37.364354, 55.902247], [37.364378, 55.902257], [37.364612, 55.902331], [37.364727, 55.902369], [37.364796, 55.902387], [37.364869, 55.902403], [37.364962, 55.902417], [37.36508, 55.902417], [37.365115, 55.902422], [37.365173, 55.902435], [37.365209, 55.902446], [37.365252, 55.902462], [37.365357, 55.902521], [37.365409, 55.902547], [37.365434, 55.902557], [37.36567, 55.902611], [37.365804, 55.902645], [37.365851, 55.902667], [37.365909, 55.902701], [37.365981, 55.902729], [37.366079, 55.90275], [37.366249, 55.902779], [37.366423, 55.902813], [37.366632, 55.902849], [37.366817, 55.902884], [37.366883, 55.90289], [37.366974, 55.902896], [37.367045, 55.902901], [37.367083, 55.902904], [37.367119, 55.902912], [37.367261, 55.902952], [37.367346, 55.902971], [37.367428, 55.902986], [37.367484, 55.902995], [37.36761, 55.903006], [37.367717, 55.903012], [37.367908, 55.903025], [37.367998, 55.903032], [37.368233, 55.90305], [37.368333, 55.903064], [37.368469, 55.903091], [37.36861, 55.903118], [37.368764, 55.903133], [37.369194, 55.903172], [37.369333, 55.903184], [37.369452, 55.903198], [37.369545, 55.903215], [37.369638, 55.903236], [37.369776, 55.903279], [37.369928, 55.903334], [37.370064, 55.903399], [37.370138, 55.903432], [37.370195, 55.903453], [37.370269, 55.903465], [37.370215, 55.903555], [37.36859, 55.905578], [37.367846, 55.905344], [37.366284, 55.906703], [37.369861, 55.908196], [37.372963, 55.909638], [37.376795, 55.911244], [37.377709, 55.911423], [37.37835, 55.91149], [37.379231, 55.911491], [37.381065, 55.911398], [37.382316, 55.911348], [37.383006, 55.911359], [37.383677, 55.911401], [37.383997, 55.911428], [37.384991, 55.911508], [37.386109, 55.911611], [37.386724, 55.911657], [37.387052, 55.911731], [37.387327, 55.911829], [37.389345, 55.912591], [37.390018, 55.912844], [37.39016, 55.912721], [37.390238, 55.912649], [37.390163, 55.912563], [37.39013, 55.912407], [37.390095, 55.910912], [37.390094, 55.910796], [37.390016, 55.908353], [37.389991, 55.907412], [37.389955, 55.906253], [37.389911, 55.904797], [37.389908, 55.904605], [37.389917, 55.90432], [37.389935, 55.904054], [37.389973, 55.903831], [37.390105, 55.903565], [37.390228, 55.903358], [37.390429, 55.903119], [37.390895, 55.90278], [37.39138, 55.902465], [37.391996, 55.902235], [37.392393, 55.902121], [37.392854, 55.902006], [37.39721, 55.901447], [37.398229, 55.901628], [37.398389, 55.901623], [37.399291, 55.900755], [37.400375, 55.898704], [37.400568, 55.898349], [37.400592, 55.898294], [37.400802, 55.897897], [37.402876, 55.894212], [37.403909, 55.892685], [37.403977, 55.892497], [37.404088, 55.892281], [37.404182, 55.892069], [37.404243, 55.891843], [37.404304, 55.891621], [37.404393, 55.891223], [37.404398, 55.891181], [37.404028, 55.888617], [37.40406, 55.88819], [37.404093, 55.887912], [37.404162, 55.887681], [37.404224, 55.887521], [37.404385, 55.887292], [37.40451, 55.887104], [37.404616, 55.886962], [37.404727, 55.886803], [37.404895, 55.886656], [37.405084, 55.886522], [37.40529, 55.886386], [37.405578, 55.886235], [37.406289, 55.885932], [37.406955, 55.885688], [37.409398, 55.884917], [37.409425, 55.882504], [37.409429, 55.882165], [37.409421, 55.880688], [37.410431, 55.880302], [37.414932, 55.879311], [37.414126, 55.879094], [37.414374, 55.878867], [37.415518, 55.879189], [37.41566, 55.879144], [37.417164, 55.87831], [37.421155, 55.878322], [37.421162, 55.877921], [37.423723, 55.877707], [37.424095, 55.878], [37.424293, 55.877938], [37.424519, 55.877892], [37.424789, 55.877824], [37.425035, 55.877758], [37.425371, 55.877674], [37.425598, 55.877611], [37.425834, 55.877551], [37.425992, 55.877519], [37.426191, 55.877482], [37.426448, 55.87747], [37.426663, 55.877464], [37.426861, 55.877483], [37.427186, 55.877533], [37.427489, 55.877588], [37.427759, 55.877638], [37.428027, 55.877693], [37.428327, 55.877756], [37.428602, 55.877809], [37.428852, 55.87787], [37.429101, 55.877935], [37.429396, 55.877991], [37.429601, 55.878017], [37.429795, 55.87802], [37.430082, 55.877976], [37.430356, 55.877923], [37.430657, 55.87788], [37.430951, 55.877851], [37.427989, 55.876933], [37.425044, 55.876016], [37.424399, 55.875828], [37.420571, 55.874641], [37.415225, 55.872744], [37.413783, 55.872149], [37.41236, 55.871541], [37.411428, 55.870958], [37.406324, 55.874255], [37.403995, 55.875971], [37.399905, 55.87645], [37.395572, 55.877019], [37.395413, 55.877122], [37.395378, 55.877121], [37.394436, 55.877243], [37.390599, 55.877443], [37.386318, 55.877662], [37.384874, 55.877742], [37.383243, 55.877896], [37.383205, 55.877834], [37.382313, 55.877883], [37.382165, 55.877869], [37.382019, 55.877947], [37.381666, 55.87809], [37.381589, 55.87815], [37.381391, 55.878206], [37.381255, 55.8782], [37.381165, 55.878218], [37.381057, 55.878284], [37.380942, 55.878409], [37.38083, 55.878638], [37.38078, 55.878725], [37.380758, 55.878774], [37.380747, 55.878865], [37.380732, 55.878933], [37.380706, 55.879001], [37.380676, 55.879063], [37.380647, 55.879116], [37.380615, 55.879173], [37.380559, 55.879257], [37.380531, 55.879296], [37.38042, 55.879403], [37.380195, 55.879562], [37.380088, 55.879639], [37.380045, 55.879725], [37.379992, 55.879812], [37.379919, 55.879892], [37.379833, 55.879936], [37.379717, 55.879974], [37.379601, 55.87999], [37.379423, 55.879989], [37.379295, 55.879972], [37.379119, 55.879953], [37.378843, 55.880083], [37.378748, 55.880114], [37.378561, 55.880109], [37.378352, 55.880113], [37.378165, 55.880158], [37.378051, 55.880212], [37.377941, 55.880272], [37.377882, 55.880333], [37.377842, 55.880392], [37.377794, 55.880465], [37.377603, 55.880621], [37.377368, 55.880753], [37.377054, 55.88093], [37.376868, 55.881016], [37.376668, 55.881075], [37.376214, 55.881166], [37.37596, 55.881259], [37.375847, 55.881289], [37.375731, 55.881273], [37.375583, 55.881209], [37.375454, 55.88118], [37.375315, 55.881169], [37.37518, 55.881185], [37.375047, 55.881198], [37.374879, 55.881231], [37.374552, 55.881319], [37.374427, 55.881358], [37.37428, 55.881376], [37.374018, 55.881365], [37.3738, 55.881351], [37.373613, 55.881357], [37.373413, 55.8814], [37.372956, 55.881504], [37.372919, 55.881517], [37.372864, 55.881544], [37.372816, 55.881577], [37.372761, 55.881624], [37.372702, 55.881694], [37.372647, 55.881795], [37.372584, 55.881896], [37.372548, 55.881969], [37.372529, 55.882009], [37.372505, 55.882055], [37.372454, 55.882194], [37.37244, 55.88225], [37.372414, 55.88233], [37.372347, 55.882494], [37.372308, 55.882565], [37.372228, 55.882661], [37.372178, 55.882706], [37.372122, 55.882761], [37.372055, 55.882804], [37.371984, 55.882832], [37.371916, 55.882865], [37.371852, 55.882906], [37.371752, 55.882979], [37.371578, 55.883064], [37.371481, 55.883153], [37.371376, 55.883244], [37.371333, 55.8833], [37.371312, 55.883373], [37.371295, 55.883423], [37.371256, 55.883485], [37.371236, 55.883525], [37.371227, 55.883578], [37.371221, 55.883625], [37.37122, 55.883695], [37.371218, 55.883763], [37.371226, 55.883835], [37.371264, 55.883941], [37.37141, 55.884168], [37.37155, 55.884342], [37.371682, 55.884462], [37.371928, 55.8846], [37.372068, 55.884741], [37.372186, 55.884903], [37.372382, 55.885086], [37.37256, 55.885177], [37.372777, 55.885255], [37.372959, 55.885366], [37.373044, 55.88551], [37.373181, 55.88566], [37.373413, 55.88582], [37.373809, 55.885985], [37.374307, 55.886313], [37.374491, 55.886525], [37.374567, 55.886644], [37.374634, 55.886699], [37.374722, 55.886796], [37.374734, 55.886821], [37.374775, 55.886927], [37.374763, 55.886981], [37.374695, 55.887083], [37.374609, 55.887187], [37.37445, 55.887324], [37.37433, 55.887355], [37.374209, 55.887404], [37.374177, 55.887367], [37.373957, 55.887401], [37.373607, 55.887428], [37.373272, 55.887441], [37.372882, 55.887487], [37.372676, 55.887553], [37.372559, 55.887648], [37.372522, 55.887776], [37.37255, 55.887922], [37.372533, 55.888093], [37.372599, 55.888199], [37.372729, 55.888323], [37.372773, 55.888413], [37.372788, 55.888556], [37.372777, 55.888833], [37.372686, 55.889258], [37.372743, 55.889394], [37.373004, 55.889577], [37.373194, 55.889728], [37.373341, 55.889866], [37.373393, 55.889936], [37.373475, 55.890074], [37.373413, 55.890295], [37.373189, 55.890539], [37.37303, 55.890755], [37.372944, 55.890979], [37.37294, 55.891101], [37.37301, 55.891232], [37.373207, 55.891331], [37.373506, 55.891394], [37.373823, 55.891437], [37.374026, 55.891459], [37.374229, 55.891473], [37.374747, 55.891563], [37.374955, 55.891582], [37.375124, 55.891604], [37.375586, 55.891723], [37.376216, 55.891929], [37.376641, 55.892096], [37.376961, 55.892261], [37.377184, 55.892396], [37.377288, 55.892479], [37.377353, 55.892597], [37.377392, 55.892722], [37.377392, 55.892841], [37.3773, 55.892977], [37.377148, 55.893076], [37.37674, 55.893271], [37.376426, 55.893514], [37.37624, 55.893649], [37.376035, 55.893797], [37.375863, 55.893968], [37.375586, 55.894228], [37.375175, 55.894547], [37.375031, 55.894666], [37.374917, 55.894751], [37.37476, 55.894825], [37.374354, 55.894989], [37.374135, 55.89507], [37.373984, 55.895096], [37.373754, 55.895107], [37.373513, 55.895104], [37.373253, 55.895084], [37.372847, 55.895033], [37.372389, 55.894957], [37.37218, 55.89494], [37.372023, 55.894946], [37.371867, 55.894978], [37.371687, 55.895033], [37.371519, 55.895052], [37.371352, 55.895043], [37.371185, 55.895023], [37.371035, 55.894986], [37.370915, 55.894944], [37.370808, 55.894897], [37.370599, 55.894853], [37.370408, 55.894823], [37.370315, 55.894809], [37.370264, 55.894802], [37.370034, 55.89479], [37.369859, 55.894742], [37.369719, 55.894673], [37.369501, 55.894551], [37.369198, 55.894474], [37.368879, 55.894434], [37.368497, 55.894388], [37.368168, 55.894335], [37.367826, 55.894299], [37.367541, 55.894285], [37.367412, 55.894275], [37.367275, 55.894267], [37.367193, 55.894285], [37.367129, 55.894323], [37.367044, 55.894399], [37.366966, 55.894458], [37.366893, 55.894497], [37.36683, 55.894517], [37.366739, 55.89452], [37.366619, 55.894497], [37.366514, 55.894461], [37.366395, 55.894453], [37.36627, 55.894483], [37.366166, 55.894542], [37.365963, 55.894633], [37.365859, 55.894667], [37.365717, 55.894703], [37.365638, 55.894733], [37.365575, 55.894776], [37.365532, 55.894829], [37.365501, 55.894899], [37.365493, 55.894973], [37.365499, 55.895035], [37.365545, 55.895177], [37.365611, 55.895347], [37.365646, 55.895458], [37.36567, 55.895517], [37.365706, 55.895644], [37.365717, 55.89583], [37.365715, 55.895966], [37.3657, 55.896048], [37.365649, 55.896132], [37.365534, 55.896264], [37.365467, 55.896399], [37.365523, 55.896618], [37.365611, 55.896684], [37.365768, 55.8967], [37.366267, 55.896724], [37.366446, 55.896737], [37.366618, 55.896754], [37.366709, 55.896764], [37.367012, 55.896877], [37.367271, 55.897], [37.367404, 55.897073], [37.367489, 55.897141], [37.367538, 55.897221], [37.367553, 55.89726], [37.367569, 55.897299], [37.367582, 55.897357], [37.367555, 55.897439], [37.367492, 55.8975], [37.36743, 55.897575], [37.367429, 55.897652], [37.367469, 55.89772], [37.367585, 55.897801], [37.367643, 55.897885], [37.367663, 55.897941], [37.367633, 55.898039], [37.367535, 55.898179], [37.36721, 55.89838], [37.366886, 55.89858], [37.366613, 55.898663], [37.366019, 55.898882], [37.365847, 55.899011], [37.365757, 55.899115], [37.365732, 55.899212], [37.365746, 55.899347], [37.365693, 55.899447], [37.365516, 55.899602], [37.365273, 55.899771], [37.365169, 55.899886], [37.364799, 55.900074], [37.364009, 55.900245], [37.363664, 55.900296], [37.363369, 55.900304], [37.363034, 55.900297], [37.362854, 55.900289], [37.362693, 55.900309], [37.362536, 55.900359], [37.362406, 55.900411], [37.362364, 55.900442], [37.362282, 55.900506], [37.362105, 55.90065], [37.361967, 55.900778], [37.361889, 55.900868], [37.361845, 55.900972], [37.361833, 55.901133], [37.361778, 55.901385], [37.361771, 55.901455]]]}}, {"type": "Feature", "properties": {"name": "Митино", "name_en": "Mitino", "okrug": "СЗАО", "source_name": "Митино", "okato": "45283559", "oktmo": "45367000"}, "geometry": {"type": "Polygon", "coordinates": [[[37.332044, 55.845948], [37.332046, 55.845982], [37.332062, 55.846058], [37.3321, 55.846141], [37.332108, 55.846196], [37.332091, 55.846222], [37.332069, 55.846265], [37.332077, 55.8463], [37.332101, 55.846316], [37.332225, 55.846343], [37.332267, 55.846366], [37.332315, 55.846427], [37.332342, 55.846456], [37.332384, 55.846486], [37.332425, 55.846516], [37.332437, 55.846533], [37.332464, 55.84655], [37.332485, 55.846558], [37.332528, 55.846562], [37.33255, 55.84657], [37.332561, 55.846576], [37.332564, 55.846585], [37.332562, 55.846606], [37.332566, 55.846615], [37.33258, 55.846622], [37.332598, 55.846628], [37.332619, 55.846629], [37.332659, 55.846631], [37.332673, 55.846634], [37.332757, 55.846671], [37.332778, 55.846684], [37.332803, 55.846702], [37.332826, 55.84671], [37.33284, 55.846711], [37.332853, 55.84671], [37.332881, 55.846698], [37.332903, 55.846692], [37.332938, 55.846688], [37.332953, 55.846688], [37.332967, 55.846692], [37.333008, 55.846708], [37.333027, 55.846711], [37.33304, 55.846711], [37.333073, 55.846707], [37.333082, 55.846707], [37.3331, 55.846719], [37.333105, 55.846729], [37.333104, 55.846745], [37.333086, 55.846776], [37.333086, 55.846784], [37.333096, 55.846792], [37.333111, 55.8468], [37.333137, 55.846806], [37.333168, 55.846813], [37.333177, 55.846817], [37.33318, 55.846821], [37.333181, 55.846827], [37.333187, 55.846837], [37.333237, 55.846872], [37.33324, 55.846878], [37.333234, 55.846903], [37.33323, 55.846938], [37.333235, 55.846952], [37.333243, 55.846963], [37.333244, 55.846975], [37.33325, 55.846984], [37.333262, 55.84699], [37.333274, 55.846991], [37.333293, 55.846989], [37.333319, 55.846984], [37.333343, 55.846983], [37.333381, 55.846986], [37.3334, 55.846986], [37.33343, 55.846993], [37.333448, 55.847], [37.333464, 55.847009], [37.333476, 55.84702], [37.333482, 55.847031], [37.333482, 55.847043], [37.333478, 55.847053], [37.333468, 55.847061], [37.333445, 55.847073], [37.33343, 55.847082], [37.333426, 55.84709], [37.333425, 55.847095], [37.333435, 55.847111], [37.333433, 55.847119], [37.33341, 55.847144], [37.33341, 55.847149], [37.333413, 55.847154], [37.333423, 55.847156], [37.333444, 55.847157], [37.333468, 55.847154], [37.333509, 55.847145], [37.333556, 55.84713], [37.333589, 55.847123], [37.333614, 55.847122], [37.333635, 55.847124], [37.333662, 55.847129], [37.333707, 55.847148], [37.333743, 55.847169], [37.33375, 55.847178], [37.333754, 55.847207], [37.333763, 55.847217], [37.333779, 55.847228], [37.333794, 55.847236], [37.333832, 55.847248], [37.333863, 55.847271], [37.333891, 55.847297], [37.333902, 55.847304], [37.33397, 55.847313], [37.334006, 55.847316], [37.334021, 55.847319], [37.334034, 55.847323], [37.334044, 55.847328], [37.334058, 55.847346], [37.334075, 55.847355], [37.334079, 55.84736], [37.334081, 55.847372], [37.334095, 55.847393], [37.334103, 55.847407], [37.334102, 55.847415], [37.33408, 55.847442], [37.334065, 55.847448], [37.334015, 55.847461], [37.333964, 55.847464], [37.333947, 55.847467], [37.333933, 55.847474], [37.333927, 55.847479], [37.333927, 55.847486], [37.333937, 55.847503], [37.333952, 55.84752], [37.333963, 55.84753], [37.333987, 55.847542], [37.333993, 55.847547], [37.333994, 55.847553], [37.333992, 55.847568], [37.333985, 55.847584], [37.333983, 55.847598], [37.333996, 55.847624], [37.333996, 55.847635], [37.333998, 55.847643], [37.334007, 55.847643], [37.334024, 55.847642], [37.334048, 55.847634], [37.334055, 55.847635], [37.33406, 55.847638], [37.334068, 55.847653], [37.334079, 55.847687], [37.334089, 55.847703], [37.334109, 55.847717], [37.334128, 55.847728], [37.334151, 55.847734], [37.334199, 55.847742], [37.334245, 55.847748], [37.334283, 55.847752], [37.334323, 55.847752], [37.33437, 55.847746], [37.334455, 55.847725], [37.33448, 55.847723], [37.334524, 55.847724], [37.334543, 55.847721], [37.33455, 55.847718], [37.334555, 55.847711], [37.334565, 55.847691], [37.334579, 55.847679], [37.334594, 55.847673], [37.334612, 55.84767], [37.334624, 55.84767], [37.334655, 55.847673], [37.334673, 55.847671], [37.334688, 55.847666], [37.334706, 55.847664], [37.334763, 55.847663], [37.334784, 55.847659], [37.334796, 55.847656], [37.334806, 55.847655], [37.334817, 55.847659], [37.334829, 55.847667], [37.334834, 55.847702], [37.334838, 55.847707], [37.334849, 55.847709], [37.334862, 55.847709], [37.334892, 55.847701], [37.334905, 55.847698], [37.334945, 55.847686], [37.334972, 55.847683], [37.33501, 55.847683], [37.335039, 55.84768], [37.335058, 55.847675], [37.335077, 55.847666], [37.33509, 55.847662], [37.335106, 55.847662], [37.335131, 55.847666], [37.335156, 55.847673], [37.335219, 55.847704], [37.335228, 55.847706], [37.335236, 55.847706], [37.335251, 55.847705], [37.335266, 55.8477], [37.33528, 55.847692], [37.335296, 55.847691], [37.335321, 55.847692], [37.33534, 55.847695], [37.335356, 55.847701], [37.335369, 55.847711], [37.33538, 55.847721], [37.335386, 55.847732], [37.335387, 55.847764], [37.335397, 55.847776], [37.335408, 55.847783], [37.335432, 55.847793], [37.335451, 55.847809], [37.335462, 55.847816], [37.335481, 55.847819], [37.335499, 55.847817], [37.335539, 55.847794], [37.335559, 55.84779], [37.335579, 55.847789], [37.335603, 55.847793], [37.335619, 55.847799], [37.33563, 55.847805], [37.335637, 55.847821], [37.335635, 55.847832], [37.33563, 55.847843], [37.335622, 55.847851], [37.335613, 55.847857], [37.335598, 55.847863], [37.33559, 55.847872], [37.335587, 55.847882], [37.335589, 55.847891], [37.335598, 55.8479], [37.335613, 55.84791], [37.335635, 55.84792], [37.335667, 55.847932], [37.335675, 55.847939], [37.335682, 55.847952], [37.335685, 55.847966], [37.335689, 55.847977], [37.335696, 55.847985], [37.335714, 55.847996], [37.335731, 55.848002], [37.335752, 55.848009], [37.335766, 55.848016], [37.335777, 55.848024], [37.33579, 55.848029], [37.335807, 55.848031], [37.335826, 55.848031], [37.335847, 55.848025], [37.33588, 55.848014], [37.335892, 55.848011], [37.335908, 55.848012], [37.335921, 55.848016], [37.335941, 55.848027], [37.335962, 55.848036], [37.335984, 55.848043], [37.336011, 55.848048], [37.336043, 55.84805], [37.336065, 55.848054], [37.336089, 55.848062], [37.336112, 55.848073], [37.336126, 55.848075], [37.336138, 55.848075], [37.336149, 55.848071], [37.336181, 55.848055], [37.336209, 55.848045], [37.336233, 55.848041], [37.336258, 55.848041], [37.336284, 55.848044], [37.336311, 55.848051], [37.336326, 55.848049], [37.336363, 55.848041], [37.336413, 55.848027], [37.336442, 55.84802], [37.336464, 55.848018], [37.336491, 55.848013], [37.336545, 55.848], [37.336563, 55.847997], [37.336576, 55.847997], [37.336603, 55.848001], [37.336671, 55.848002], [37.336701, 55.848006], [37.336723, 55.848011], [37.33675, 55.84802], [37.336773, 55.848031], [37.336785, 55.848039], [37.336795, 55.84805], [37.336797, 55.848057], [37.336839, 55.848078], [37.336848, 55.848087], [37.33685, 55.848097], [37.336838, 55.848114], [37.336833, 55.848125], [37.336842, 55.848132], [37.336884, 55.848143], [37.336919, 55.848147], [37.336961, 55.848148], [37.337024, 55.848139], [37.337054, 55.848137], [37.337081, 55.848141], [37.337156, 55.848163], [37.337168, 55.848171], [37.33717, 55.848178], [37.337164, 55.84819], [37.337154, 55.848203], [37.337156, 55.848224], [37.33716, 55.848238], [37.337178, 55.848255], [37.337176, 55.848268], [37.337163, 55.848278], [37.337123, 55.848293], [37.337117, 55.848303], [37.33711, 55.848324], [37.337094, 55.848333], [37.337072, 55.848339], [37.337029, 55.84834], [37.337005, 55.848345], [37.336983, 55.848359], [37.336974, 55.848371], [37.336972, 55.848385], [37.336976, 55.84841], [37.336972, 55.84842], [37.336958, 55.848426], [37.336926, 55.848431], [37.33692, 55.848437], [37.336916, 55.848445], [37.336919, 55.848464], [37.336927, 55.848477], [37.336942, 55.848488], [37.336961, 55.848493], [37.337006, 55.848494], [37.337024, 55.848492], [37.337105, 55.848464], [37.337126, 55.848461], [37.337147, 55.848461], [37.337165, 55.848464], [37.337178, 55.848472], [37.337183, 55.84848], [37.337191, 55.848501], [37.3372, 55.848508], [37.337211, 55.84851], [37.337248, 55.848509], [37.337261, 55.84851], [37.337278, 55.848519], [37.337292, 55.848532], [37.337298, 55.848543], [37.337306, 55.848583], [37.337302, 55.848597], [37.337287, 55.848617], [37.337269, 55.848634], [37.337261, 55.848652], [37.337251, 55.848692], [37.33725, 55.848718], [37.337254, 55.848732], [37.337266, 55.848746], [37.337325, 55.848786], [37.337328, 55.848793], [37.337333, 55.848799], [37.337354, 55.848804], [37.337372, 55.848805], [37.33742, 55.848805], [37.337441, 55.84881], [37.337455, 55.848817], [37.337478, 55.84884], [37.337489, 55.848844], [37.337508, 55.848845], [37.337534, 55.848845], [37.337548, 55.848851], [37.337554, 55.848866], [37.337564, 55.848868], [37.337577, 55.848867], [37.337601, 55.848856], [37.337617, 55.848855], [37.337629, 55.84886], [37.337637, 55.848868], [37.337639, 55.848882], [37.337654, 55.848891], [37.337666, 55.848891], [37.337692, 55.848885], [37.337708, 55.848885], [37.337722, 55.848889], [37.337739, 55.848895], [37.337751, 55.848909], [37.337773, 55.848915], [37.337806, 55.84892], [37.337878, 55.848964], [37.337911, 55.848972], [37.337929, 55.848971], [37.337951, 55.848966], [37.338, 55.848952], [37.338081, 55.848905], [37.338112, 55.848896], [37.338152, 55.848894], [37.338187, 55.848901], [37.338229, 55.848913], [37.338254, 55.848923], [37.33827, 55.848941], [37.338278, 55.84896], [37.338273, 55.848982], [37.338259, 55.849003], [37.338257, 55.849015], [37.338265, 55.849027], [37.338287, 55.84905], [37.338302, 55.849073], [37.338312, 55.849103], [37.338314, 55.849122], [37.338299, 55.849144], [37.338273, 55.849157], [37.338222, 55.849174], [37.338182, 55.849182], [37.338157, 55.849179], [37.338127, 55.84917], [37.338109, 55.84917], [37.338092, 55.849177], [37.338076, 55.84919], [37.338062, 55.849221], [37.338049, 55.849228], [37.338029, 55.849239], [37.338018, 55.849249], [37.338008, 55.849272], [37.337996, 55.849277], [37.337963, 55.849273], [37.337949, 55.849275], [37.337944, 55.849281], [37.337935, 55.849308], [37.337928, 55.849312], [37.337915, 55.849314], [37.337901, 55.849312], [37.337881, 55.849298], [37.337867, 55.849293], [37.337855, 55.849295], [37.33784, 55.849302], [37.337833, 55.849315], [37.337828, 55.849334], [37.337828, 55.849353], [37.33782, 55.849363], [37.337805, 55.849367], [37.337784, 55.849367], [37.337764, 55.849361], [37.337751, 55.849353], [37.337736, 55.84935], [37.337722, 55.849352], [37.337711, 55.849361], [37.337708, 55.84937], [37.337708, 55.849382], [37.337718, 55.849392], [37.337738, 55.849402], [37.337739, 55.849407], [37.337733, 55.849409], [37.337703, 55.849415], [37.337687, 55.849421], [37.337682, 55.849426], [37.337684, 55.849434], [37.337707, 55.849449], [37.337711, 55.849455], [37.33771, 55.849463], [37.3377, 55.849469], [37.33768, 55.849472], [37.337645, 55.849469], [37.337634, 55.849471], [37.337626, 55.849475], [37.33762, 55.849484], [37.337617, 55.849513], [37.337611, 55.849521], [37.337597, 55.849529], [37.337571, 55.849539], [37.337563, 55.849545], [37.337561, 55.849555], [37.337568, 55.849569], [37.337563, 55.849576], [37.337555, 55.84958], [37.337524, 55.849581], [37.337515, 55.849585], [37.337512, 55.84959], [37.337515, 55.8496], [37.337524, 55.849608], [37.337559, 55.849629], [37.337567, 55.849636], [37.337571, 55.849643], [37.337575, 55.849703], [37.337579, 55.849714], [37.337587, 55.849723], [37.337603, 55.849734], [37.337623, 55.849746], [37.337629, 55.849755], [37.337628, 55.849808], [37.337634, 55.849827], [37.337644, 55.849836], [37.337657, 55.849844], [37.337671, 55.849848], [37.337682, 55.849848], [37.337693, 55.849846], [37.337706, 55.84984], [37.337714, 55.849829], [37.337722, 55.849823], [37.337742, 55.849815], [37.337763, 55.849812], [37.337797, 55.849813], [37.337831, 55.84982], [37.337884, 55.849837], [37.337937, 55.849858], [37.338008, 55.849891], [37.338053, 55.849916], [37.338062, 55.849924], [37.338065, 55.84993], [37.338066, 55.849937], [37.338076, 55.849944], [37.338104, 55.849962], [37.338149, 55.849987], [37.338168, 55.84999], [37.338225, 55.849988], [37.338243, 55.849987], [37.338263, 55.849988], [37.338287, 55.849994], [37.338308, 55.850004], [37.338325, 55.850015], [37.338341, 55.850033], [37.338351, 55.85004], [37.338369, 55.850047], [37.338397, 55.850051], [37.338433, 55.850051], [37.338453, 55.850056], [37.338473, 55.850064], [37.338482, 55.850071], [37.338488, 55.85008], [37.338491, 55.850094], [37.338487, 55.850111], [37.338493, 55.850119], [37.338506, 55.850124], [37.338532, 55.850128], [37.338554, 55.850147], [37.338564, 55.85015], [37.338588, 55.850149], [37.338602, 55.850151], [37.338613, 55.850156], [37.338614, 55.850163], [37.338608, 55.850177], [37.33861, 55.850192], [37.338624, 55.850207], [37.338647, 55.850221], [37.338683, 55.850231], [37.338697, 55.850237], [37.338707, 55.850246], [37.338707, 55.850262], [37.338701, 55.850282], [37.338701, 55.850302], [37.338709, 55.850319], [37.338735, 55.850342], [37.338754, 55.850353], [37.338812, 55.850373], [37.338869, 55.850402], [37.338934, 55.850421], [37.338966, 55.850439], [37.338984, 55.850461], [37.339077, 55.850641], [37.339093, 55.850676], [37.339117, 55.850703], [37.339174, 55.850752], [37.339267, 55.850815], [37.339376, 55.850866], [37.339473, 55.85091], [37.339564, 55.850952], [37.339697, 55.851017], [37.339776, 55.85106], [37.339847, 55.851105], [37.339896, 55.851142], [37.33993, 55.851174], [37.339948, 55.851198], [37.339958, 55.851229], [37.339982, 55.851256], [37.340007, 55.851275], [37.340041, 55.851288], [37.34011, 55.851317], [37.340169, 55.851344], [37.340209, 55.851369], [37.340243, 55.851399], [37.340266, 55.851422], [37.340296, 55.851448], [37.340342, 55.851473], [37.340383, 55.851493], [37.340421, 55.851517], [37.340443, 55.851538], [37.340462, 55.85157], [37.340502, 55.85168], [37.340542, 55.851756], [37.34057, 55.851818], [37.340602, 55.851932], [37.34061, 55.851988], [37.340608, 55.85202], [37.340561, 55.852121], [37.340561, 55.852158], [37.340564, 55.852204], [37.340593, 55.852257], [37.340629, 55.852304], [37.340702, 55.852385], [37.340762, 55.852433], [37.340865, 55.852483], [37.340904, 55.852514], [37.34093, 55.852545], [37.340942, 55.852576], [37.340946, 55.852615], [37.340942, 55.85265], [37.340936, 55.852675], [37.340909, 55.852705], [37.340877, 55.852726], [37.340822, 55.852744], [37.340749, 55.852759], [37.340674, 55.852772], [37.340633, 55.852781], [37.340588, 55.852798], [37.340544, 55.85282], [37.340489, 55.85286], [37.340456, 55.852902], [37.340419, 55.852967], [37.340405, 55.853007], [37.340401, 55.853046], [37.340399, 55.853091], [37.34039, 55.853122], [37.340372, 55.853167], [37.340364, 55.853214], [37.340368, 55.853265], [37.340365, 55.853319], [37.340361, 55.853368], [37.340349, 55.853409], [37.340322, 55.85347], [37.340304, 55.853504], [37.340283, 55.853536], [37.340273, 55.853572], [37.340254, 55.853664], [37.34024, 55.853711], [37.340228, 55.85373], [37.340118, 55.853842], [37.340087, 55.853881], [37.340069, 55.853925], [37.340048, 55.853982], [37.340034, 55.854048], [37.340037, 55.854137], [37.340036, 55.854224], [37.34002, 55.854301], [37.34002, 55.85437], [37.339995, 55.854434], [37.339913, 55.854535], [37.339839, 55.854608], [37.339741, 55.854746], [37.339683, 55.854833], [37.339601, 55.854947], [37.339568, 55.855071], [37.339551, 55.855176], [37.339575, 55.855336], [37.339687, 55.855507], [37.340054, 55.855724], [37.340215, 55.855845], [37.34029, 55.856001], [37.34028, 55.856099], [37.340225, 55.856191], [37.340086, 55.856394], [37.34007, 55.856475], [37.340115, 55.85653], [37.340194, 55.856581], [37.340293, 55.856656], [37.340352, 55.856745], [37.340351, 55.856859], [37.340346, 55.856968], [37.340291, 55.857049], [37.34028, 55.857182], [37.340344, 55.857323], [37.340413, 55.857478], [37.340491, 55.857709], [37.340604, 55.857952], [37.340634, 55.858049], [37.340698, 55.858133], [37.340816, 55.858219], [37.341014, 55.858342], [37.341266, 55.858529], [37.341355, 55.858574], [37.341454, 55.858691], [37.341483, 55.858783], [37.341447, 55.858967], [37.341472, 55.859067], [37.341506, 55.859159], [37.34161, 55.85924], [37.341684, 55.859321], [37.341723, 55.859429], [37.341747, 55.859555], [37.341757, 55.859669], [37.341781, 55.859705], [37.341826, 55.859747], [37.341836, 55.859778], [37.341919, 55.860001], [37.342007, 55.860193], [37.342022, 55.860207], [37.342161, 55.860257], [37.34224, 55.860288], [37.342334, 55.860352], [37.342477, 55.860444], [37.342566, 55.860517], [37.342618, 55.860594], [37.345194, 55.861309], [37.346585, 55.862236], [37.34588, 55.862944], [37.346413, 55.863062], [37.34648, 55.863129], [37.347059, 55.863184], [37.347834, 55.86343], [37.349392, 55.863528], [37.349819, 55.863799], [37.357891, 55.864265], [37.359114, 55.865069], [37.359475, 55.865515], [37.359867, 55.865857], [37.360147, 55.866057], [37.361729, 55.867114], [37.362322, 55.867503], [37.362346, 55.86752], [37.36238, 55.867523], [37.362424, 55.867529], [37.362492, 55.867523], [37.36258, 55.867524], [37.362614, 55.86753], [37.36265, 55.867549], [37.362727, 55.867587], [37.362772, 55.86762], [37.362806, 55.86764], [37.362822, 55.867647], [37.362836, 55.867648], [37.362852, 55.867641], [37.362856, 55.867632], [37.362864, 55.867593], [37.362852, 55.867558], [37.362818, 55.86751], [37.362808, 55.867464], [37.362816, 55.867448], [37.362834, 55.86744], [37.362876, 55.867433], [37.362955, 55.867435], [37.363025, 55.867431], [37.36305, 55.867427], [37.363059, 55.867412], [37.363072, 55.867376], [37.363078, 55.867361], [37.363095, 55.867356], [37.363154, 55.867352], [37.363232, 55.867349], [37.363253, 55.867341], [37.363277, 55.867326], [37.363355, 55.867318], [37.363436, 55.867318], [37.363496, 55.867325], [37.363541, 55.867345], [37.363577, 55.867379], [37.363585, 55.8674], [37.363561, 55.867423], [37.363535, 55.867447], [37.363532, 55.867466], [37.363558, 55.867488], [37.363581, 55.867518], [37.363595, 55.867534], [37.363619, 55.867541], [37.363642, 55.867533], [37.363695, 55.867499], [37.363745, 55.867478], [37.363807, 55.867469], [37.363852, 55.867445], [37.363882, 55.867435], [37.363914, 55.867434], [37.363941, 55.867446], [37.363939, 55.867483], [37.363941, 55.867517], [37.363957, 55.867553], [37.363982, 55.867579], [37.364037, 55.867597], [37.3641, 55.867617], [37.364152, 55.867631], [37.364217, 55.867631], [37.364296, 55.867621], [37.364356, 55.867605], [37.364401, 55.867573], [37.364432, 55.867545], [37.364448, 55.86754], [37.364471, 55.867541], [37.364508, 55.867562], [37.364548, 55.867575], [37.364598, 55.867567], [37.364645, 55.867546], [37.364706, 55.867506], [37.364743, 55.867458], [37.364789, 55.867428], [37.364838, 55.867405], [37.364884, 55.867398], [37.364932, 55.867402], [37.364981, 55.867416], [37.365033, 55.867438], [37.365082, 55.867463], [37.36512, 55.867497], [37.365168, 55.867546], [37.365217, 55.867579], [37.365239, 55.867606], [37.365237, 55.867629], [37.365209, 55.86765], [37.365161, 55.867699], [37.365128, 55.867747], [37.365105, 55.867797], [37.365103, 55.867831], [37.365121, 55.867859], [37.365159, 55.867885], [37.365205, 55.867899], [37.365251, 55.867899], [37.365305, 55.867891], [37.365352, 55.867859], [37.365406, 55.867819], [37.365447, 55.867802], [37.365483, 55.867797], [37.365504, 55.867799], [37.365517, 55.867804], [37.365535, 55.867833], [37.365558, 55.867876], [37.365579, 55.867907], [37.3656, 55.867924], [37.36562, 55.867927], [37.365644, 55.867924], [37.36568, 55.867909], [37.365709, 55.867881], [37.365739, 55.867862], [37.365764, 55.867857], [37.365781, 55.867858], [37.365806, 55.867864], [37.36582, 55.867885], [37.365826, 55.867942], [37.365837, 55.867967], [37.365861, 55.867983], [37.365913, 55.867986], [37.366062, 55.86798], [37.366106, 55.86797], [37.366124, 55.867948], [37.366152, 55.867912], [37.366181, 55.867888], [37.366212, 55.867874], [37.366243, 55.867873], [37.366288, 55.867879], [37.366319, 55.867882], [37.366339, 55.867876], [37.36635, 55.867861], [37.366353, 55.86784], [37.366384, 55.867832], [37.366436, 55.867822], [37.366478, 55.867822], [37.366512, 55.867835], [37.36654, 55.867857], [37.3666, 55.867902], [37.366664, 55.867949], [37.366709, 55.867991], [37.366746, 55.868018], [37.366794, 55.868026], [37.366844, 55.868028], [37.366877, 55.868018], [37.366897, 55.867987], [37.366904, 55.867932], [37.366907, 55.867867], [37.366926, 55.867838], [37.366959, 55.867823], [37.367013, 55.86782], [37.367074, 55.867825], [37.367162, 55.867817], [37.367224, 55.867809], [37.367293, 55.867786], [37.367337, 55.867782], [37.367365, 55.867793], [37.367369, 55.867806], [37.367341, 55.867826], [37.367294, 55.867865], [37.367291, 55.867903], [37.367275, 55.867931], [37.367267, 55.867973], [37.36728, 55.867998], [37.367316, 55.868014], [37.367351, 55.868019], [37.367395, 55.868004], [37.36746, 55.867968], [37.367521, 55.867933], [37.367542, 55.867905], [37.367538, 55.867874], [37.367514, 55.867852], [37.367486, 55.86782], [37.367491, 55.867782], [37.367525, 55.867748], [37.367559, 55.867724], [37.367585, 55.867722], [37.367606, 55.867726], [37.367651, 55.867733], [37.367699, 55.867732], [37.367749, 55.867702], [37.367793, 55.867669], [37.367826, 55.867619], [37.36784, 55.867583], [37.367857, 55.867579], [37.367875, 55.86758], [37.367919, 55.867585], [37.367992, 55.867607], [37.368018, 55.867612], [37.368057, 55.867602], [37.368123, 55.867593], [37.368191, 55.867583], [37.36825, 55.867577], [37.368286, 55.867587], [37.368317, 55.867607], [37.368354, 55.867624], [37.368412, 55.867627], [37.368476, 55.867629], [37.368518, 55.86763], [37.368555, 55.867643], [37.368577, 55.867661], [37.368589, 55.867683], [37.368592, 55.867718], [37.368598, 55.867748], [37.368628, 55.867776], [37.368679, 55.867795], [37.368727, 55.867812], [37.368783, 55.867821], [37.368841, 55.867821], [37.368917, 55.867813], [37.369022, 55.867798], [37.369128, 55.86779], [37.369186, 55.867795], [37.369239, 55.867795], [37.369301, 55.867786], [37.369352, 55.867774], [37.36938, 55.867759], [37.369379, 55.86773], [37.369354, 55.8677], [37.369309, 55.867654], [37.369286, 55.867621], [37.36928, 55.867597], [37.3693, 55.867581], [37.369356, 55.867561], [37.369403, 55.867546], [37.369457, 55.867547], [37.369502, 55.867562], [37.369523, 55.867577], [37.369544, 55.867595], [37.369566, 55.867608], [37.369589, 55.867612], [37.369617, 55.86761], [37.369659, 55.8676], [37.369722, 55.867585], [37.369757, 55.867585], [37.369785, 55.867588], [37.369804, 55.867593], [37.369812, 55.867609], [37.369819, 55.867639], [37.369832, 55.86766], [37.36986, 55.867673], [37.369888, 55.867683], [37.369923, 55.867684], [37.369951, 55.867674], [37.369969, 55.867655], [37.369975, 55.867612], [37.369981, 55.867563], [37.369991, 55.867537], [37.369993, 55.867503], [37.36999, 55.867469], [37.369994, 55.867438], [37.370024, 55.867413], [37.370057, 55.86739], [37.370081, 55.867373], [37.37011, 55.867354], [37.370144, 55.867349], [37.370203, 55.867349], [37.370275, 55.867346], [37.370357, 55.867341], [37.370407, 55.867335], [37.370516, 55.867319], [37.370618, 55.867312], [37.370658, 55.867317], [37.370689, 55.867328], [37.370735, 55.867363], [37.370784, 55.867394], [37.370823, 55.867417], [37.370853, 55.867424], [37.370941, 55.867428], [37.370981, 55.867446], [37.371032, 55.867467], [37.371076, 55.867475], [37.371133, 55.867471], [37.371189, 55.867455], [37.371247, 55.867425], [37.371261, 55.867409], [37.371285, 55.867367], [37.371333, 55.86734], [37.371367, 55.867336], [37.371399, 55.867342], [37.371454, 55.86735], [37.371497, 55.867346], [37.371517, 55.867344], [37.371541, 55.867353], [37.371556, 55.867371], [37.371543, 55.867391], [37.371525, 55.867409], [37.371515, 55.867443], [37.371545, 55.867459], [37.371601, 55.867462], [37.37166, 55.867461], [37.371692, 55.867481], [37.37171, 55.867493], [37.371736, 55.867504], [37.371769, 55.867508], [37.371795, 55.867515], [37.371837, 55.867538], [37.371869, 55.867551], [37.371905, 55.867553], [37.371971, 55.867539], [37.372, 55.867544], [37.37205, 55.867575], [37.372099, 55.867596], [37.372162, 55.867618], [37.372208, 55.867638], [37.372254, 55.867661], [37.372292, 55.867687], [37.372314, 55.867686], [37.372338, 55.867675], [37.372355, 55.867649], [37.37241, 55.867617], [37.372519, 55.867572], [37.372542, 55.867556], [37.372548, 55.867531], [37.372514, 55.867515], [37.372465, 55.867506], [37.372392, 55.867494], [37.372358, 55.867483], [37.372353, 55.86747], [37.37238, 55.86745], [37.37245, 55.867398], [37.372464, 55.867377], [37.372479, 55.867332], [37.372512, 55.867296], [37.372543, 55.867274], [37.372573, 55.867261], [37.372616, 55.867238], [37.37268, 55.867218], [37.372742, 55.867206], [37.372788, 55.867201], [37.37283, 55.867197], [37.372865, 55.867199], [37.372904, 55.867206], [37.372977, 55.867213], [37.373009, 55.867201], [37.373032, 55.867182], [37.373089, 55.867155], [37.373123, 55.867153], [37.373145, 55.867161], [37.373198, 55.86718], [37.373223, 55.867185], [37.373253, 55.867183], [37.37329, 55.867182], [37.373321, 55.867187], [37.373362, 55.867203], [37.373386, 55.867201], [37.373424, 55.86719], [37.373451, 55.86719], [37.373487, 55.867194], [37.373567, 55.867195], [37.373606, 55.867202], [37.373645, 55.867236], [37.373662, 55.867242], [37.373705, 55.867247], [37.373734, 55.867259], [37.373741, 55.867283], [37.373731, 55.867299], [37.373705, 55.867316], [37.373632, 55.86734], [37.373609, 55.867354], [37.373619, 55.867373], [37.373657, 55.867394], [37.37369, 55.867398], [37.373726, 55.867403], [37.373753, 55.86742], [37.373784, 55.867452], [37.37381, 55.867465], [37.373856, 55.867467], [37.373901, 55.867454], [37.373929, 55.867451], [37.373952, 55.867459], [37.373964, 55.867492], [37.374002, 55.86751], [37.374018, 55.867515], [37.374053, 55.867537], [37.374049, 55.867578], [37.374059, 55.867594], [37.374084, 55.8676], [37.374171, 55.867587], [37.374199, 55.867592], [37.374225, 55.867607], [37.374262, 55.867641], [37.374288, 55.867679], [37.374289, 55.867723], [37.374298, 55.867755], [37.374315, 55.867776], [37.374324, 55.86778], [37.374355, 55.867787], [37.374436, 55.867782], [37.374462, 55.867786], [37.374494, 55.867795], [37.374543, 55.867814], [37.374589, 55.867828], [37.374626, 55.867828], [37.374654, 55.867819], [37.374714, 55.867783], [37.374737, 55.867778], [37.374763, 55.867776], [37.374798, 55.867791], [37.374819, 55.8678], [37.374838, 55.867809], [37.374871, 55.867814], [37.374924, 55.867817], [37.37497, 55.867823], [37.374988, 55.867826], [37.375028, 55.867848], [37.375077, 55.867879], [37.375115, 55.867901], [37.375142, 55.867906], [37.375211, 55.867901], [37.375243, 55.867886], [37.375261, 55.867874], [37.375286, 55.867838], [37.375298, 55.867831], [37.375325, 55.86783], [37.375377, 55.867835], [37.375403, 55.86785], [37.375429, 55.867866], [37.375458, 55.867868], [37.375474, 55.867861], [37.375513, 55.867832], [37.375549, 55.867824], [37.37557, 55.867829], [37.375691, 55.867855], [37.375746, 55.867878], [37.375785, 55.867903], [37.375805, 55.867948], [37.375806, 55.867975], [37.375803, 55.868], [37.375809, 55.868023], [37.375838, 55.868032], [37.375944, 55.868025], [37.37597, 55.868019], [37.376024, 55.867999], [37.376058, 55.867995], [37.376078, 55.867999], [37.376097, 55.86802], [37.376117, 55.868029], [37.376161, 55.868032], [37.376211, 55.868027], [37.376238, 55.868017], [37.376278, 55.867996], [37.376298, 55.867999], [37.376339, 55.86802], [37.376349, 55.868035], [37.376347, 55.868069], [37.376361, 55.86809], [37.376424, 55.86812], [37.376468, 55.868119], [37.376524, 55.868113], [37.376542, 55.868122], [37.376561, 55.868156], [37.37658, 55.868176], [37.376603, 55.868181], [37.376627, 55.868174], [37.376648, 55.868163], [37.376673, 55.86816], [37.376688, 55.868162], [37.376738, 55.8682], [37.37675, 55.868209], [37.376764, 55.868234], [37.376756, 55.868251], [37.376739, 55.868269], [37.376735, 55.868288], [37.376754, 55.868309], [37.376779, 55.868319], [37.376807, 55.868322], [37.376842, 55.868309], [37.376879, 55.868285], [37.376942, 55.868246], [37.376976, 55.868231], [37.376995, 55.868228], [37.37702, 55.868226], [37.377047, 55.868233], [37.377109, 55.868264], [37.377158, 55.868289], [37.377195, 55.868293], [37.377296, 55.868285], [37.377355, 55.868285], [37.377374, 55.868295], [37.377417, 55.868336], [37.37746, 55.868361], [37.377489, 55.868362], [37.377524, 55.868354], [37.377561, 55.868342], [37.377591, 55.868329], [37.377614, 55.868305], [37.377615, 55.868268], [37.377626, 55.868248], [37.377644, 55.868239], [37.377659, 55.868234], [37.377687, 55.868222], [37.377705, 55.868208], [37.377701, 55.868198], [37.377663, 55.868173], [37.377654, 55.868161], [37.377655, 55.868149], [37.377671, 55.868133], [37.377694, 55.868121], [37.37774, 55.868108], [37.377782, 55.868102], [37.377859, 55.86809], [37.377886, 55.86808], [37.377903, 55.868057], [37.37791, 55.868037], [37.377926, 55.868019], [37.377944, 55.868008], [37.37797, 55.868004], [37.377989, 55.868005], [37.378013, 55.868008], [37.378032, 55.868018], [37.378055, 55.868052], [37.378076, 55.868069], [37.378116, 55.868073], [37.378147, 55.86807], [37.378207, 55.868049], [37.378241, 55.86804], [37.378285, 55.868039], [37.37832, 55.868043], [37.378348, 55.868052], [37.378363, 55.868061], [37.378372, 55.868098], [37.3784, 55.868122], [37.378435, 55.868138], [37.378472, 55.868144], [37.3785, 55.868143], [37.37853, 55.86814], [37.378552, 55.868132], [37.378569, 55.868123], [37.378577, 55.868116], [37.378585, 55.868106], [37.378594, 55.86809], [37.378604, 55.868077], [37.378612, 55.86807], [37.378624, 55.868064], [37.378636, 55.868061], [37.37865, 55.868058], [37.378665, 55.868058], [37.378687, 55.868061], [37.378691, 55.868054], [37.37868, 55.868012], [37.378669, 55.868001], [37.378652, 55.868001], [37.378586, 55.868022], [37.378561, 55.868026], [37.378544, 55.868028], [37.378518, 55.868014], [37.378476, 55.867998], [37.378457, 55.867974], [37.378454, 55.867964], [37.378459, 55.867942], [37.378477, 55.867928], [37.378519, 55.867917], [37.378616, 55.867912], [37.378715, 55.867904], [37.37882, 55.867886], [37.378856, 55.867876], [37.378872, 55.867867], [37.378887, 55.867854], [37.378884, 55.867831], [37.37887, 55.867821], [37.378847, 55.867814], [37.378724, 55.867795], [37.378667, 55.86778], [37.37861, 55.867759], [37.378601, 55.867748], [37.378608, 55.867739], [37.378624, 55.867734], [37.378888, 55.867715], [37.378929, 55.867698], [37.378968, 55.867671], [37.378996, 55.867629], [37.379014, 55.86759], [37.379033, 55.867565], [37.379332, 55.867402], [37.379406, 55.867353], [37.379409, 55.86733], [37.3794, 55.867316], [37.379377, 55.867296], [37.379304, 55.867294], [37.379221, 55.867294], [37.379217, 55.867286], [37.379249, 55.867225], [37.379237, 55.867179], [37.379265, 55.867165], [37.379293, 55.867156], [37.379322, 55.867145], [37.379339, 55.867127], [37.379319, 55.867095], [37.379288, 55.86708], [37.379269, 55.867054], [37.379274, 55.867035], [37.379291, 55.867021], [37.379324, 55.866986], [37.379317, 55.866957], [37.379305, 55.866938], [37.379262, 55.86692], [37.379201, 55.866892], [37.37915, 55.866878], [37.379105, 55.866872], [37.379068, 55.866872], [37.379054, 55.86688], [37.37906, 55.866892], [37.379094, 55.866903], [37.379147, 55.866921], [37.379172, 55.866939], [37.379198, 55.866959], [37.379212, 55.866978], [37.379209, 55.866995], [37.379195, 55.867008], [37.379155, 55.867018], [37.379113, 55.867032], [37.379079, 55.867038], [37.379054, 55.867042], [37.379014, 55.867033], [37.378986, 55.867022], [37.378947, 55.867005], [37.378924, 55.866989], [37.378916, 55.86697], [37.378902, 55.866967], [37.378856, 55.866973], [37.378729, 55.86699], [37.378693, 55.866996], [37.378667, 55.867], [37.378633, 55.866998], [37.378611, 55.866993], [37.378584, 55.866978], [37.378594, 55.86696], [37.378614, 55.866954], [37.378642, 55.866947], [37.378665, 55.866936], [37.378672, 55.86692], [37.378706, 55.866891], [37.378706, 55.866884], [37.378695, 55.866876], [37.378679, 55.866877], [37.378638, 55.866883], [37.378528, 55.866925], [37.378496, 55.866924], [37.378461, 55.866924], [37.378419, 55.866931], [37.37836, 55.866925], [37.378333, 55.866917], [37.378336, 55.866906], [37.378345, 55.866885], [37.378367, 55.866872], [37.378451, 55.866838], [37.378448, 55.866808], [37.378435, 55.866796], [37.378435, 55.866757], [37.378421, 55.866718], [37.378403, 55.866691], [37.378369, 55.866666], [37.378336, 55.866648], [37.378322, 55.866632], [37.378319, 55.866612], [37.378326, 55.86658], [37.378321, 55.866571], [37.378308, 55.866565], [37.378285, 55.866561], [37.378264, 55.86657], [37.378243, 55.866602], [37.378232, 55.866622], [37.378201, 55.866648], [37.378189, 55.866648], [37.378163, 55.866637], [37.378136, 55.866616], [37.378111, 55.8666], [37.378068, 55.866589], [37.378032, 55.866577], [37.378019, 55.866573], [37.378011, 55.866557], [37.378022, 55.866543], [37.378049, 55.866535], [37.378089, 55.866531], [37.378124, 55.866526], [37.378155, 55.866515], [37.378187, 55.866495], [37.378207, 55.866469], [37.378233, 55.866448], [37.378225, 55.866409], [37.37823, 55.866359], [37.378272, 55.86628], [37.378252, 55.866265], [37.37822, 55.866236], [37.378204, 55.866216], [37.378204, 55.866202], [37.378224, 55.86619], [37.378326, 55.866156], [37.378348, 55.866142], [37.378352, 55.866121], [37.378352, 55.866089], [37.378334, 55.866059], [37.37831, 55.866043], [37.378228, 55.86602], [37.378161, 55.866011], [37.378073, 55.866002], [37.378013, 55.866002], [37.377984, 55.865992], [37.377945, 55.865976], [37.377914, 55.865954], [37.377916, 55.865915], [37.377945, 55.865893], [37.378017, 55.86586], [37.378145, 55.865832], [37.378154, 55.86577], [37.378122, 55.86572], [37.378041, 55.865604], [37.378003, 55.865488], [37.377979, 55.865447], [37.377932, 55.865309], [37.377929, 55.865223], [37.377932, 55.865192], [37.377951, 55.865127], [37.377963, 55.865118], [37.377983, 55.865094], [37.377742, 55.865058], [37.37764, 55.865013], [37.377555, 55.864954], [37.377496, 55.864887], [37.377456, 55.864804], [37.37745, 55.864719], [37.377471, 55.864612], [37.377513, 55.864532], [37.377562, 55.864459], [37.377605, 55.864399], [37.377662, 55.864367], [37.377763, 55.864345], [37.377896, 55.864321], [37.377971, 55.864274], [37.378022, 55.86423], [37.378032, 55.864129], [37.378091, 55.86403], [37.378209, 55.863965], [37.378495, 55.863883], [37.378718, 55.863804], [37.379021, 55.863707], [37.379157, 55.863627], [37.379224, 55.863563], [37.379373, 55.863488], [37.379698, 55.863364], [37.379771, 55.863294], [37.379807, 55.863215], [37.379812, 55.863118], [37.379775, 55.863035], [37.379707, 55.862946], [37.379596, 55.862821], [37.379486, 55.86273], [37.379355, 55.862656], [37.379118, 55.862559], [37.378765, 55.862431], [37.378632, 55.862374], [37.37847, 55.862295], [37.378367, 55.862216], [37.378273, 55.862134], [37.378203, 55.862067], [37.378174, 55.861992], [37.378171, 55.861942], [37.378192, 55.861887], [37.378218, 55.861763], [37.378222, 55.861678], [37.378207, 55.861531], [37.37824, 55.861387], [37.378296, 55.861258], [37.378329, 55.861166], [37.378348, 55.861056], [37.378397, 55.860957], [37.378478, 55.860845], [37.378578, 55.860722], [37.378645, 55.860666], [37.378743, 55.860615], [37.378876, 55.860557], [37.378984, 55.860493], [37.379161, 55.860383], [37.379344, 55.860303], [37.379499, 55.860236], [37.37964, 55.860141], [37.379748, 55.860056], [37.379867, 55.859973], [37.37995, 55.859901], [37.38, 55.859842], [37.38004, 55.859751], [37.380052, 55.859617], [37.38003, 55.859472], [37.380009, 55.859377], [37.379934, 55.8593], [37.379855, 55.85926], [37.379711, 55.859221], [37.379542, 55.859197], [37.379391, 55.859174], [37.379154, 55.859105], [37.37894, 55.859024], [37.378752, 55.858966], [37.378493, 55.858881], [37.378211, 55.8588], [37.378026, 55.858737], [37.377846, 55.85866], [37.377678, 55.858584], [37.377476, 55.858531], [37.377208, 55.858454], [37.377003, 55.858388], [37.376758, 55.85831], [37.376631, 55.858249], [37.376515, 55.858177], [37.376449, 55.858069], [37.376409, 55.85793], [37.376399, 55.857833], [37.376385, 55.85774], [37.376274, 55.857556], [37.376231, 55.857497], [37.376163, 55.857479], [37.376087, 55.857469], [37.376015, 55.857424], [37.375982, 55.857376], [37.375973, 55.857301], [37.375941, 55.857205], [37.375883, 55.857082], [37.375858, 55.856994], [37.37587, 55.856937], [37.375923, 55.856873], [37.375998, 55.856841], [37.376071, 55.856799], [37.376122, 55.856712], [37.376155, 55.856607], [37.376198, 55.856432], [37.376195, 55.856369], [37.376182, 55.856315], [37.376138, 55.856219], [37.376073, 55.856134], [37.375991, 55.856061], [37.375887, 55.855996], [37.37561, 55.855863], [37.375373, 55.855769], [37.375201, 55.855705], [37.375072, 55.855642], [37.374954, 55.855548], [37.374841, 55.855445], [37.374819, 55.85537], [37.374819, 55.855301], [37.374845, 55.855251], [37.374935, 55.85517], [37.375073, 55.855083], [37.37559, 55.854827], [37.376044, 55.854575], [37.376182, 55.854507], [37.376395, 55.854435], [37.376535, 55.854402], [37.376758, 55.85437], [37.376933, 55.854349], [37.37715, 55.854349], [37.377438, 55.854341], [37.377539, 55.854331], [37.377724, 55.854296], [37.377868, 55.854252], [37.377978, 55.854196], [37.378118, 55.8541], [37.378252, 55.854016], [37.37851, 55.853875], [37.378775, 55.853745], [37.37898, 55.853639], [37.379113, 55.853561], [37.379228, 55.853519], [37.379406, 55.853492], [37.379572, 55.853487], [37.379872, 55.853472], [37.380104, 55.853493], [37.380352, 55.853547], [37.380533, 55.853623], [37.380834, 55.853805], [37.381045, 55.853941], [37.381247, 55.854121], [37.38136, 55.854233], [37.381528, 55.85436], [37.381701, 55.854475], [37.381808, 55.854536], [37.381972, 55.854568], [37.382635, 55.854626], [37.382728, 55.854632], [37.38287, 55.85463], [37.38304, 55.854634], [37.383245, 55.854633], [37.383434, 55.854615], [37.383681, 55.854573], [37.383937, 55.854565], [37.384087, 55.85457], [37.384188, 55.85457], [37.384304, 55.854565], [37.384715, 55.854499], [37.384803, 55.854488], [37.384967, 55.854471], [37.385089, 55.854465], [37.385192, 55.854466], [37.385322, 55.854466], [37.385401, 55.85448], [37.385516, 55.85451], [37.385642, 55.854575], [37.385917, 55.854712], [37.385978, 55.854769], [37.386023, 55.854849], [37.386044, 55.854942], [37.386131, 55.855048], [37.386188, 55.855165], [37.386297, 55.855341], [37.386414, 55.855438], [37.386511, 55.855559], [37.386571, 55.855633], [37.386639, 55.855694], [37.386711, 55.85575], [37.3868, 55.855794], [37.386905, 55.855826], [37.387007, 55.855849], [37.387167, 55.855861], [37.387248, 55.85586], [37.387369, 55.855846], [37.387498, 55.855823], [37.38759, 55.855798], [37.387682, 55.855765], [37.387758, 55.85573], [37.387847, 55.855678], [37.387909, 55.855627], [37.387961, 55.855561], [37.38842, 55.855241], [37.388624, 55.855065], [37.38884, 55.854885], [37.389122, 55.854686], [37.389358, 55.854454], [37.389599, 55.854299], [37.389816, 55.854203], [37.389969, 55.854164], [37.390094, 55.854145], [37.39021, 55.854143], [37.390361, 55.854165], [37.39081, 55.854434], [37.391259, 55.854742], [37.391423, 55.854852], [37.391654, 55.854948], [37.392055, 55.85501], [37.392522, 55.855014], [37.392986, 55.854987], [37.393266, 55.854949], [37.393484, 55.854917], [37.393642, 55.854866], [37.393796, 55.854782], [37.393942, 55.854686], [37.394064, 55.85456], [37.394113, 55.854427], [37.394556, 55.854402], [37.395048, 55.854325], [37.39374, 55.851786], [37.392782, 55.850006], [37.392143, 55.848613], [37.391957, 55.847928], [37.39187, 55.84762], [37.391822, 55.847235], [37.391833, 55.846501], [37.391971, 55.845613], [37.392517, 55.844197], [37.392783, 55.843714], [37.393812, 55.842345], [37.394491, 55.841304], [37.394902, 55.840631], [37.39542, 55.839608], [37.395865, 55.838346], [37.396145, 55.837104], [37.396033, 55.834516], [37.395862, 55.833636], [37.395707, 55.832864], [37.394999, 55.830409], [37.394439, 55.829101], [37.393696, 55.82917], [37.393919, 55.829862], [37.393781, 55.829862], [37.393744, 55.829877], [37.393706, 55.829879], [37.393653, 55.829876], [37.393588, 55.829877], [37.393543, 55.829885], [37.393501, 55.829894], [37.393315, 55.829904], [37.393225, 55.8299], [37.39313, 55.829905], [37.393051, 55.829918], [37.392931, 55.829943], [37.392808, 55.829962], [37.392712, 55.829977], [37.392625, 55.829979], [37.392554, 55.829976], [37.392502, 55.82998], [37.392372, 55.830006], [37.39227, 55.830002], [37.392187, 55.829998], [37.392137, 55.83], [37.39209, 55.830005], [37.392029, 55.830021], [37.391956, 55.830029], [37.391889, 55.830043], [37.39182, 55.830048], [37.391679, 55.83005], [37.391573, 55.830054], [37.391303, 55.830059], [37.391115, 55.830073], [37.390979, 55.830088], [37.390934, 55.830088], [37.39089, 55.830088], [37.390616, 55.830101], [37.390566, 55.830118], [37.390476, 55.830143], [37.390389, 55.83016], [37.39031, 55.830164], [37.390118, 55.830186], [37.389966, 55.830201], [37.38984, 55.830214], [37.389779, 55.830218], [37.389737, 55.830205], [37.38968, 55.830191], [37.389599, 55.830188], [37.389414, 55.830191], [37.389186, 55.8302], [37.388987, 55.830211], [37.388949, 55.830216], [37.388895, 55.830223], [37.388833, 55.83024], [37.388739, 55.830267], [37.388612, 55.830293], [37.388461, 55.830322], [37.388322, 55.830346], [37.388177, 55.830378], [37.388074, 55.8304], [37.387926, 55.830418], [37.387517, 55.830481], [37.387407, 55.830496], [37.387352, 55.830494], [37.38732, 55.830487], [37.387271, 55.830489], [37.387206, 55.830501], [37.387109, 55.830525], [37.387038, 55.830531], [37.38699, 55.830527], [37.386909, 55.830515], [37.386842, 55.830509], [37.386803, 55.830514], [37.38673, 55.830534], [37.386683, 55.830534], [37.386641, 55.830526], [37.38659, 55.830529], [37.386552, 55.830547], [37.386523, 55.830553], [37.386481, 55.830552], [37.386416, 55.830549], [37.386229, 55.830574], [37.386002, 55.830613], [37.385692, 55.830639], [37.385429, 55.83066], [37.385327, 55.830664], [37.385025, 55.830682], [37.384746, 55.830689], [37.384535, 55.830685], [37.384405, 55.830697], [37.384215, 55.830695], [37.384144, 55.830688], [37.384056, 55.830683], [37.383951, 55.830685], [37.383797, 55.830683], [37.383712, 55.830689], [37.383623, 55.8307], [37.383499, 55.830707], [37.383388, 55.830711], [37.383365, 55.830712], [37.383327, 55.830705], [37.383268, 55.830709], [37.383234, 55.830708], [37.383173, 55.830693], [37.38294, 55.830695], [37.382723, 55.83067], [37.382577, 55.830665], [37.38246, 55.830658], [37.382379, 55.830659], [37.382267, 55.830659], [37.382056, 55.830654], [37.381961, 55.830655], [37.381854, 55.830647], [37.381708, 55.830654], [37.381629, 55.830675], [37.381566, 55.83068], [37.381485, 55.830685], [37.381355, 55.830661], [37.381294, 55.830651], [37.381215, 55.830661], [37.381177, 55.830664], [37.38115, 55.830656], [37.381112, 55.830642], [37.380968, 55.830617], [37.380782, 55.830601], [37.380707, 55.83059], [37.38062, 55.83057], [37.380567, 55.830568], [37.380526, 55.830574], [37.380484, 55.830577], [37.380435, 55.830577], [37.380352, 55.830562], [37.380285, 55.830557], [37.38019, 55.830553], [37.380144, 55.830545], [37.380089, 55.830545], [37.380048, 55.83055], [37.380005, 55.830527], [37.379937, 55.830666], [37.37596, 55.829714], [37.373106, 55.829031], [37.368916, 55.828024], [37.367281, 55.827401], [37.365873, 55.826481], [37.363538, 55.824361], [37.362607, 55.823167], [37.362157, 55.822037], [37.36034, 55.82244], [37.359778, 55.822499], [37.358925, 55.822888], [37.357584, 55.82519], [37.356883, 55.826527], [37.356356, 55.826658], [37.356062, 55.826624], [37.356044, 55.826631], [37.354013, 55.826399], [37.354018, 55.82639], [37.353998, 55.826388], [37.354234, 55.826002], [37.354604, 55.825337], [37.354925, 55.824895], [37.356311, 55.822692], [37.354609, 55.822385], [37.354143, 55.822367], [37.354606, 55.82176], [37.352312, 55.821284], [37.34973, 55.822027], [37.349156, 55.822225], [37.350013, 55.822986], [37.351335, 55.824159], [37.351616, 55.824407], [37.350989, 55.824625], [37.349714, 55.826374], [37.349101, 55.826576], [37.348039, 55.826407], [37.345334, 55.826075], [37.345129, 55.82596], [37.344823, 55.826067], [37.344698, 55.82627], [37.347994, 55.828514], [37.348567, 55.829075], [37.348651, 55.830715], [37.348197, 55.830988], [37.348727, 55.832215], [37.344456, 55.832962], [37.343936, 55.833096], [37.341834, 55.834152], [37.342195, 55.834419], [37.342246, 55.834399], [37.342387, 55.834403], [37.34363, 55.835411], [37.344026, 55.835723], [37.344111, 55.835823], [37.345001, 55.836466], [37.344961, 55.836494], [37.344977, 55.83652], [37.344735, 55.836652], [37.344701, 55.836676], [37.344542, 55.836757], [37.343057, 55.837567], [37.3431, 55.837595], [37.342709, 55.837773], [37.342231, 55.838018], [37.341353, 55.838512], [37.34041, 55.839012], [37.340502, 55.839323], [37.340783, 55.84027], [37.341026, 55.840283], [37.341044, 55.840283], [37.344922, 55.84048], [37.345781, 55.840478], [37.346962, 55.840477], [37.347366, 55.840442], [37.348496, 55.842437], [37.34923, 55.843864], [37.346772, 55.844254], [37.344464, 55.844596], [37.342886, 55.84484], [37.338446, 55.845038], [37.335043, 55.845241], [37.333004, 55.845285], [37.33292, 55.845296], [37.332861, 55.845366], [37.332845, 55.845424], [37.332841, 55.845459], [37.332847, 55.845486], [37.33285, 55.845576], [37.332797, 55.845657], [37.332726, 55.845711], [37.332636, 55.845757], [37.332586, 55.845778], [37.332513, 55.84579], [37.332452, 55.845805], [37.332413, 55.845806], [37.332361, 55.8458], [37.332306, 55.845776], [37.332213, 55.845758], [37.332142, 55.845771], [37.332095, 55.845801], [37.332068, 55.845844], [37.332056, 55.845907], [37.332044, 55.845948]]]}}, {"type": "Feature", "properties": {"name": "Покровское-Стрешнево", "name_en": "Pokrovskoye-Streshnevo", "okrug": "СЗАО", "source_name": "Покровское-Стрешнево", "okato": "45283569", "oktmo": "45368000"}, "geometry": {"type": "Polygon", "coordinates": [[[37.394439, 55.829101], [37.394999, 55.830409], [37.395707, 55.832864], [37.395862, 55.833636], [37.398452, 55.833211], [37.401122, 55.832778], [37.40233, 55.832595], [37.403879, 55.832202], [37.405424, 55.831742], [37.405474, 55.83178], [37.406424, 55.832211], [37.407217, 55.832764], [37.407243, 55.832788], [37.408182, 55.83334], [37.408541, 55.833153], [37.410017, 55.832883], [37.411159, 55.832912], [37.411277, 55.832982], [37.411466, 55.833137], [37.411638, 55.833281], [37.411835, 55.833402], [37.412256, 55.83345], [37.412504, 55.833387], [37.412616, 55.833281], [37.412959, 55.833199], [37.413466, 55.833108], [37.413929, 55.833089], [37.414496, 55.833281], [37.415328, 55.833542], [37.415723, 55.833773], [37.415569, 55.833889], [37.415637, 55.834062], [37.415852, 55.834385], [37.415989, 55.834578], [37.415672, 55.834655], [37.415431, 55.834689], [37.415191, 55.834867], [37.415071, 55.835012], [37.414779, 55.835084], [37.414665, 55.835227], [37.4148, 55.8355], [37.415026, 55.835763], [37.415912, 55.836246], [37.416702, 55.836419], [37.417671, 55.836545], [37.419817, 55.836814], [37.422109, 55.837157], [37.423465, 55.837426], [37.424611, 55.837508], [37.424823, 55.837386], [37.425252, 55.837218], [37.426171, 55.836986], [37.426557, 55.836726], [37.426883, 55.836196], [37.427432, 55.835203], [37.427569, 55.835007], [37.427952, 55.834583], [37.428198, 55.834474], [37.42853, 55.834488], [37.428874, 55.834711], [37.429719, 55.835028], [37.430383, 55.835188], [37.434232, 55.83623], [37.435248, 55.836454], [37.436299, 55.836509], [37.437132, 55.836493], [37.442603, 55.836139], [37.454169, 55.835302], [37.45841, 55.835003], [37.459477, 55.835095], [37.460804, 55.835387], [37.46547, 55.836954], [37.466101, 55.8377], [37.467864, 55.839905], [37.468828, 55.840842], [37.469838, 55.841383], [37.470349, 55.842726], [37.471516, 55.842398], [37.472268, 55.841775], [37.472512, 55.840983], [37.472586, 55.840354], [37.472061, 55.839389], [37.471779, 55.838554], [37.471678, 55.837786], [37.472178, 55.837182], [37.474224, 55.835967], [37.476208, 55.834286], [37.477817, 55.832853], [37.47855, 55.831963], [37.478983, 55.831554], [37.479123, 55.830748], [37.478324, 55.830471], [37.474468, 55.830004], [37.474419, 55.829829], [37.475772, 55.828685], [37.476238, 55.828284], [37.476299, 55.828232], [37.477991, 55.826794], [37.478201, 55.826615], [37.478494, 55.826574], [37.478829, 55.826654], [37.480385, 55.827023], [37.481394, 55.827014], [37.482893, 55.826932], [37.483531, 55.826837], [37.484285, 55.826708], [37.485603, 55.826517], [37.486376, 55.826479], [37.487159, 55.826485], [37.488427, 55.826566], [37.489793, 55.826931], [37.490293, 55.827065], [37.490697, 55.827173], [37.49095, 55.82724], [37.491075, 55.827272], [37.493346, 55.824489], [37.491907, 55.823857], [37.490616, 55.823118], [37.489804, 55.82247], [37.488905, 55.821676], [37.48791, 55.820617], [37.487423, 55.819867], [37.486954, 55.818842], [37.486691, 55.817918], [37.486602, 55.817349], [37.486563, 55.817093], [37.486675, 55.816872], [37.486836, 55.815346], [37.485083, 55.815418], [37.484166, 55.815438], [37.482527, 55.815441], [37.481229, 55.815356], [37.479791, 55.815108], [37.478594, 55.814844], [37.47718, 55.814428], [37.476418, 55.814169], [37.474999, 55.813669], [37.474592, 55.813477], [37.472437, 55.812767], [37.47057, 55.812173], [37.469317, 55.811831], [37.46901, 55.811763], [37.468867, 55.811735], [37.467872, 55.8116], [37.467574, 55.811575], [37.466927, 55.811534], [37.457481, 55.811074], [37.457212, 55.811071], [37.455906, 55.811109], [37.455491, 55.811154], [37.455319, 55.81118], [37.453753, 55.811453], [37.452334, 55.811876], [37.451373, 55.812322], [37.449968, 55.813334], [37.449149, 55.813978], [37.449013, 55.814084], [37.448128, 55.812956], [37.447689, 55.8123], [37.446496, 55.810075], [37.446137, 55.807991], [37.446433, 55.806548], [37.443859, 55.807862], [37.44124, 55.808743], [37.438064, 55.809177], [37.436455, 55.809089], [37.434484, 55.808817], [37.432347, 55.808808], [37.430168, 55.808839], [37.42682, 55.809394], [37.423216, 55.810358], [37.419868, 55.811516], [37.41798, 55.812674], [37.416306, 55.81412], [37.414844, 55.815048], [37.414103, 55.816394], [37.414094, 55.817792], [37.414461, 55.819136], [37.412616, 55.821281], [37.412343, 55.821509], [37.40974, 55.823692], [37.407122, 55.825572], [37.402616, 55.827188], [37.398153, 55.828465], [37.395321, 55.82902], [37.394439, 55.829101]]]}}, {"type": "Feature", "properties": {"name": "Северное Тушино", "name_en": "Severnoye Tushino", "okrug": "СЗАО", "source_name": "Северное Тушино", "okato": "45283573", "oktmo": "45369000"}, "geometry": {"type": "Polygon", "coordinates": [[[37.39374, 55.851786], [37.395048, 55.854325], [37.394556, 55.854402], [37.394693, 55.854526], [37.395349, 55.855841], [37.396103, 55.857351], [37.39764, 55.859974], [37.399599, 55.862302], [37.401662, 55.86447], [37.40508, 55.86724], [37.406849, 55.868429], [37.409329, 55.869886], [37.411428, 55.870958], [37.41236, 55.871541], [37.413783, 55.872149], [37.415225, 55.872744], [37.420571, 55.874641], [37.424399, 55.875828], [37.425044, 55.876016], [37.427989, 55.876933], [37.430951, 55.877851], [37.435472, 55.879264], [37.436484, 55.879579], [37.437785, 55.878565], [37.43784, 55.878146], [37.437978, 55.877216], [37.438724, 55.876534], [37.440133, 55.875852], [37.44262, 55.874411], [37.44494, 55.873419], [37.447622, 55.871979], [37.448939, 55.871357], [37.45145, 55.870265], [37.452892, 55.870063], [37.453973, 55.870116], [37.454603, 55.86849], [37.454549, 55.867142], [37.454722, 55.866136], [37.455091, 55.864689], [37.455937, 55.862843], [37.456083, 55.861885], [37.456601, 55.860859], [37.457707, 55.859837], [37.458256, 55.858564], [37.458821, 55.857639], [37.459446, 55.856321], [37.459826, 55.855297], [37.460181, 55.854106], [37.460847, 55.853004], [37.452168, 55.85201], [37.451988, 55.851988], [37.451565, 55.851937], [37.451273, 55.851897], [37.450623, 55.851829], [37.449943, 55.851752], [37.448807, 55.85163], [37.447132, 55.851451], [37.446934, 55.85143], [37.446817, 55.851417], [37.446396, 55.851372], [37.446202, 55.851351], [37.44613, 55.851344], [37.446011, 55.851331], [37.444772, 55.851199], [37.444166, 55.851134], [37.443098, 55.85102], [37.441794, 55.850873], [37.441415, 55.850835], [37.441198, 55.850815], [37.440696, 55.850767], [37.440466, 55.850748], [37.440163, 55.850722], [37.439584, 55.85068], [37.43938, 55.850664], [37.439053, 55.850634], [37.438312, 55.850565], [37.437372, 55.850468], [37.435491, 55.850264], [37.43158, 55.849852], [37.429762, 55.849666], [37.427512, 55.849414], [37.423111, 55.848895], [37.422866, 55.848866], [37.422446, 55.848825], [37.421977, 55.848776], [37.421627, 55.848754], [37.421443, 55.848744], [37.421232, 55.848748], [37.420961, 55.848761], [37.420741, 55.848779], [37.420377, 55.848822], [37.420204, 55.848844], [37.420105, 55.848856], [37.419583, 55.848929], [37.419318, 55.848983], [37.419, 55.849059], [37.418545, 55.849184], [37.418225, 55.849286], [37.417936, 55.849371], [37.417689, 55.849444], [37.417102, 55.849634], [37.416911, 55.849691], [37.416612, 55.849779], [37.416419, 55.849835], [37.416332, 55.84986], [37.416273, 55.849877], [37.416046, 55.849937], [37.415743, 55.850012], [37.415405, 55.850085], [37.415236, 55.850115], [37.415008, 55.850156], [37.414659, 55.850217], [37.414356, 55.850268], [37.414029, 55.850322], [37.413843, 55.85035], [37.413608, 55.850384], [37.413385, 55.850414], [37.413045, 55.850456], [37.412666, 55.850497], [37.412298, 55.85052], [37.412208, 55.850524], [37.411933, 55.850537], [37.411754, 55.850545], [37.411681, 55.850546], [37.411406, 55.850548], [37.411177, 55.850547], [37.411035, 55.850547], [37.410978, 55.850546], [37.410339, 55.850538], [37.410236, 55.850537], [37.410072, 55.850535], [37.409959, 55.850534], [37.409427, 55.850532], [37.408698, 55.850532], [37.408426, 55.850528], [37.407694, 55.850519], [37.406862, 55.850511], [37.406331, 55.850507], [37.406043, 55.850504], [37.405687, 55.850498], [37.405263, 55.850497], [37.40512, 55.850495], [37.404072, 55.850479], [37.403694, 55.850476], [37.403349, 55.850483], [37.403108, 55.850503], [37.403003, 55.850518], [37.402915, 55.850539], [37.402717, 55.850591], [37.402343, 55.850688], [37.402169, 55.850738], [37.401949, 55.850788], [37.401706, 55.850831], [37.401299, 55.850887], [37.400904, 55.850944], [37.400736, 55.850968], [37.40022, 55.851045], [37.399663, 55.851129], [37.399083, 55.85122], [37.39854, 55.851321], [37.397776, 55.851443], [37.397266, 55.851526], [37.396596, 55.851643], [37.396131, 55.851706], [37.39559, 55.851755], [37.395196, 55.85179], [37.394709, 55.851807], [37.39374, 55.851786]]]}}, {"type": "Feature", "properties": {"name": "Южное Тушино", "name_en": "Yuzhnoye Tushino", "okrug": "СЗАО", "source_name": "Южное Тушино", "okato": "45283593", "oktmo": "45373000"}, "geometry": {"type": "Polygon", "coordinates": [[[37.391822, 55.847235], [37.39187, 55.84762], [37.391957, 55.847928], [37.392143, 55.848613], [37.392782, 55.850006], [37.39374, 55.851786], [37.394709, 55.851807], [37.395196, 55.85179], [37.39559, 55.851755], [37.396131, 55.851706], [37.396596, 55.851643], [37.397266, 55.851526], [37.397776, 55.851443], [37.39854, 55.851321], [37.399083, 55.85122], [37.399663, 55.851129], [37.40022, 55.851045], [37.400736, 55.850968], [37.400904, 55.850944], [37.401299, 55.850887], [37.401706, 55.850831], [37.401949, 55.850788], [37.402169, 55.850738], [37.402343, 55.850688], [37.402717, 55.850591], [37.402915, 55.850539], [37.403003, 55.850518], [37.403108, 55.850503], [37.403349, 55.850483], [37.403694, 55.850476], [37.404072, 55.850479], [37.40512, 55.850495], [37.405263, 55.850497], [37.405687, 55.850498], [37.406043, 55.850504], [37.406331, 55.850507], [37.406862, 55.850511], [37.407694, 55.850519], [37.408426, 55.850528], [37.408698, 55.850532], [37.409427, 55.850532], [37.409959, 55.850534], [37.410072, 55.850535], [37.410236, 55.850537], [37.410339, 55.850538], [37.410978, 55.850546], [37.411035, 55.850547], [37.411177, 55.850547], [37.411406, 55.850548], [37.411681, 55.850546], [37.411754, 55.850545], [37.411933, 55.850537], [37.412208, 55.850524], [37.412298, 55.85052], [37.412666, 55.850497], [37.413045, 55.850456], [37.413385, 55.850414], [37.413608, 55.850384], [37.413843, 55.85035], [37.414029, 55.850322], [37.414356, 55.850268], [37.414659, 55.850217], [37.415008, 55.850156], [37.415236, 55.850115], [37.415405, 55.850085], [37.415743, 55.850012], [37.416046, 55.849937], [37.416273, 55.849877], [37.416332, 55.84986], [37.416419, 55.849835], [37.416612, 55.849779], [37.416911, 55.849691], [37.417102, 55.849634], [37.417689, 55.849444], [37.417936, 55.849371], [37.418225, 55.849286], [37.418545, 55.849184], [37.419, 55.849059], [37.419318, 55.848983], [37.419583, 55.848929], [37.420105, 55.848856], [37.420204, 55.848844], [37.420377, 55.848822], [37.420741, 55.848779], [37.420961, 55.848761], [37.421232, 55.848748], [37.421443, 55.848744], [37.421627, 55.848754], [37.421977, 55.848776], [37.422446, 55.848825], [37.422866, 55.848866], [37.423111, 55.848895], [37.427512, 55.849414], [37.429762, 55.849666], [37.43158, 55.849852], [37.435491, 55.850264], [37.437372, 55.850468], [37.438312, 55.850565], [37.439053, 55.850634], [37.43938, 55.850664], [37.439584, 55.85068], [37.440163, 55.850722], [37.440466, 55.850748], [37.440696, 55.850767], [37.441198, 55.850815], [37.441415, 55.850835], [37.441794, 55.850873], [37.443098, 55.85102], [37.444166, 55.851134], [37.444772, 55.851199], [37.446011, 55.851331], [37.44613, 55.851344], [37.446202, 55.851351], [37.446396, 55.851372], [37.446817, 55.851417], [37.446934, 55.85143], [37.447132, 55.851451], [37.448807, 55.85163], [37.449943, 55.851752], [37.450623, 55.851829], [37.451273, 55.851897], [37.451565, 55.851937], [37.451988, 55.851988], [37.452168, 55.85201], [37.460847, 55.853004], [37.461006, 55.851807], [37.461326, 55.851045], [37.462894, 55.850076], [37.463603, 55.849086], [37.463493, 55.8482], [37.463935, 55.847686], [37.464463, 55.847118], [37.46538, 55.846234], [37.466712, 55.845633], [37.468068, 55.844678], [37.468845, 55.843538], [37.469885, 55.843178], [37.470349, 55.842726], [37.469838, 55.841383], [37.468828, 55.840842], [37.467864, 55.839905], [37.466101, 55.8377], [37.46547, 55.836954], [37.460804, 55.835387], [37.459477, 55.835095], [37.45841, 55.835003], [37.454169, 55.835302], [37.442603, 55.836139], [37.437132, 55.836493], [37.436299, 55.836509], [37.435248, 55.836454], [37.434232, 55.83623], [37.430383, 55.835188], [37.429719, 55.835028], [37.428874, 55.834711], [37.42853, 55.834488], [37.428198, 55.834474], [37.427952, 55.834583], [37.427569, 55.835007], [37.427432, 55.835203], [37.426883, 55.836196], [37.426557, 55.836726], [37.426171, 55.836986], [37.425252, 55.837218], [37.424823, 55.837386], [37.424611, 55.837508], [37.423465, 55.837426], [37.422109, 55.837157], [37.419817, 55.836814], [37.417671, 55.836545], [37.416702, 55.836419], [37.415912, 55.836246], [37.415026, 55.835763], [37.4148, 55.8355], [37.414665, 55.835227], [37.414779, 55.835084], [37.415071, 55.835012], [37.415191, 55.834867], [37.415431, 55.834689], [37.415672, 55.834655], [37.415989, 55.834578], [37.415852, 55.834385], [37.415637, 55.834062], [37.415569, 55.833889], [37.415723, 55.833773], [37.415328, 55.833542], [37.414496, 55.833281], [37.413929, 55.833089], [37.413466, 55.833108], [37.412959, 55.833199], [37.412616, 55.833281], [37.412504, 55.833387], [37.412256, 55.83345], [37.411835, 55.833402], [37.411638, 55.833281], [37.411466, 55.833137], [37.411277, 55.832982], [37.411159, 55.832912], [37.410017, 55.832883], [37.408541, 55.833153], [37.408182, 55.83334], [37.407243, 55.832788], [37.407217, 55.832764], [37.406424, 55.832211], [37.405474, 55.83178], [37.405424, 55.831742], [37.403879, 55.832202], [37.40233, 55.832595], [37.401122, 55.832778], [37.398452, 55.833211], [37.395862, 55.833636], [37.396033, 55.834516], [37.396145, 55.837104], [37.395865, 55.838346], [37.39542, 55.839608], [37.394902, 55.840631], [37.394491, 55.841304], [37.393812, 55.842345], [37.392783, 55.843714], [37.392517, 55.844197], [37.391971, 55.845613], [37.391833, 55.846501], [37.391822, 55.847235]]]}}, {"type": "Feature", "properties": {"name": "Строгино", "name_en": "Strogino", "okrug": "СЗАО", "source_name": "Строгино", "okato": "45283577", "oktmo": "45370000"}, "geometry": {"type": "Polygon", "coordinates": [[[37.367265, 55.790359], [37.367844, 55.791361], [37.368069, 55.791325], [37.368307, 55.791281], [37.368581, 55.791242], [37.368854, 55.791251], [37.369193, 55.791284], [37.36949, 55.7913], [37.369835, 55.791319], [37.370151, 55.791345], [37.370432, 55.791373], [37.370755, 55.791409], [37.371037, 55.791451], [37.371261, 55.791488], [37.371541, 55.791527], [37.371854, 55.791571], [37.372152, 55.791608], [37.372479, 55.791659], [37.372767, 55.791712], [37.37296, 55.791765], [37.373181, 55.791828], [37.373421, 55.791904], [37.373602, 55.791971], [37.373867, 55.792064], [37.374023, 55.792142], [37.374228, 55.792241], [37.374481, 55.792364], [37.375264, 55.793162], [37.376021, 55.793953], [37.376778, 55.794743], [37.377714, 55.79572], [37.380232, 55.798348], [37.381726, 55.799918], [37.381806, 55.799895], [37.382318, 55.800449], [37.382371, 55.800507], [37.382756, 55.800925], [37.382885, 55.801122], [37.383039, 55.801297], [37.38353, 55.801813], [37.384479, 55.803006], [37.384475, 55.80301], [37.384654, 55.803236], [37.385954, 55.805188], [37.386786, 55.806952], [37.386708, 55.806966], [37.386523, 55.807002], [37.386307, 55.807063], [37.38618, 55.807108], [37.386044, 55.807221], [37.385982, 55.807309], [37.385949, 55.807445], [37.385993, 55.807585], [37.386022, 55.807761], [37.38606, 55.807923], [37.386093, 55.808081], [37.386134, 55.808231], [37.386176, 55.808411], [37.386223, 55.80857], [37.38625, 55.808749], [37.386169, 55.808796], [37.386056, 55.808871], [37.385846, 55.808899], [37.38561, 55.808928], [37.384948, 55.809012], [37.385051, 55.809307], [37.385185, 55.809296], [37.385288, 55.809292], [37.385356, 55.80929], [37.385451, 55.809286], [37.385711, 55.809279], [37.385722, 55.809283], [37.386168, 55.809815], [37.386534, 55.80987], [37.38667, 55.809869], [37.386885, 55.809855], [37.387225, 55.809823], [37.38756, 55.809789], [37.38789, 55.809762], [37.389139, 55.813671], [37.390111, 55.816749], [37.390144, 55.816844], [37.391079, 55.819809], [37.392254, 55.823514], [37.392986, 55.826776], [37.39302, 55.826918], [37.393696, 55.82917], [37.394439, 55.829101], [37.395321, 55.82902], [37.398153, 55.828465], [37.402616, 55.827188], [37.407122, 55.825572], [37.40974, 55.823692], [37.412343, 55.821509], [37.412616, 55.821281], [37.414461, 55.819136], [37.414094, 55.817792], [37.414103, 55.816394], [37.414844, 55.815048], [37.416306, 55.81412], [37.41798, 55.812674], [37.419868, 55.811516], [37.423216, 55.810358], [37.42682, 55.809394], [37.430168, 55.808839], [37.432347, 55.808808], [37.434484, 55.808817], [37.436455, 55.809089], [37.438064, 55.809177], [37.44124, 55.808743], [37.443859, 55.807862], [37.446433, 55.806548], [37.447334, 55.804546], [37.447634, 55.802617], [37.446948, 55.800156], [37.446562, 55.798058], [37.446175, 55.795307], [37.446102, 55.794494], [37.444888, 55.791882], [37.441994, 55.790174], [37.439654, 55.788736], [37.438302, 55.788078], [37.436708, 55.787654], [37.433817, 55.786838], [37.431846, 55.786485], [37.429524, 55.786187], [37.426331, 55.786468], [37.423295, 55.787261], [37.421235, 55.788684], [37.419872, 55.790265], [37.417997, 55.791544], [37.415407, 55.79205], [37.412715, 55.792139], [37.410336, 55.791429], [37.409288, 55.789922], [37.408367, 55.787997], [37.407894, 55.787223], [37.407423, 55.786453], [37.40562, 55.784208], [37.404075, 55.782423], [37.403131, 55.780806], [37.403088, 55.779092], [37.404075, 55.777475], [37.406135, 55.776413], [37.40815, 55.775877], [37.40858, 55.775762], [37.40012, 55.771272], [37.399745, 55.771251], [37.39826, 55.771177], [37.397342, 55.771096], [37.394869, 55.771203], [37.390934, 55.771046], [37.386766, 55.770855], [37.383375, 55.771676], [37.380406, 55.771578], [37.37108, 55.770896], [37.370261, 55.771362], [37.370262, 55.773027], [37.368885, 55.773038], [37.36892, 55.773936], [37.368942, 55.774831], [37.368962, 55.77573], [37.368967, 55.776627], [37.368988, 55.777526], [37.368993, 55.778424], [37.368969, 55.779324], [37.368994, 55.780221], [37.369072, 55.782726], [37.369199, 55.783524], [37.369275, 55.783833], [37.369348, 55.7844], [37.369355, 55.784446], [37.369413, 55.784845], [37.370092, 55.786375], [37.37049, 55.787415], [37.370601, 55.787692], [37.370622, 55.787791], [37.370619, 55.787919], [37.370601, 55.788192], [37.370544, 55.788323], [37.370451, 55.788434], [37.370312, 55.788566], [37.370052, 55.788777], [37.369872, 55.788911], [37.369174, 55.789449], [37.368766, 55.789735], [37.368356, 55.789974], [37.367265, 55.790359]]]}}, {"type": "Feature", "properties": {"name": "Хорошёво-Мнёвники", "name_en": "Khoroshyovo-Mnyovniki", "okrug": "СЗАО", "source_name": "Хорошёво-Мнёвники", "okato": "45283582", "oktmo": "45371000"}, "geometry": {"type": "Polygon", "coordinates": [[[37.403088, 55.779092], [37.403131, 55.780806], [37.404075, 55.782423], [37.40562, 55.784208], [37.407423, 55.786453], [37.407894, 55.787223], [37.408367, 55.787997], [37.409288, 55.789922], [37.410336, 55.791429], [37.412715, 55.792139], [37.415407, 55.79205], [37.417997, 55.791544], [37.419872, 55.790265], [37.421235, 55.788684], [37.423295, 55.787261], [37.426331, 55.786468], [37.429524, 55.786187], [37.431846, 55.786485], [37.433817, 55.786838], [37.436708, 55.787654], [37.438302, 55.788078], [37.439654, 55.788736], [37.441994, 55.790174], [37.444888, 55.791882], [37.446102, 55.794494], [37.449013, 55.794461], [37.45465, 55.794424], [37.454675, 55.793196], [37.454664, 55.792663], [37.454656, 55.792436], [37.454577, 55.791812], [37.454867, 55.791782], [37.455316, 55.791734], [37.457413, 55.791517], [37.457894, 55.791475], [37.458657, 55.791386], [37.459399, 55.791305], [37.459988, 55.791241], [37.461202, 55.791095], [37.462885, 55.790872], [37.463192, 55.790831], [37.465262, 55.790539], [37.466366, 55.790217], [37.466534, 55.790161], [37.467824, 55.789773], [37.468722, 55.789485], [37.468888, 55.789465], [37.46927, 55.789419], [37.470382, 55.789271], [37.471341, 55.789136], [37.471598, 55.789105], [37.472567, 55.788987], [37.475264, 55.788662], [37.475834, 55.788598], [37.476003, 55.788586], [37.476154, 55.788572], [37.476236, 55.788565], [37.476533, 55.788537], [37.476866, 55.788513], [37.477323, 55.788469], [37.477774, 55.788501], [37.478007, 55.788545], [37.478177, 55.788603], [37.478643, 55.788866], [37.478802, 55.788954], [37.478989, 55.788936], [37.480998, 55.788683], [37.482101, 55.788552], [37.484556, 55.788248], [37.484782, 55.78822], [37.484939, 55.7882], [37.485251, 55.788173], [37.485439, 55.78814], [37.485715, 55.788105], [37.486873, 55.787957], [37.487726, 55.78785], [37.488857, 55.787715], [37.489559, 55.787655], [37.489871, 55.78766], [37.490176, 55.787672], [37.491082, 55.787789], [37.491413, 55.787832], [37.491703, 55.787873], [37.492722, 55.788007], [37.492849, 55.788025], [37.493824, 55.78816], [37.494878, 55.788302], [37.495865, 55.788431], [37.496792, 55.788552], [37.496937, 55.788571], [37.497909, 55.7887], [37.498086, 55.788725], [37.498214, 55.788739], [37.498527, 55.78878], [37.499074, 55.788851], [37.500654, 55.789274], [37.501271, 55.789665], [37.50198, 55.790113], [37.502639, 55.790584], [37.503146, 55.791039], [37.503499, 55.791653], [37.503892, 55.791121], [37.504044, 55.790445], [37.504392, 55.788578], [37.50489, 55.786634], [37.505234, 55.784854], [37.505761, 55.78267], [37.506286, 55.780322], [37.506649, 55.778409], [37.506853, 55.777863], [37.506981, 55.777571], [37.507052, 55.777433], [37.507444, 55.776821], [37.507741, 55.776431], [37.508075, 55.776056], [37.508645, 55.775446], [37.5092, 55.774879], [37.509433, 55.774662], [37.509691, 55.774396], [37.51004, 55.774043], [37.51025, 55.773828], [37.510552, 55.773521], [37.510993, 55.773066], [37.511275, 55.77276], [37.511706, 55.77228], [37.511888, 55.772086], [37.512123, 55.771839], [37.512525, 55.771417], [37.512803, 55.771124], [37.513173, 55.770739], [37.51334, 55.770561], [37.513676, 55.770216], [37.513847, 55.77004], [37.514006, 55.769874], [37.514308, 55.769558], [37.514665, 55.769178], [37.514793, 55.769041], [37.514927, 55.768899], [37.515074, 55.768744], [37.515242, 55.768569], [37.515561, 55.768233], [37.515963, 55.767811], [37.516326, 55.767428], [37.517102, 55.766624], [37.517917, 55.765771], [37.518737, 55.764904], [37.519573, 55.764023], [37.51985, 55.763736], [37.520136, 55.76344], [37.520517, 55.763041], [37.520829, 55.762714], [37.521233, 55.762271], [37.521475, 55.76202], [37.521943, 55.761509], [37.521873, 55.761486], [37.521802, 55.761463], [37.521731, 55.76144], [37.52166, 55.761417], [37.521589, 55.761394], [37.521519, 55.761371], [37.521167, 55.76124], [37.520973, 55.761123], [37.520385, 55.760897], [37.519926, 55.760722], [37.519274, 55.76047], [37.516632, 55.75946], [37.515666, 55.75909], [37.51393, 55.758422], [37.511664, 55.759659], [37.505828, 55.761784], [37.504283, 55.762532], [37.502952, 55.763401], [37.501064, 55.764367], [37.498146, 55.765502], [37.497516, 55.765686], [37.496086, 55.766105], [37.492052, 55.767361], [37.489716, 55.76796], [37.487181, 55.768194], [37.484511, 55.76817], [37.481919, 55.767977], [37.480036, 55.767713], [37.479418, 55.767545], [37.478866, 55.767343], [37.478422, 55.767055], [37.478056, 55.766692], [37.477087, 55.765526], [37.476388, 55.76451], [37.476173, 55.762991], [37.476173, 55.761711], [37.476774, 55.756906], [37.476731, 55.755964], [37.476517, 55.754587], [37.476173, 55.752293], [37.475787, 55.75123], [37.475143, 55.749878], [37.474156, 55.748501], [37.472783, 55.747269], [37.471023, 55.74611], [37.467376, 55.744033], [37.464801, 55.742897], [37.461796, 55.741858], [37.459136, 55.741206], [37.455316, 55.740602], [37.452527, 55.740602], [37.449265, 55.741134], [37.446519, 55.741858], [37.444459, 55.742607], [37.442485, 55.743573], [37.439738, 55.745216], [37.437378, 55.746424], [37.436691, 55.7471], [37.436348, 55.747873], [37.436605, 55.748719], [37.436979, 55.749252], [37.437376, 55.749685], [37.439222, 55.750531], [37.442183, 55.751304], [37.445571, 55.752099], [37.448835, 55.752898], [37.453083, 55.753888], [37.455444, 55.754781], [37.457632, 55.75582], [37.459606, 55.757148], [37.461838, 55.758839], [37.463426, 55.760191], [37.46452, 55.762383], [37.464569, 55.762696], [37.464585, 55.762794], [37.464663, 55.763295], [37.464562, 55.764307], [37.464272, 55.765228], [37.46399, 55.765771], [37.46294, 55.766951], [37.460379, 55.769076], [37.455266, 55.774177], [37.45303, 55.775694], [37.450643, 55.776869], [37.449684, 55.77714], [37.448829, 55.777276], [37.44812, 55.777308], [37.447353, 55.777253], [37.445487, 55.776877], [37.44364, 55.776332], [37.439358, 55.775218], [37.436218, 55.774406], [37.434121, 55.7742], [37.430746, 55.774173], [37.428843, 55.774282], [37.425627, 55.774523], [37.421025, 55.774942], [37.416949, 55.775328], [37.414292, 55.775436], [37.412185, 55.775521], [37.410032, 55.775665], [37.40858, 55.775762], [37.40815, 55.775877], [37.406135, 55.776413], [37.404075, 55.777475], [37.403088, 55.779092]]]}}, {"type": "Feature", "properties": {"name": "Щукино", "name_en": "Shchukino", "okrug": "СЗАО", "source_name": "Щукино", "okato": "45283587", "oktmo": "45372000"}, "geometry": {"type": "Polygon", "coordinates": [[[37.446102, 55.794494], [37.446175, 55.795307], [37.446562, 55.798058], [37.446948, 55.800156], [37.447634, 55.802617], [37.447334, 55.804546], [37.446433, 55.806548], [37.446137, 55.807991], [37.446496, 55.810075], [37.447689, 55.8123], [37.448128, 55.812956], [37.449013, 55.814084], [37.449149, 55.813978], [37.449968, 55.813334], [37.451373, 55.812322], [37.452334, 55.811876], [37.453753, 55.811453], [37.455319, 55.81118], [37.455491, 55.811154], [37.455906, 55.811109], [37.457212, 55.811071], [37.457481, 55.811074], [37.466927, 55.811534], [37.467574, 55.811575], [37.467872, 55.8116], [37.468867, 55.811735], [37.46901, 55.811763], [37.469317, 55.811831], [37.47057, 55.812173], [37.472437, 55.812767], [37.474592, 55.813477], [37.474999, 55.813669], [37.476418, 55.814169], [37.47718, 55.814428], [37.478594, 55.814844], [37.479791, 55.815108], [37.481229, 55.815356], [37.482527, 55.815441], [37.484166, 55.815438], [37.485083, 55.815418], [37.486836, 55.815346], [37.48687, 55.815007], [37.487028, 55.813952], [37.487101, 55.813666], [37.487224, 55.813278], [37.487362, 55.812991], [37.48766, 55.812439], [37.487898, 55.812102], [37.488582, 55.811269], [37.48941, 55.810313], [37.490987, 55.808499], [37.493174, 55.805957], [37.496143, 55.802474], [37.498478, 55.799819], [37.499558, 55.798594], [37.500605, 55.797353], [37.502576, 55.794982], [37.503247, 55.793861], [37.503892, 55.791121], [37.503499, 55.791653], [37.503146, 55.791039], [37.502639, 55.790584], [37.50198, 55.790113], [37.501271, 55.789665], [37.500654, 55.789274], [37.499074, 55.788851], [37.498527, 55.78878], [37.498214, 55.788739], [37.498086, 55.788725], [37.497909, 55.7887], [37.496937, 55.788571], [37.496792, 55.788552], [37.495865, 55.788431], [37.494878, 55.788302], [37.493824, 55.78816], [37.492849, 55.788025], [37.492722, 55.788007], [37.491703, 55.787873], [37.491413, 55.787832], [37.491082, 55.787789], [37.490176, 55.787672], [37.489871, 55.78766], [37.489559, 55.787655], [37.488857, 55.787715], [37.487726, 55.78785], [37.486873, 55.787957], [37.485715, 55.788105], [37.485439, 55.78814], [37.485251, 55.788173], [37.484939, 55.7882], [37.484782, 55.78822], [37.484556, 55.788248], [37.482101, 55.788552], [37.480998, 55.788683], [37.478989, 55.788936], [37.478802, 55.788954], [37.478643, 55.788866], [37.478177, 55.788603], [37.478007, 55.788545], [37.477774, 55.788501], [37.477323, 55.788469], [37.476866, 55.788513], [37.476533, 55.788537], [37.476236, 55.788565], [37.476154, 55.788572], [37.476003, 55.788586], [37.475834, 55.788598], [37.475264, 55.788662], [37.472567, 55.788987], [37.471598, 55.789105], [37.471341, 55.789136], [37.470382, 55.789271], [37.46927, 55.789419], [37.468888, 55.789465], [37.468722, 55.789485], [37.467824, 55.789773], [37.466534, 55.790161], [37.466366, 55.790217], [37.465262, 55.790539], [37.463192, 55.790831], [37.462885, 55.790872], [37.461202, 55.791095], [37.459988, 55.791241], [37.459399, 55.791305], [37.458657, 55.791386], [37.457894, 55.791475], [37.457413, 55.791517], [37.455316, 55.791734], [37.454867, 55.791782], [37.454577, 55.791812], [37.454656, 55.792436], [37.454664, 55.792663], [37.454675, 55.793196], [37.45465, 55.794424], [37.449013, 55.794461], [37.446102, 55.794494]]]}}, {"type": "Feature", "properties": {"name": "Матушкино", "name_en": "Matushkino", "okrug": "ЗелАО", "source_name": "Матушкино", "okato": "45272562", "oktmo": "45331000"}, "geometry": {"type": "Polygon", "coordinates": [[[37.178529, 56.007952], [37.180827, 56.008246], [37.181746, 56.008373], [37.18183, 56.008374], [37.181472, 56.009065], [37.180687, 56.010211], [37.180241, 56.010958], [37.18011, 56.011183], [37.180204, 56.01134], [37.1804, 56.011435], [37.180757, 56.011507], [37.184157, 56.012179], [37.184715, 56.012297], [37.186875, 56.012753], [37.188169, 56.013027], [37.188264, 56.013047], [37.189303, 56.013268], [37.189388, 56.013287], [37.189556, 56.013323], [37.190475, 56.013512], [37.190734, 56.013657], [37.190864, 56.013769], [37.191139, 56.014046], [37.191942, 56.014853], [37.193423, 56.016375], [37.194029, 56.016997], [37.194686, 56.017673], [37.19557, 56.018601], [37.197458, 56.017846], [37.200628, 56.016567], [37.20325, 56.015486], [37.203831, 56.015943], [37.205129, 56.016446], [37.205853, 56.016737], [37.206913, 56.01715], [37.207332, 56.01713], [37.209148, 56.015227], [37.211295, 56.01295], [37.210771, 56.012498], [37.214766, 56.010953], [37.217843, 56.009757], [37.220515, 56.008745], [37.223184, 56.007696], [37.226103, 56.006566], [37.228688, 56.005569], [37.231548, 56.004458], [37.230762, 56.004338], [37.229569, 56.004122], [37.227282, 56.004258], [37.226597, 56.0044], [37.225359, 56.004478], [37.225706, 56.003387], [37.22578, 56.002915], [37.226383, 56.002088], [37.227423, 56.001912], [37.228593, 55.99921], [37.228089, 55.99883], [37.227368, 55.998165], [37.227092, 55.99827], [37.227038, 55.99863], [37.226237, 55.998615], [37.225802, 55.999033], [37.22222, 55.99969], [37.222119, 55.999939], [37.221906, 55.999991], [37.221105, 55.999939], [37.221022, 55.999956], [37.220894, 55.999996], [37.220698, 55.999975], [37.220566, 55.999795], [37.220307, 55.999259], [37.218498, 55.999693], [37.218389, 55.999716], [37.217611, 55.999902], [37.217297, 55.999976], [37.215876, 56.000317], [37.214414, 56.000663], [37.212945, 56.001015], [37.212768, 56.001056], [37.212621, 56.001092], [37.212064, 56.001227], [37.211822, 56.001262], [37.211628, 56.00125], [37.210543, 56.00104], [37.210249, 56.000981], [37.210142, 56.000961], [37.209838, 56.000902], [37.209754, 56.000884], [37.209463, 56.000829], [37.209606, 56.000551], [37.213982, 55.993268], [37.214033, 55.992635], [37.213353, 55.990672], [37.213054, 55.989919], [37.213367, 55.989183], [37.212428, 55.987026], [37.212173, 55.987042], [37.211709, 55.987016], [37.211364, 55.986998], [37.21078, 55.987041], [37.209849, 55.987527], [37.209409, 55.98768], [37.209016, 55.987777], [37.208729, 55.987818], [37.208421, 55.987798], [37.207981, 55.987787], [37.207623, 55.987753], [37.207304, 55.987642], [37.206875, 55.987507], [37.206699, 55.987492], [37.206578, 55.987501], [37.206171, 55.987569], [37.205964, 55.987588], [37.205776, 55.98769], [37.205568, 55.987797], [37.205182, 55.987922], [37.205118, 55.987966], [37.205012, 55.987985], [37.205018, 55.988979], [37.205218, 55.98975], [37.205227, 55.99056], [37.204833, 55.990702], [37.204738, 55.990855], [37.205091, 55.991727], [37.20441, 55.992564], [37.204294, 55.993642], [37.203261, 55.9934], [37.202715, 55.993744], [37.202463, 55.994219], [37.202183, 55.994625], [37.201592, 55.995362], [37.201442, 55.995315], [37.200854, 55.996092], [37.200141, 55.996369], [37.199697, 55.99682], [37.198675, 55.997255], [37.198728, 55.997372], [37.198593, 55.997356], [37.197981, 55.997368], [37.198103, 55.997941], [37.197911, 55.998208], [37.197856, 55.99845], [37.19702, 55.998669], [37.196974, 55.999564], [37.197927, 55.999607], [37.200006, 55.999878], [37.201013, 56.000072], [37.200833, 56.000362], [37.201043, 56.000412], [37.200839, 56.000899], [37.20103, 56.00124], [37.200683, 56.002054], [37.199941, 56.002516], [37.199103, 56.002353], [37.198698, 56.002277], [37.198939, 56.00313], [37.198207, 56.00317], [37.198145, 56.003131], [37.198086, 56.003065], [37.196429, 56.003531], [37.196, 56.004127], [37.194937, 56.004448], [37.194291, 56.004355], [37.193737, 56.004108], [37.192927, 56.003813], [37.192739, 56.003761], [37.191917, 56.003535], [37.191695, 56.003473], [37.191219, 56.002814], [37.190326, 56.002532], [37.189281, 56.002044], [37.188155, 56.002123], [37.187853, 56.001998], [37.1863, 56.002411], [37.186977, 56.003426], [37.186448, 56.003817], [37.185204, 56.003853], [37.184582, 56.003962], [37.184533, 56.005238], [37.184135, 56.005362], [37.181945, 56.005182], [37.179386, 56.005189], [37.179102, 56.005295], [37.178529, 56.007952]]]}}, {"type": "Feature", "properties": {"name": "Савёлки", "name_en": "Savyolki", "okrug": "ЗелАО", "source_name": "Савёлки", "okato": "45272568", "oktmo": "45377000"}, "geometry": {"type": "Polygon", "coordinates": [[[37.209463, 56.000829], [37.209754, 56.000884], [37.209838, 56.000902], [37.210142, 56.000961], [37.210249, 56.000981], [37.210543, 56.00104], [37.211628, 56.00125], [37.211822, 56.001262], [37.212064, 56.001227], [37.212621, 56.001092], [37.212768, 56.001056], [37.212945, 56.001015], [37.214414, 56.000663], [37.215876, 56.000317], [37.217297, 55.999976], [37.217611, 55.999902], [37.218389, 55.999716], [37.218498, 55.999693], [37.220307, 55.999259], [37.220566, 55.999795], [37.220698, 55.999975], [37.220894, 55.999996], [37.221022, 55.999956], [37.221105, 55.999939], [37.221906, 55.999991], [37.222119, 55.999939], [37.22222, 55.99969], [37.225802, 55.999033], [37.226237, 55.998615], [37.227038, 55.99863], [37.227092, 55.99827], [37.227368, 55.998165], [37.228089, 55.99883], [37.228593, 55.99921], [37.227423, 56.001912], [37.226383, 56.002088], [37.22578, 56.002915], [37.225706, 56.003387], [37.225359, 56.004478], [37.226597, 56.0044], [37.227282, 56.004258], [37.229569, 56.004122], [37.230762, 56.004338], [37.231548, 56.004458], [37.235403, 56.002969], [37.240415, 56.001031], [37.240677, 56.000927], [37.242301, 56.000282], [37.243404, 56.000894], [37.244367, 56.001094], [37.245394, 56.001069], [37.246312, 56.00081], [37.246753, 56.000486], [37.247032, 56.000137], [37.247451, 55.999081], [37.248087, 55.998553], [37.248504, 55.998394], [37.248444, 55.997841], [37.252459, 55.996273], [37.256707, 55.994616], [37.260562, 55.993143], [37.259282, 55.991703], [37.257303, 55.990068], [37.253792, 55.988269], [37.2547, 55.987679], [37.25555, 55.987261], [37.258685, 55.98773], [37.261098, 55.987918], [37.263013, 55.988543], [37.263014, 55.988541], [37.263167, 55.988355], [37.263938, 55.987294], [37.263944, 55.987294], [37.264445, 55.987124], [37.264235, 55.986911], [37.265107, 55.985884], [37.265504, 55.98449], [37.265174, 55.983038], [37.267355, 55.982428], [37.267743, 55.981934], [37.266568, 55.981366], [37.266163, 55.981144], [37.265377, 55.979653], [37.266062, 55.979544], [37.266409, 55.979472], [37.265677, 55.977544], [37.265515, 55.977078], [37.265189, 55.976117], [37.264606, 55.974718], [37.26392, 55.973033], [37.263608, 55.973015], [37.263623, 55.972895], [37.263871, 55.972904], [37.263798, 55.972711], [37.263526, 55.972384], [37.263455, 55.972258], [37.263372, 55.972215], [37.263322, 55.97219], [37.263274, 55.972162], [37.263243, 55.972143], [37.263228, 55.972133], [37.263192, 55.972109], [37.263162, 55.97208], [37.263143, 55.97205], [37.263132, 55.97202], [37.26314, 55.971995], [37.263169, 55.971973], [37.263195, 55.971954], [37.263207, 55.971932], [37.263199, 55.971913], [37.263178, 55.971898], [37.263143, 55.971895], [37.263097, 55.971895], [37.263043, 55.971904], [37.262992, 55.971915], [37.26282, 55.971763], [37.261461, 55.971425], [37.261055, 55.969902], [37.26149, 55.969907], [37.261109, 55.968067], [37.268137, 55.968213], [37.268291, 55.967807], [37.26755, 55.967592], [37.264547, 55.967253], [37.263674, 55.966972], [37.262262, 55.966877], [37.260946, 55.967291], [37.261166, 55.967452], [37.261119, 55.96747], [37.260165, 55.967881], [37.260036, 55.967909], [37.259881, 55.967893], [37.259684, 55.967883], [37.259224, 55.967843], [37.258975, 55.967806], [37.258821, 55.967744], [37.258696, 55.967714], [37.25858, 55.967706], [37.258493, 55.967706], [37.258411, 55.967709], [37.258309, 55.967717], [37.258226, 55.967729], [37.258171, 55.967728], [37.25807, 55.967712], [37.257972, 55.967682], [37.257947, 55.967675], [37.257861, 55.967672], [37.257758, 55.967682], [37.257662, 55.967675], [37.257567, 55.967676], [37.257477, 55.967684], [37.257394, 55.96767], [37.257336, 55.967668], [37.257267, 55.967686], [37.257151, 55.967687], [37.257015, 55.967688], [37.256848, 55.96771], [37.25674, 55.967744], [37.256622, 55.967799], [37.256476, 55.967824], [37.256372, 55.967845], [37.256336, 55.967842], [37.256285, 55.967849], [37.256028, 55.967875], [37.255969, 55.967899], [37.255915, 55.967925], [37.255821, 55.967947], [37.255732, 55.967959], [37.255692, 55.96794], [37.255653, 55.967907], [37.255622, 55.967897], [37.255537, 55.967895], [37.255404, 55.967913], [37.255357, 55.967912], [37.255215, 55.967942], [37.255151, 55.967944], [37.255043, 55.967926], [37.254844, 55.967945], [37.25476, 55.967948], [37.25472, 55.967963], [37.254657, 55.968023], [37.254585, 55.968058], [37.254558, 55.968101], [37.254483, 55.968127], [37.254404, 55.968128], [37.25432, 55.96808], [37.254221, 55.968072], [37.254057, 55.968081], [37.253956, 55.96809], [37.253841, 55.968062], [37.25369, 55.968021], [37.253646, 55.967971], [37.253516, 55.967889], [37.253362, 55.967844], [37.253207, 55.967813], [37.252938, 55.967903], [37.252488, 55.967898], [37.252651, 55.968064], [37.252841, 55.968569], [37.25327, 55.970414], [37.250464, 55.972683], [37.246497, 55.975739], [37.243696, 55.976698], [37.24409, 55.976937], [37.244092, 55.977123], [37.244092, 55.977148], [37.244078, 55.977189], [37.244036, 55.977219], [37.243982, 55.977242], [37.243937, 55.977327], [37.243911, 55.977342], [37.243881, 55.97735], [37.243794, 55.977336], [37.24373, 55.977337], [37.243668, 55.977342], [37.243614, 55.977361], [37.243575, 55.977379], [37.243558, 55.977408], [37.24355, 55.977436], [37.243564, 55.977491], [37.243624, 55.977577], [37.243637, 55.977687], [37.24362, 55.977788], [37.243578, 55.97785], [37.243527, 55.977868], [37.24339, 55.977872], [37.243219, 55.977882], [37.243034, 55.97787], [37.242995, 55.97788], [37.242922, 55.977951], [37.242831, 55.978025], [37.24271, 55.978084], [37.242584, 55.978137], [37.242469, 55.978197], [37.242368, 55.978268], [37.242339, 55.978309], [37.242342, 55.978353], [37.242372, 55.978391], [37.242523, 55.978462], [37.242615, 55.978511], [37.242643, 55.978552], [37.24264, 55.9786], [37.242603, 55.978642], [37.242527, 55.978678], [37.24246, 55.978713], [37.242426, 55.978758], [37.242417, 55.978808], [37.242442, 55.978862], [37.242506, 55.978948], [37.242506, 55.978981], [37.242466, 55.979006], [37.242385, 55.979025], [37.242284, 55.979033], [37.242172, 55.979043], [37.242099, 55.979062], [37.242059, 55.979093], [37.242056, 55.979147], [37.242056, 55.979213], [37.242027, 55.979274], [37.24198, 55.979315], [37.241926, 55.979338], [37.24188, 55.979345], [37.241777, 55.979359], [37.241674, 55.979361], [37.241553, 55.979345], [37.241416, 55.979312], [37.241329, 55.979295], [37.241246, 55.979295], [37.241173, 55.979314], [37.241134, 55.979352], [37.241085, 55.979409], [37.24104, 55.979442], [37.240982, 55.979469], [37.240899, 55.979483], [37.240845, 55.979474], [37.240807, 55.97945], [37.240783, 55.979398], [37.240774, 55.979308], [37.240755, 55.979259], [37.240726, 55.979228], [37.240672, 55.979209], [37.240594, 55.979201], [37.240522, 55.979209], [37.240433, 55.979217], [37.24036, 55.979211], [37.240312, 55.979192], [37.240283, 55.97914], [37.240249, 55.979083], [37.240196, 55.979056], [37.240142, 55.979055], [37.240108, 55.979072], [37.240074, 55.979148], [37.240029, 55.979178], [37.239957, 55.979178], [37.239801, 55.97912], [37.239718, 55.979104], [37.239651, 55.979068], [37.239621, 55.979022], [37.239646, 55.978964], [37.239681, 55.978907], [37.239666, 55.978872], [37.239608, 55.97885], [37.239462, 55.978838], [37.23936, 55.978822], [37.239273, 55.978797], [37.239185, 55.978791], [37.239112, 55.97881], [37.238985, 55.978908], [37.238892, 55.978957], [37.238794, 55.978984], [37.238667, 55.978998], [37.238594, 55.978987], [37.238551, 55.978965], [37.238541, 55.978924], [37.238566, 55.978875], [37.238571, 55.978834], [37.238537, 55.978804], [37.23845, 55.978787], [37.238372, 55.978787], [37.238313, 55.978806], [37.238279, 55.978836], [37.238259, 55.978929], [37.238195, 55.978986], [37.238083, 55.979029], [37.237922, 55.979073], [37.237863, 55.979105], [37.237809, 55.979151], [37.237746, 55.979181], [37.237673, 55.979184], [37.237619, 55.979156], [37.237605, 55.979115], [37.237649, 55.979072], [37.237669, 55.979023], [37.237626, 55.978985], [37.237557, 55.978968], [37.237475, 55.978984], [37.237318, 55.979049], [37.237216, 55.979082], [37.237138, 55.979076], [37.237051, 55.979054], [37.236943, 55.979043], [37.236836, 55.979062], [37.236753, 55.979095], [37.236728, 55.979138], [37.236738, 55.979209], [37.236693, 55.979296], [37.236664, 55.979364], [37.236663, 55.979435], [37.236672, 55.979523], [37.236638, 55.979602], [37.236564, 55.979659], [37.236457, 55.97971], [37.23634, 55.979732], [37.236189, 55.979743], [37.236023, 55.979775], [37.235925, 55.979794], [37.235818, 55.979799], [37.235702, 55.97978], [37.235556, 55.979698], [37.235469, 55.979678], [37.235337, 55.979664], [37.235211, 55.97965], [37.235147, 55.979623], [37.235148, 55.979582], [37.235206, 55.979555], [37.235372, 55.979512], [37.23546, 55.979471], [37.2355, 55.97943], [37.235495, 55.979389], [37.235432, 55.979354], [37.23532, 55.97934], [37.235188, 55.979329], [37.235042, 55.979345], [37.23495, 55.979361], [37.234891, 55.979352], [37.234862, 55.979322], [37.234863, 55.97926], [37.234819, 55.979205], [37.234601, 55.979084], [37.234513, 55.979071], [37.234397, 55.979057], [37.234353, 55.979029], [37.234349, 55.978969], [37.234344, 55.978904], [37.234306, 55.978827], [37.234257, 55.978781], [37.234194, 55.978767], [37.234116, 55.978783], [37.234048, 55.978819], [37.233955, 55.978827], [37.233907, 55.978805], [37.233888, 55.978761], [37.233893, 55.978712], [37.233849, 55.978665], [37.233747, 55.978616], [37.233631, 55.97857], [37.23349, 55.978531], [37.233349, 55.978501], [37.233266, 55.978495], [37.233198, 55.978511], [37.233164, 55.978541], [37.233144, 55.978579], [37.233192, 55.978664], [37.233206, 55.978705], [37.233177, 55.978732], [37.233104, 55.978738], [37.232948, 55.978704], [37.23289, 55.97871], [37.232743, 55.978805], [37.232621, 55.978908], [37.232489, 55.978987], [37.232386, 55.979033], [37.232211, 55.979063], [37.23202, 55.979076], [37.231719, 55.979062], [37.231558, 55.979081], [37.231339, 55.979096], [37.231129, 55.97908], [37.230959, 55.97909], [37.230876, 55.979079], [37.230837, 55.979044], [37.230853, 55.978981], [37.230877, 55.978929], [37.230834, 55.978893], [37.230741, 55.978882], [37.230653, 55.97891], [37.230575, 55.978958], [37.230536, 55.979016], [37.23054, 55.979078], [37.230612, 55.979174], [37.230646, 55.97922], [37.230632, 55.979259], [37.230553, 55.979278], [37.230475, 55.979294], [37.23047, 55.979337], [37.230504, 55.979389], [37.230474, 55.979436], [37.23044, 55.979482], [37.230469, 55.979523], [37.230581, 55.979572], [37.230682, 55.979736], [37.230773, 55.979835], [37.230778, 55.9799], [37.230743, 55.979957], [37.230675, 55.979979], [37.230583, 55.979973], [37.230476, 55.979948], [37.230403, 55.979951], [37.230349, 55.979989], [37.230338, 55.980101], [37.230323, 55.98018], [37.23026, 55.980224], [37.230172, 55.980243], [37.230035, 55.980234], [37.229923, 55.980226], [37.229787, 55.980228], [37.229675, 55.980201], [37.229573, 55.980159], [37.229447, 55.980148], [37.229325, 55.980164], [37.229203, 55.98023], [37.229105, 55.980284], [37.229027, 55.9803], [37.22893, 55.980289], [37.228847, 55.980221], [37.228668, 55.980111], [37.228474, 55.980018], [37.228333, 55.979993], [37.22827, 55.979996], [37.228162, 55.980022], [37.228045, 55.980017], [37.227856, 55.979962], [37.227647, 55.979882], [37.227506, 55.979833], [37.227355, 55.979816], [37.227204, 55.979816], [37.227102, 55.979846], [37.227029, 55.979905], [37.226994, 55.979982], [37.226979, 55.980055], [37.22693, 55.980088], [37.226837, 55.980088], [37.226799, 55.98005], [37.22678, 55.97997], [37.226717, 55.979905], [37.226639, 55.979888], [37.226576, 55.979918], [37.226551, 55.979981], [37.22655, 55.980093], [37.226486, 55.980161], [37.226325, 55.980193], [37.22616, 55.980234], [37.226062, 55.980266], [37.225989, 55.980258], [37.22598, 55.980179], [37.225941, 55.9801], [37.225888, 55.98008], [37.225855, 55.98008], [37.225775, 55.980113], [37.225673, 55.980192], [37.225579, 55.980237], [37.225471, 55.980263], [37.225417, 55.98029], [37.22541, 55.98032], [37.22545, 55.980354], [37.225624, 55.980441], [37.225665, 55.980486], [37.225664, 55.980528], [37.225617, 55.980562], [37.225529, 55.980584], [37.225401, 55.980599], [37.225279, 55.980629], [37.225191, 55.980659], [37.22511, 55.980704], [37.225035, 55.980772], [37.224975, 55.980844], [37.224927, 55.980931], [37.225006, 55.98097], [37.225005, 55.981108], [37.224996, 55.981271], [37.225271, 55.981799], [37.225357, 55.982294], [37.225752, 55.982803], [37.225976, 55.983063], [37.226078, 55.983331], [37.226266, 55.983702], [37.226375, 55.983916], [37.226335, 55.984117], [37.225836, 55.984359], [37.225439, 55.984584], [37.22515, 55.984777], [37.224917, 55.984932], [37.224558, 55.98478], [37.223972, 55.984554], [37.223509, 55.984751], [37.222719, 55.984924], [37.220281, 55.985241], [37.219396, 55.985221], [37.218871, 55.985258], [37.218561, 55.985304], [37.21829, 55.985394], [37.218061, 55.985479], [37.217796, 55.985649], [37.217168, 55.986022], [37.217003, 55.98606], [37.216833, 55.986042], [37.216717, 55.986047], [37.216688, 55.986078], [37.216702, 55.986159], [37.216806, 55.986437], [37.216603, 55.986607], [37.216314, 55.986787], [37.216002, 55.986817], [37.215519, 55.98682], [37.214961, 55.986848], [37.214517, 55.986835], [37.213996, 55.98683], [37.213796, 55.986771], [37.213583, 55.986753], [37.21336, 55.986755], [37.213121, 55.986814], [37.212745, 55.986984], [37.212622, 55.987001], [37.212428, 55.987026], [37.213367, 55.989183], [37.213054, 55.989919], [37.213353, 55.990672], [37.214033, 55.992635], [37.213982, 55.993268], [37.209606, 56.000551], [37.209463, 56.000829]]]}}, {"type": "Feature", "properties": {"name": "Старое Крюково", "name_en": "Staroye Kryukovo", "okrug": "ЗелАО", "source_name": "Старое Крюково", "okato": "45272576", "oktmo": "45927000"}, "geometry": {"type": "Polygon", "coordinates": [[[37.173266, 55.980437], [37.175974, 55.981739], [37.176377, 55.981929], [37.177587, 55.982467], [37.177975, 55.982706], [37.17859, 55.983165], [37.178787, 55.983321], [37.179622, 55.984118], [37.185194, 55.990338], [37.18541, 55.990281], [37.186843, 55.990575], [37.187535, 55.990754], [37.188126, 55.990815], [37.188299, 55.990804], [37.188409, 55.990814], [37.188519, 55.990904], [37.188649, 55.990924], [37.188823, 55.990968], [37.18898, 55.991065], [37.189379, 55.991104], [37.189399, 55.991164], [37.189529, 55.991164], [37.189619, 55.991124], [37.189679, 55.991184], [37.189739, 55.991204], [37.189909, 55.991104], [37.190149, 55.991124], [37.190359, 55.991254], [37.190503, 55.991304], [37.190643, 55.991264], [37.190773, 55.991284], [37.190973, 55.991405], [37.191093, 55.991455], [37.191223, 55.991434], [37.191353, 55.991455], [37.191483, 55.991405], [37.191743, 55.991455], [37.191893, 55.991585], [37.192003, 55.991625], [37.192126, 55.991709], [37.192206, 55.991669], [37.192225, 55.991599], [37.192355, 55.991559], [37.192335, 55.991519], [37.19251, 55.99143], [37.192549, 55.991363], [37.192533, 55.9913], [37.192526, 55.991229], [37.192576, 55.991149], [37.192706, 55.991059], [37.192856, 55.991039], [37.192988, 55.991026], [37.193146, 55.990969], [37.193241, 55.990974], [37.193316, 55.990949], [37.193436, 55.990969], [37.193546, 55.991019], [37.193726, 55.991039], [37.193826, 55.991019], [37.193956, 55.990839], [37.19394, 55.990709], [37.19415, 55.990649], [37.19447, 55.990519], [37.19458, 55.990429], [37.1946, 55.990369], [37.19456, 55.990259], [37.19469, 55.990129], [37.19488, 55.990089], [37.195249, 55.990057], [37.195499, 55.990077], [37.195659, 55.990057], [37.195739, 55.989998], [37.195739, 55.989908], [37.195669, 55.989818], [37.195589, 55.989677], [37.195464, 55.989395], [37.195453, 55.989285], [37.195475, 55.989089], [37.195535, 55.989029], [37.195715, 55.988979], [37.195875, 55.988979], [37.196055, 55.988999], [37.196095, 55.988959], [37.196175, 55.988939], [37.196479, 55.988986], [37.196709, 55.988986], [37.196989, 55.988966], [37.197169, 55.988966], [37.197229, 55.989006], [37.197509, 55.989006], [37.197739, 55.988966], [37.197859, 55.988876], [37.197939, 55.988856], [37.198084, 55.988885], [37.198191, 55.988874], [37.198273, 55.988871], [37.198357, 55.988948], [37.198344, 55.989016], [37.198471, 55.989046], [37.198661, 55.988995], [37.198864, 55.988914], [37.198987, 55.988937], [37.199227, 55.988917], [37.199297, 55.988867], [37.199307, 55.988827], [37.199397, 55.988757], [37.199527, 55.988757], [37.199637, 55.988717], [37.199717, 55.988787], [37.200017, 55.988827], [37.200147, 55.988787], [37.200237, 55.988697], [37.200237, 55.988637], [37.200147, 55.988597], [37.200067, 55.988487], [37.200147, 55.988417], [37.200327, 55.988397], [37.200407, 55.988417], [37.200497, 55.988377], [37.200517, 55.988337], [37.200447, 55.988287], [37.200467, 55.988247], [37.200557, 55.988187], [37.200687, 55.988167], [37.200817, 55.988187], [37.201177, 55.988137], [37.201227, 55.988057], [37.201417, 55.988017], [37.201547, 55.988057], [37.201677, 55.988037], [37.201757, 55.988057], [37.201817, 55.988097], [37.201989, 55.988088], [37.202117, 55.988091], [37.202207, 55.988062], [37.202182, 55.988012], [37.202294, 55.988037], [37.202383, 55.988012], [37.20249, 55.987967], [37.202596, 55.987965], [37.202681, 55.987981], [37.202765, 55.988019], [37.202666, 55.98808], [37.202585, 55.988095], [37.202492, 55.988147], [37.202512, 55.98823], [37.20256, 55.988287], [37.20266, 55.988309], [37.202753, 55.988385], [37.202863, 55.988419], [37.202863, 55.988457], [37.202828, 55.988546], [37.202932, 55.988584], [37.203067, 55.988558], [37.203188, 55.988557], [37.203232, 55.98851], [37.203457, 55.988483], [37.203653, 55.988492], [37.203793, 55.988473], [37.203845, 55.988434], [37.203812, 55.988346], [37.203931, 55.988311], [37.204006, 55.988263], [37.204117, 55.988188], [37.204235, 55.988217], [37.204391, 55.988173], [37.204607, 55.988087], [37.204786, 55.988017], [37.205012, 55.987985], [37.205118, 55.987966], [37.205182, 55.987922], [37.205568, 55.987797], [37.205776, 55.98769], [37.205964, 55.987588], [37.206171, 55.987569], [37.206578, 55.987501], [37.206699, 55.987492], [37.206875, 55.987507], [37.207304, 55.987642], [37.207623, 55.987753], [37.207981, 55.987787], [37.208421, 55.987798], [37.208729, 55.987818], [37.209016, 55.987777], [37.209409, 55.98768], [37.209849, 55.987527], [37.21078, 55.987041], [37.211364, 55.986998], [37.211709, 55.987016], [37.212173, 55.987042], [37.212428, 55.987026], [37.212622, 55.987001], [37.212745, 55.986984], [37.213121, 55.986814], [37.21336, 55.986755], [37.213583, 55.986753], [37.213796, 55.986771], [37.213996, 55.98683], [37.214517, 55.986835], [37.214961, 55.986848], [37.215519, 55.98682], [37.216002, 55.986817], [37.216314, 55.986787], [37.216603, 55.986607], [37.216806, 55.986437], [37.216702, 55.986159], [37.216688, 55.986078], [37.216717, 55.986047], [37.216833, 55.986042], [37.217003, 55.98606], [37.217168, 55.986022], [37.217796, 55.985649], [37.218061, 55.985479], [37.21829, 55.985394], [37.218561, 55.985304], [37.218871, 55.985258], [37.219396, 55.985221], [37.220281, 55.985241], [37.222719, 55.984924], [37.223509, 55.984751], [37.223972, 55.984554], [37.224558, 55.98478], [37.224917, 55.984932], [37.22515, 55.984777], [37.225439, 55.984584], [37.225836, 55.984359], [37.226335, 55.984117], [37.226375, 55.983916], [37.226266, 55.983702], [37.226078, 55.983331], [37.225976, 55.983063], [37.225752, 55.982803], [37.225357, 55.982294], [37.225271, 55.981799], [37.224996, 55.981271], [37.225005, 55.981108], [37.225006, 55.98097], [37.224927, 55.980931], [37.224913, 55.981045], [37.224907, 55.981111], [37.224862, 55.981208], [37.224854, 55.981227], [37.22484, 55.981247], [37.224823, 55.981264], [37.224778, 55.981271], [37.224755, 55.981273], [37.224723, 55.981272], [37.224718, 55.981274], [37.22469, 55.981277], [37.224643, 55.981297], [37.224615, 55.981315], [37.224594, 55.981326], [37.224568, 55.981343], [37.22455, 55.981355], [37.224538, 55.981372], [37.22453, 55.981386], [37.224506, 55.981404], [37.224495, 55.981417], [37.224481, 55.981438], [37.224466, 55.981459], [37.224449, 55.98147], [37.224431, 55.981476], [37.224412, 55.981478], [37.224383, 55.981482], [37.224359, 55.981485], [37.22434, 55.981482], [37.224314, 55.981493], [37.2243, 55.981497], [37.224278, 55.981506], [37.224246, 55.981512], [37.224203, 55.981514], [37.224171, 55.981516], [37.224143, 55.981513], [37.224108, 55.981506], [37.224088, 55.981502], [37.224059, 55.981498], [37.224047, 55.981494], [37.22402, 55.981496], [37.224008, 55.981497], [37.224001, 55.9815], [37.223998, 55.98151], [37.224005, 55.981523], [37.224018, 55.981535], [37.224033, 55.981555], [37.224042, 55.981573], [37.224038, 55.981587], [37.22403, 55.981602], [37.224006, 55.981622], [37.223982, 55.98163], [37.223959, 55.981636], [37.223949, 55.981638], [37.223923, 55.981652], [37.223875, 55.981655], [37.22385, 55.981665], [37.223827, 55.981677], [37.223799, 55.981693], [37.223772, 55.981704], [37.223755, 55.981707], [37.223741, 55.981707], [37.223724, 55.981704], [37.223714, 55.9817], [37.22371, 55.981696], [37.223707, 55.981682], [37.223706, 55.98167], [37.223705, 55.981654], [37.223686, 55.981633], [37.223678, 55.981621], [37.223667, 55.981614], [37.223653, 55.981609], [37.223642, 55.981608], [37.223623, 55.981606], [37.223609, 55.981605], [37.223587, 55.981611], [37.223573, 55.981619], [37.223555, 55.981631], [37.223532, 55.981647], [37.223512, 55.981659], [37.223493, 55.981671], [37.223452, 55.981685], [37.223419, 55.981699], [37.223388, 55.981722], [37.223352, 55.981735], [37.223305, 55.981749], [37.223263, 55.98175], [37.223226, 55.981747], [37.223204, 55.98174], [37.223185, 55.98173], [37.223156, 55.981715], [37.223128, 55.981706], [37.223095, 55.981697], [37.223056, 55.98169], [37.223016, 55.981687], [37.222981, 55.981685], [37.222938, 55.981695], [37.222906, 55.981697], [37.222845, 55.98171], [37.222794, 55.981721], [37.222745, 55.981733], [37.222716, 55.981741], [37.222578, 55.981727], [37.222465, 55.981715], [37.222376, 55.981708], [37.22227, 55.981696], [37.22222, 55.981693], [37.222167, 55.981686], [37.222127, 55.981681], [37.222072, 55.981675], [37.221986, 55.981665], [37.221885, 55.981657], [37.221804, 55.981649], [37.221751, 55.98164], [37.221683, 55.981617], [37.221606, 55.981598], [37.221544, 55.981583], [37.221457, 55.981565], [37.22136, 55.981535], [37.22128, 55.981511], [37.221195, 55.98149], [37.2211, 55.981462], [37.221017, 55.981437], [37.220932, 55.981419], [37.220846, 55.981396], [37.220755, 55.981368], [37.220515, 55.981306], [37.220053, 55.981034], [37.218912, 55.98036], [37.217458, 55.978365], [37.217435, 55.978271], [37.217267, 55.978015], [37.217181, 55.977911], [37.217114, 55.97782], [37.217051, 55.977668], [37.217753, 55.977737], [37.218773, 55.977241], [37.217001, 55.975994], [37.215558, 55.976683], [37.214923, 55.976079], [37.214338, 55.976152], [37.21445, 55.976351], [37.213185, 55.97652], [37.21284, 55.976596], [37.211774, 55.97324], [37.211364, 55.971345], [37.211303, 55.970456], [37.213141, 55.970173], [37.2124, 55.969243], [37.208529, 55.970097], [37.208377, 55.969852], [37.188822, 55.974125], [37.184605, 55.975302], [37.181486, 55.976365], [37.179676, 55.977152], [37.17838, 55.977819], [37.176341, 55.978807], [37.17374, 55.980141], [37.173266, 55.980437]]]}}, {"type": "Feature", "properties": {"name": "Силино", "name_en": "Silino", "okrug": "ЗелАО", "source_name": "Силино", "okato": "45272572", "oktmo": "45332000"}, "geometry": {"type": "Polygon", "coordinates": [[[37.131602, 56.016446], [37.132659, 56.016777], [37.134024, 56.017733], [37.135094, 56.018406], [37.135821, 56.018934], [37.136091, 56.019108], [37.137433, 56.018577], [37.138453, 56.018109], [37.138927, 56.017892], [37.13884, 56.018132], [37.138754, 56.018372], [37.140737, 56.018074], [37.143349, 56.017692], [37.144184, 56.017692], [37.144767, 56.017968], [37.145235, 56.018092], [37.146717, 56.017836], [37.147467, 56.0177], [37.149169, 56.017391], [37.150095, 56.017223], [37.15052, 56.016499], [37.151942, 56.016831], [37.155052, 56.017639], [37.157018, 56.017899], [37.158256, 56.017998], [37.15897, 56.017214], [37.159754, 56.016362], [37.159778, 56.015898], [37.159186, 56.015335], [37.159963, 56.014441], [37.158661, 56.014142], [37.158863, 56.0137], [37.160507, 56.013425], [37.16173, 56.013221], [37.162655, 56.013937], [37.163825, 56.013595], [37.164214, 56.014069], [37.164615, 56.014233], [37.16595, 56.013947], [37.167744, 56.013891], [37.168668, 56.014106], [37.169186, 56.014218], [37.171253, 56.014626], [37.172519, 56.014732], [37.173818, 56.014841], [37.175693, 56.014984], [37.177612, 56.015132], [37.179119, 56.016054], [37.181474, 56.016716], [37.183697, 56.017999], [37.185285, 56.018915], [37.184212, 56.019721], [37.184656, 56.020161], [37.186998, 56.019994], [37.187978, 56.020595], [37.188843, 56.021139], [37.188978, 56.021224], [37.189598, 56.02098], [37.190235, 56.020729], [37.190745, 56.020521], [37.194358, 56.019081], [37.19557, 56.018601], [37.194686, 56.017673], [37.194029, 56.016997], [37.193423, 56.016375], [37.191942, 56.014853], [37.191139, 56.014046], [37.190864, 56.013769], [37.190734, 56.013657], [37.190475, 56.013512], [37.189556, 56.013323], [37.189388, 56.013287], [37.189303, 56.013268], [37.188264, 56.013047], [37.188169, 56.013027], [37.186875, 56.012753], [37.184715, 56.012297], [37.184157, 56.012179], [37.180757, 56.011507], [37.1804, 56.011435], [37.180204, 56.01134], [37.18011, 56.011183], [37.180241, 56.010958], [37.180687, 56.010211], [37.181472, 56.009065], [37.18183, 56.008374], [37.181746, 56.008373], [37.180827, 56.008246], [37.178529, 56.007952], [37.179102, 56.005295], [37.179386, 56.005189], [37.181945, 56.005182], [37.184135, 56.005362], [37.184533, 56.005238], [37.184582, 56.003962], [37.185204, 56.003853], [37.186448, 56.003817], [37.186977, 56.003426], [37.1863, 56.002411], [37.187853, 56.001998], [37.188155, 56.002123], [37.189281, 56.002044], [37.190326, 56.002532], [37.191219, 56.002814], [37.191695, 56.003473], [37.191917, 56.003535], [37.192739, 56.003761], [37.192927, 56.003813], [37.193737, 56.004108], [37.194291, 56.004355], [37.194937, 56.004448], [37.196, 56.004127], [37.196429, 56.003531], [37.198086, 56.003065], [37.198145, 56.003131], [37.198207, 56.00317], [37.198939, 56.00313], [37.198698, 56.002277], [37.199103, 56.002353], [37.199941, 56.002516], [37.200683, 56.002054], [37.20103, 56.00124], [37.200839, 56.000899], [37.201043, 56.000412], [37.200833, 56.000362], [37.201013, 56.000072], [37.200006, 55.999878], [37.197927, 55.999607], [37.196974, 55.999564], [37.19702, 55.998669], [37.197856, 55.99845], [37.197911, 55.998208], [37.198103, 55.997941], [37.197981, 55.997368], [37.198593, 55.997356], [37.198728, 55.997372], [37.198675, 55.997255], [37.199697, 55.99682], [37.200141, 55.996369], [37.200854, 55.996092], [37.201442, 55.995315], [37.201592, 55.995362], [37.202183, 55.994625], [37.202463, 55.994219], [37.202715, 55.993744], [37.203261, 55.9934], [37.204294, 55.993642], [37.20441, 55.992564], [37.205091, 55.991727], [37.204738, 55.990855], [37.204833, 55.990702], [37.205227, 55.99056], [37.205218, 55.98975], [37.205018, 55.988979], [37.205012, 55.987985], [37.204786, 55.988017], [37.204607, 55.988087], [37.204391, 55.988173], [37.204235, 55.988217], [37.204117, 55.988188], [37.204006, 55.988263], [37.203931, 55.988311], [37.203812, 55.988346], [37.203845, 55.988434], [37.203793, 55.988473], [37.203653, 55.988492], [37.203457, 55.988483], [37.203232, 55.98851], [37.203188, 55.988557], [37.203067, 55.988558], [37.202932, 55.988584], [37.202828, 55.988546], [37.202863, 55.988457], [37.202863, 55.988419], [37.202753, 55.988385], [37.20266, 55.988309], [37.20256, 55.988287], [37.202512, 55.98823], [37.202492, 55.988147], [37.202585, 55.988095], [37.202666, 55.98808], [37.202765, 55.988019], [37.202681, 55.987981], [37.202596, 55.987965], [37.20249, 55.987967], [37.202383, 55.988012], [37.202294, 55.988037], [37.202182, 55.988012], [37.202207, 55.988062], [37.202117, 55.988091], [37.201989, 55.988088], [37.201817, 55.988097], [37.201757, 55.988057], [37.201677, 55.988037], [37.201547, 55.988057], [37.201417, 55.988017], [37.201227, 55.988057], [37.201177, 55.988137], [37.200817, 55.988187], [37.200687, 55.988167], [37.200557, 55.988187], [37.200467, 55.988247], [37.200447, 55.988287], [37.200517, 55.988337], [37.200497, 55.988377], [37.200407, 55.988417], [37.200327, 55.988397], [37.200147, 55.988417], [37.200067, 55.988487], [37.200147, 55.988597], [37.200237, 55.988637], [37.200237, 55.988697], [37.200147, 55.988787], [37.200017, 55.988827], [37.199717, 55.988787], [37.199637, 55.988717], [37.199527, 55.988757], [37.199397, 55.988757], [37.199307, 55.988827], [37.199297, 55.988867], [37.199227, 55.988917], [37.198987, 55.988937], [37.198864, 55.988914], [37.198661, 55.988995], [37.198471, 55.989046], [37.198344, 55.989016], [37.198357, 55.988948], [37.198273, 55.988871], [37.198191, 55.988874], [37.198084, 55.988885], [37.197939, 55.988856], [37.197859, 55.988876], [37.197739, 55.988966], [37.197509, 55.989006], [37.197229, 55.989006], [37.197169, 55.988966], [37.196989, 55.988966], [37.196709, 55.988986], [37.196479, 55.988986], [37.196175, 55.988939], [37.196095, 55.988959], [37.196055, 55.988999], [37.195875, 55.988979], [37.195715, 55.988979], [37.195535, 55.989029], [37.195475, 55.989089], [37.195453, 55.989285], [37.195464, 55.989395], [37.195589, 55.989677], [37.195669, 55.989818], [37.195739, 55.989908], [37.195739, 55.989998], [37.195659, 55.990057], [37.195499, 55.990077], [37.195249, 55.990057], [37.19488, 55.990089], [37.19469, 55.990129], [37.19456, 55.990259], [37.1946, 55.990369], [37.19458, 55.990429], [37.19447, 55.990519], [37.19415, 55.990649], [37.19394, 55.990709], [37.193956, 55.990839], [37.193826, 55.991019], [37.193726, 55.991039], [37.193546, 55.991019], [37.193436, 55.990969], [37.193316, 55.990949], [37.193241, 55.990974], [37.193146, 55.990969], [37.192988, 55.991026], [37.192856, 55.991039], [37.192706, 55.991059], [37.192576, 55.991149], [37.192526, 55.991229], [37.192533, 55.9913], [37.192549, 55.991363], [37.19251, 55.99143], [37.192335, 55.991519], [37.192355, 55.991559], [37.192225, 55.991599], [37.192206, 55.991669], [37.192126, 55.991709], [37.192003, 55.991625], [37.191893, 55.991585], [37.191743, 55.991455], [37.191483, 55.991405], [37.191353, 55.991455], [37.191223, 55.991434], [37.191093, 55.991455], [37.190973, 55.991405], [37.190773, 55.991284], [37.190643, 55.991264], [37.190503, 55.991304], [37.190359, 55.991254], [37.190149, 55.991124], [37.189909, 55.991104], [37.189739, 55.991204], [37.189679, 55.991184], [37.189619, 55.991124], [37.189529, 55.991164], [37.189399, 55.991164], [37.189379, 55.991104], [37.18898, 55.991065], [37.188823, 55.990968], [37.188649, 55.990924], [37.188519, 55.990904], [37.188409, 55.990814], [37.188299, 55.990804], [37.188126, 55.990815], [37.187535, 55.990754], [37.186843, 55.990575], [37.18541, 55.990281], [37.185194, 55.990338], [37.179622, 55.984118], [37.178787, 55.983321], [37.17859, 55.983165], [37.177975, 55.982706], [37.177587, 55.982467], [37.176377, 55.981929], [37.175974, 55.981739], [37.173266, 55.980437], [37.172076, 55.981206], [37.170629, 55.982257], [37.169154, 55.983371], [37.168854, 55.983598], [37.167719, 55.984475], [37.164834, 55.986975], [37.162497, 55.988968], [37.159705, 55.991404], [37.158023, 55.992865], [37.150644, 55.999226], [37.151171, 55.999549], [37.149089, 56.001462], [37.146977, 56.003347], [37.14328, 56.006363], [37.141276, 56.008079], [37.139417, 56.009721], [37.139068, 56.009594], [37.137394, 56.011198], [37.135956, 56.012583], [37.133994, 56.014333], [37.133949, 56.014427], [37.131602, 56.016446]]]}}, {"type": "Feature", "properties": {"name": "Крюково", "name_en": "Kryukovo", "okrug": "ЗелАО", "source_name": "Крюково", "okato": "45272580", "oktmo": "45330000"}, "geometry": {"type": "Polygon", "coordinates": [[[37.144087, 55.989882], [37.144531, 55.98995], [37.144709, 55.989977], [37.145778, 55.99014], [37.146093, 55.990478], [37.147233, 55.990939], [37.147838, 55.990802], [37.149583, 55.99117], [37.149662, 55.991567], [37.148822, 55.99212], [37.150691, 55.993133], [37.152737, 55.993087], [37.152711, 55.994242], [37.151368, 55.996213], [37.151156, 55.996307], [37.14993, 55.996572], [37.150269, 55.997212], [37.150248, 55.997534], [37.149199, 55.998343], [37.150644, 55.999226], [37.158023, 55.992865], [37.159705, 55.991404], [37.162497, 55.988968], [37.164834, 55.986975], [37.167719, 55.984475], [37.168854, 55.983598], [37.169154, 55.983371], [37.170629, 55.982257], [37.172076, 55.981206], [37.173266, 55.980437], [37.17374, 55.980141], [37.176341, 55.978807], [37.17838, 55.977819], [37.179676, 55.977152], [37.181486, 55.976365], [37.184605, 55.975302], [37.188822, 55.974125], [37.208377, 55.969852], [37.207675, 55.968722], [37.208916, 55.968681], [37.209116, 55.968192], [37.211566, 55.967151], [37.20928, 55.964419], [37.205811, 55.963213], [37.20564, 55.963121], [37.205654, 55.96284], [37.206876, 55.961441], [37.207299, 55.961447], [37.209329, 55.960172], [37.210128, 55.957528], [37.210174, 55.957345], [37.210319, 55.95732], [37.211385, 55.956418], [37.212592, 55.955844], [37.212963, 55.955835], [37.213827, 55.956601], [37.215336, 55.956323], [37.217245, 55.957907], [37.219388, 55.957118], [37.218556, 55.955206], [37.220793, 55.954029], [37.219285, 55.953075], [37.218445, 55.951466], [37.219908, 55.95023], [37.219217, 55.94941], [37.217942, 55.948206], [37.217713, 55.948026], [37.217572, 55.948047], [37.21754, 55.948039], [37.217498, 55.948015], [37.217455, 55.948008], [37.21741, 55.948015], [37.21734, 55.948043], [37.217242, 55.948106], [37.217026, 55.94819], [37.216974, 55.948225], [37.21692, 55.948321], [37.216878, 55.948389], [37.216726, 55.948494], [37.216673, 55.948505], [37.216603, 55.948585], [37.216582, 55.94867], [37.216558, 55.948705], [37.216507, 55.948724], [37.216375, 55.948734], [37.216272, 55.948731], [37.216204, 55.948715], [37.216131, 55.948708], [37.21608, 55.948701], [37.216039, 55.948677], [37.215906, 55.948591], [37.215867, 55.94854], [37.215803, 55.948491], [37.215761, 55.948485], [37.21565, 55.948509], [37.215561, 55.948534], [37.215485, 55.948575], [37.215328, 55.948638], [37.21525, 55.948647], [37.215114, 55.948642], [37.215045, 55.948656], [37.214968, 55.94866], [37.214902, 55.948678], [37.214779, 55.948711], [37.214741, 55.948735], [37.214609, 55.948764], [37.214481, 55.948803], [37.214438, 55.9488], [37.214344, 55.948741], [37.214319, 55.948698], [37.214295, 55.948663], [37.214208, 55.948584], [37.213997, 55.948465], [37.213864, 55.948412], [37.213705, 55.948388], [37.21359, 55.948367], [37.213568, 55.948338], [37.213585, 55.948312], [37.21357, 55.948287], [37.213537, 55.948285], [37.213463, 55.948312], [37.21336, 55.948341], [37.213224, 55.948352], [37.213137, 55.948361], [37.213094, 55.948378], [37.213044, 55.948408], [37.212832, 55.948473], [37.21274, 55.948522], [37.212524, 55.948644], [37.212472, 55.948653], [37.212438, 55.948665], [37.212448, 55.948685], [37.212499, 55.94871], [37.212536, 55.948735], [37.212541, 55.948757], [37.212527, 55.948774], [37.212476, 55.948788], [37.212421, 55.948787], [37.212373, 55.94878], [37.212321, 55.948789], [37.212284, 55.948782], [37.212239, 55.948803], [37.2122, 55.948807], [37.212122, 55.948784], [37.212095, 55.948785], [37.212041, 55.948801], [37.21199, 55.948796], [37.211956, 55.948777], [37.211951, 55.948693], [37.211968, 55.948663], [37.212018, 55.948638], [37.212211, 55.948575], [37.212264, 55.948544], [37.21228, 55.948517], [37.212262, 55.948488], [37.212148, 55.948424], [37.212052, 55.948389], [37.211941, 55.948368], [37.21184, 55.94836], [37.211745, 55.948364], [37.21167, 55.948383], [37.211608, 55.94841], [37.211508, 55.948434], [37.211444, 55.948457], [37.211401, 55.948463], [37.211362, 55.948449], [37.211333, 55.948452], [37.211308, 55.948443], [37.211298, 55.948411], [37.211266, 55.948378], [37.211227, 55.948337], [37.211222, 55.948311], [37.211241, 55.948221], [37.211207, 55.94814], [37.211137, 55.948077], [37.211104, 55.948072], [37.21107, 55.948078], [37.21104, 55.948094], [37.210901, 55.948141], [37.210769, 55.94818], [37.210647, 55.94821], [37.210542, 55.94824], [37.210422, 55.94827], [37.210246, 55.94831], [37.210157, 55.948325], [37.210074, 55.94835], [37.210004, 55.948367], [37.209946, 55.948393], [37.209836, 55.948432], [37.20974, 55.948456], [37.209705, 55.948477], [37.209653, 55.948497], [37.209566, 55.948521], [37.209502, 55.948527], [37.209421, 55.94852], [37.209314, 55.948504], [37.209181, 55.948466], [37.209126, 55.948461], [37.208984, 55.948427], [37.208918, 55.948422], [37.208773, 55.94841], [37.208686, 55.948415], [37.208527, 55.948405], [37.208443, 55.948408], [37.208434, 55.948425], [37.208477, 55.948478], [37.20854, 55.948518], [37.208612, 55.94858], [37.208667, 55.948613], [37.208724, 55.948709], [37.208712, 55.948756], [37.208671, 55.948809], [37.208602, 55.94885], [37.208517, 55.948882], [37.208442, 55.948919], [37.208351, 55.949008], [37.208256, 55.949086], [37.208162, 55.949145], [37.208104, 55.949161], [37.208031, 55.949159], [37.207953, 55.949141], [37.207817, 55.949077], [37.207699, 55.949017], [37.207569, 55.948963], [37.207503, 55.948932], [37.207454, 55.948894], [37.207333, 55.948839], [37.207156, 55.948747], [37.207093, 55.948733], [37.206914, 55.948704], [37.20678, 55.948681], [37.206708, 55.948678], [37.206659, 55.948668], [37.206601, 55.948631], [37.206523, 55.948606], [37.206431, 55.94859], [37.206323, 55.94858], [37.206138, 55.948579], [37.206066, 55.948568], [37.205832, 55.948479], [37.205641, 55.948396], [37.205551, 55.948368], [37.205349, 55.948275], [37.205277, 55.948254], [37.205202, 55.948241], [37.205103, 55.948234], [37.204965, 55.948203], [37.204878, 55.948198], [37.204756, 55.94822], [37.20462, 55.948225], [37.204521, 55.948234], [37.204445, 55.948263], [37.204291, 55.948342], [37.204178, 55.948381], [37.204123, 55.948389], [37.204048, 55.948384], [37.203947, 55.948366], [37.203836, 55.948355], [37.203694, 55.948344], [37.203567, 55.948341], [37.203509, 55.948345], [37.203428, 55.948391], [37.203294, 55.948442], [37.20325, 55.948441], [37.203187, 55.948432], [37.203161, 55.948444], [37.203128, 55.948476], [37.202864, 55.948566], [37.202762, 55.948592], [37.202678, 55.9486], [37.202603, 55.948592], [37.202517, 55.948572], [37.202444, 55.948577], [37.202348, 55.948598], [37.202238, 55.94864], [37.20213, 55.94869], [37.202039, 55.948777], [37.202008, 55.948806], [37.201955, 55.948821], [37.20188, 55.948853], [37.201804, 55.948895], [37.201752, 55.948942], [37.20174, 55.948989], [37.201745, 55.949071], [37.201727, 55.949129], [37.201677, 55.949179], [37.201634, 55.949205], [37.201638, 55.949221], [37.201651, 55.949249], [37.201641, 55.949262], [37.201625, 55.94928], [37.201572, 55.949314], [37.201547, 55.949341], [37.201538, 55.94936], [37.201529, 55.949413], [37.201538, 55.949425], [37.201575, 55.949454], [37.201606, 55.949477], [37.201617, 55.949495], [37.201634, 55.949506], [37.20167, 55.949522], [37.201693, 55.949541], [37.201697, 55.949582], [37.201688, 55.949599], [37.201696, 55.949614], [37.201714, 55.949626], [37.201731, 55.949627], [37.20176, 55.949625], [37.201815, 55.949619], [37.201855, 55.949623], [37.201877, 55.949634], [37.201901, 55.949649], [37.201915, 55.94967], [37.201982, 55.949844], [37.201982, 55.94986], [37.201974, 55.949876], [37.201958, 55.949895], [37.201942, 55.949928], [37.201938, 55.94995], [37.201948, 55.949962], [37.20197, 55.94997], [37.202016, 55.949974], [37.202043, 55.949981], [37.202069, 55.950005], [37.202076, 55.950012], [37.202065, 55.950043], [37.202044, 55.950071], [37.202017, 55.950105], [37.202061, 55.95015], [37.202109, 55.950225], [37.202112, 55.950354], [37.20225, 55.950537], [37.202289, 55.9506], [37.202503, 55.950955], [37.202507, 55.950961], [37.20253, 55.950996], [37.202581, 55.95112], [37.202678, 55.951347], [37.20268, 55.95135], [37.202917, 55.951771], [37.202933, 55.952574], [37.202936, 55.952634], [37.20295, 55.952684], [37.202851, 55.953217], [37.199865, 55.953874], [37.195905, 55.954718], [37.195714, 55.954447], [37.195687, 55.954453], [37.195693, 55.954417], [37.195234, 55.953765], [37.193865, 55.954504], [37.19433, 55.955039], [37.192574, 55.955369], [37.19159, 55.955565], [37.188825, 55.956114], [37.187531, 55.955447], [37.186464, 55.953206], [37.186403, 55.953089], [37.185829, 55.953301], [37.185826, 55.953302], [37.184105, 55.953926], [37.183674, 55.954089], [37.183244, 55.954251], [37.184181, 55.955027], [37.184179, 55.955029], [37.184238, 55.955073], [37.184202, 55.95509], [37.184106, 55.955128], [37.184081, 55.955136], [37.18399, 55.955162], [37.183879, 55.955178], [37.183776, 55.955199], [37.18374, 55.955215], [37.183691, 55.955248], [37.183673, 55.955301], [37.183688, 55.955362], [37.183683, 55.9554], [37.183653, 55.95543], [37.183608, 55.955466], [37.183556, 55.9555], [37.183506, 55.955523], [37.183503, 55.955524], [37.183442, 55.955531], [37.183393, 55.955543], [37.183362, 55.955569], [37.183335, 55.955606], [37.183335, 55.955633], [37.183357, 55.955667], [37.183405, 55.955723], [37.183457, 55.955768], [37.183518, 55.955832], [37.183536, 55.955886], [37.183532, 55.955963], [37.183534, 55.956022], [37.18355, 55.956078], [37.183575, 55.95614], [37.183622, 55.956195], [37.183692, 55.956248], [37.183766, 55.956296], [37.183901, 55.956384], [37.183965, 55.95644], [37.184032, 55.95651], [37.18406, 55.95656], [37.18407, 55.956644], [37.184065, 55.956706], [37.184051, 55.956764], [37.184028, 55.956824], [37.184018, 55.956873], [37.184037, 55.956904], [37.184072, 55.956935], [37.184119, 55.956962], [37.184206, 55.957008], [37.184239, 55.957036], [37.184288, 55.957077], [37.184385, 55.957158], [37.184401, 55.957183], [37.184412, 55.957225], [37.184418, 55.957272], [37.184418, 55.957314], [37.184411, 55.957358], [37.184397, 55.957405], [37.184364, 55.957439], [37.184302, 55.957504], [37.184245, 55.957548], [37.184189, 55.957589], [37.184075, 55.957665], [37.183982, 55.957723], [37.183923, 55.95776], [37.183847, 55.957795], [37.183784, 55.957823], [37.183699, 55.957841], [37.183555, 55.957864], [37.183485, 55.957891], [37.183417, 55.957927], [37.183327, 55.957959], [37.183223, 55.957999], [37.183125, 55.958046], [37.183011, 55.958109], [37.182925, 55.958155], [37.182809, 55.95821], [37.182716, 55.958247], [37.182682, 55.958275], [37.182656, 55.958307], [37.182626, 55.958348], [37.182598, 55.958397], [37.182574, 55.958454], [37.182579, 55.958494], [37.182601, 55.958551], [37.182634, 55.95861], [37.182629, 55.958653], [37.182608, 55.958688], [37.182572, 55.958714], [37.18251, 55.958733], [37.18242, 55.958745], [37.182311, 55.958746], [37.182229, 55.958741], [37.182123, 55.958726], [37.182028, 55.9587], [37.181868, 55.958651], [37.181746, 55.958613], [37.181646, 55.958581], [37.181567, 55.95854], [37.181479, 55.95848], [37.18141, 55.958452], [37.181355, 55.958441], [37.181283, 55.958436], [37.181216, 55.95844], [37.181046, 55.958453], [37.180787, 55.958456], [37.180694, 55.958464], [37.180558, 55.958479], [37.180447, 55.958494], [37.18044, 55.958494], [37.180314, 55.958512], [37.1802, 55.958528], [37.180128, 55.958531], [37.18, 55.958528], [37.17985, 55.95853], [37.179724, 55.95853], [37.179624, 55.958527], [37.179513, 55.958516], [37.179278, 55.958488], [37.179165, 55.95848], [37.179072, 55.958466], [37.178971, 55.958449], [37.178854, 55.958422], [37.178725, 55.958389], [37.178628, 55.958372], [37.178528, 55.958363], [37.178461, 55.958363], [37.17839, 55.958366], [37.178232, 55.958384], [37.178172, 55.958393], [37.178118, 55.958413], [37.178072, 55.958438], [37.178049, 55.958462], [37.178032, 55.958496], [37.178028, 55.958529], [37.178043, 55.958592], [37.178048, 55.958639], [37.178032, 55.958662], [37.178002, 55.958685], [37.177975, 55.958692], [37.17788, 55.958706], [37.177783, 55.958721], [37.177694, 55.95872], [37.177608, 55.958712], [37.177535, 55.958687], [37.177441, 55.958643], [37.177364, 55.958617], [37.177314, 55.95859], [37.17729, 55.958558], [37.177292, 55.958518], [37.177282, 55.958463], [37.177311, 55.958427], [37.177311, 55.958399], [37.177287, 55.958368], [37.177221, 55.95833], [37.176996, 55.958266], [37.17692, 55.958243], [37.176825, 55.958205], [37.17675, 55.958175], [37.176687, 55.958151], [37.176624, 55.958144], [37.176524, 55.958136], [37.176421, 55.958112], [37.176336, 55.958092], [37.17622, 55.958049], [37.176112, 55.958002], [37.17602, 55.957961], [37.175947, 55.957923], [37.175896, 55.957872], [37.175862, 55.957825], [37.17583, 55.957797], [37.175771, 55.957777], [37.175699, 55.957769], [37.175623, 55.957768], [37.175566, 55.957759], [37.175534, 55.957741], [37.175517, 55.957714], [37.175506, 55.957666], [37.175471, 55.957615], [37.175421, 55.957569], [37.175365, 55.957532], [37.175284, 55.957511], [37.175201, 55.957505], [37.175081, 55.957498], [37.175022, 55.957486], [37.174935, 55.957472], [37.174864, 55.957476], [37.174746, 55.957509], [37.174674, 55.957531], [37.174595, 55.957558], [37.174452, 55.9576], [37.174337, 55.957623], [37.174266, 55.957634], [37.174153, 55.957636], [37.174028, 55.957648], [37.173954, 55.95767], [37.173812, 55.957668], [37.173714, 55.957657], [37.173646, 55.957661], [37.173577, 55.957676], [37.173468, 55.957712], [37.173363, 55.957745], [37.173271, 55.957769], [37.173201, 55.957782], [37.173129, 55.957788], [37.17305, 55.957781], [37.172977, 55.957781], [37.172895, 55.957798], [37.172801, 55.957822], [37.172717, 55.957848], [37.172626, 55.957888], [37.17256, 55.957934], [37.172528, 55.95799], [37.172488, 55.958052], [37.172452, 55.958096], [37.17244, 55.958144], [37.172438, 55.958249], [37.172434, 55.958315], [37.172446, 55.95838], [37.172467, 55.958436], [37.172492, 55.958474], [37.172527, 55.958502], [37.17263, 55.95859], [37.172728, 55.958665], [37.172869, 55.958762], [37.172936, 55.958809], [37.172984, 55.958831], [37.173067, 55.958846], [37.173153, 55.958862], [37.173253, 55.958899], [37.173379, 55.958967], [37.173582, 55.959089], [37.173743, 55.959221], [37.173797, 55.959288], [37.173804, 55.959347], [37.173791, 55.959396], [37.17376, 55.959459], [37.173714, 55.959537], [37.173676, 55.959599], [37.173642, 55.959635], [37.173572, 55.959679], [37.173494, 55.959758], [37.173424, 55.959841], [37.173358, 55.959928], [37.173294, 55.960018], [37.173263, 55.960043], [37.173222, 55.960061], [37.173159, 55.960072], [37.173038, 55.960086], [37.17295, 55.960104], [37.172851, 55.960138], [37.172794, 55.960166], [37.172747, 55.960216], [37.172693, 55.960281], [37.172622, 55.960329], [37.172529, 55.960364], [37.172416, 55.960399], [37.172277, 55.960422], [37.172166, 55.960446], [37.172041, 55.96048], [37.171909, 55.960531], [37.171766, 55.960561], [37.17147, 55.96068], [37.171381, 55.960703], [37.171299, 55.960705], [37.171196, 55.960706], [37.171048, 55.960739], [37.17091, 55.960758], [37.170709, 55.960816], [37.170657, 55.960822], [37.170611, 55.96081], [37.17058, 55.960785], [37.170524, 55.960763], [37.170482, 55.960759], [37.170434, 55.960771], [37.170333, 55.96081], [37.170296, 55.960823], [37.170259, 55.960827], [37.170213, 55.960823], [37.170181, 55.960808], [37.170122, 55.960802], [37.170054, 55.960805], [37.169996, 55.960813], [37.169891, 55.960845], [37.169796, 55.960847], [37.169711, 55.960831], [37.169548, 55.960806], [37.169438, 55.960787], [37.169297, 55.960771], [37.169172, 55.960771], [37.16903, 55.960765], [37.168823, 55.960724], [37.168702, 55.960719], [37.168642, 55.960701], [37.168597, 55.960668], [37.168588, 55.960629], [37.168604, 55.960589], [37.168738, 55.960474], [37.168822, 55.960388], [37.168883, 55.960297], [37.168903, 55.960208], [37.168946, 55.960107], [37.168967, 55.960017], [37.168944, 55.959915], [37.168912, 55.959877], [37.16885, 55.959838], [37.168727, 55.959787], [37.168509, 55.9597], [37.168425, 55.959648], [37.168255, 55.959579], [37.168194, 55.959546], [37.168151, 55.959511], [37.168112, 55.959458], [37.168106, 55.959434], [37.168126, 55.959406], [37.168186, 55.959345], [37.168228, 55.959313], [37.168278, 55.959302], [37.168346, 55.959304], [37.168467, 55.959323], [37.168594, 55.959344], [37.168705, 55.959359], [37.168794, 55.959365], [37.168897, 55.95936], [37.168988, 55.959345], [37.169054, 55.959321], [37.169107, 55.959285], [37.16915, 55.959248], [37.16917, 55.959205], [37.16917, 55.959168], [37.169134, 55.959133], [37.169132, 55.959095], [37.169146, 55.959063], [37.169197, 55.959031], [37.169223, 55.959005], [37.169216, 55.958976], [37.169188, 55.958928], [37.169145, 55.958861], [37.169092, 55.958825], [37.169007, 55.958804], [37.16891, 55.958806], [37.168815, 55.958826], [37.168739, 55.958859], [37.168644, 55.95891], [37.168562, 55.958955], [37.168458, 55.958982], [37.168305, 55.959006], [37.168205, 55.959032], [37.168145, 55.959034], [37.168085, 55.959026], [37.168014, 55.959017], [37.167919, 55.959016], [37.167831, 55.959035], [37.167732, 55.95905], [37.167642, 55.959057], [37.167508, 55.959044], [37.167411, 55.959027], [37.167329, 55.958996], [37.167239, 55.95896], [37.167185, 55.958928], [37.167175, 55.958881], [37.167186, 55.958819], [37.167207, 55.958767], [37.167288, 55.958713], [37.167397, 55.958655], [37.167421, 55.958617], [37.167413, 55.958577], [37.167375, 55.958547], [37.167296, 55.958521], [37.167217, 55.958515], [37.167122, 55.958528], [37.167051, 55.958531], [37.166933, 55.95852], [37.166717, 55.958489], [37.166634, 55.958483], [37.166556, 55.958488], [37.166457, 55.958504], [37.166354, 55.95851], [37.16628, 55.958509], [37.166207, 55.958504], [37.166114, 55.958505], [37.165994, 55.958514], [37.165909, 55.958521], [37.165842, 55.958546], [37.165797, 55.958571], [37.165753, 55.958621], [37.165727, 55.958669], [37.165725, 55.958704], [37.165731, 55.958745], [37.165763, 55.958785], [37.165898, 55.958872], [37.165983, 55.958931], [37.166023, 55.958978], [37.166048, 55.959016], [37.166053, 55.959044], [37.166027, 55.959067], [37.165991, 55.959083], [37.165915, 55.959079], [37.165833, 55.959077], [37.165764, 55.959094], [37.165685, 55.959088], [37.165602, 55.959098], [37.165443, 55.959104], [37.165357, 55.959103], [37.165291, 55.959109], [37.165218, 55.95911], [37.165125, 55.959097], [37.164985, 55.959069], [37.164695, 55.959006], [37.16454, 55.958985], [37.164264, 55.958971], [37.164098, 55.958964], [37.164037, 55.958971], [37.163997, 55.958983], [37.163955, 55.959002], [37.163925, 55.959029], [37.163917, 55.959057], [37.163934, 55.95909], [37.164094, 55.959259], [37.164176, 55.959342], [37.164187, 55.959386], [37.164164, 55.959428], [37.16412, 55.959464], [37.16404, 55.959492], [37.163977, 55.959505], [37.16391, 55.959496], [37.163805, 55.959466], [37.163697, 55.959422], [37.163623, 55.959406], [37.163535, 55.95941], [37.163444, 55.959425], [37.163372, 55.959418], [37.163298, 55.959398], [37.163266, 55.959363], [37.163268, 55.959325], [37.163287, 55.959277], [37.163353, 55.959189], [37.163372, 55.959143], [37.16337, 55.959101], [37.163323, 55.959057], [37.163267, 55.959032], [37.163188, 55.959014], [37.163116, 55.959012], [37.163057, 55.959023], [37.163023, 55.959046], [37.163004, 55.959078], [37.162986, 55.959125], [37.162967, 55.959155], [37.162922, 55.959179], [37.162844, 55.95921], [37.162791, 55.95923], [37.162699, 55.959254], [37.162611, 55.959299], [37.162529, 55.959348], [37.162475, 55.959397], [37.162413, 55.959468], [37.162387, 55.959524], [37.162372, 55.95955], [37.16238, 55.959583], [37.162397, 55.959607], [37.162433, 55.959633], [37.162497, 55.959692], [37.16253, 55.959732], [37.162552, 55.959768], [37.162628, 55.959824], [37.16271, 55.959882], [37.162737, 55.959919], [37.162754, 55.959953], [37.162799, 55.96002], [37.162808, 55.960056], [37.162788, 55.960091], [37.162757, 55.96012], [37.162676, 55.960168], [37.1626, 55.960215], [37.162564, 55.96023], [37.162517, 55.960235], [37.162467, 55.960232], [37.162421, 55.960225], [37.162391, 55.960208], [37.162371, 55.960182], [37.16234, 55.960134], [37.162338, 55.960104], [37.162319, 55.960071], [37.162258, 55.960028], [37.162167, 55.959982], [37.162091, 55.959947], [37.16203, 55.959938], [37.16198, 55.95995], [37.161954, 55.959972], [37.161913, 55.960019], [37.161897, 55.960054], [37.161898, 55.960101], [37.161918, 55.960157], [37.161946, 55.960222], [37.161951, 55.96029], [37.161965, 55.960363], [37.161969, 55.960419], [37.161951, 55.960472], [37.161958, 55.960528], [37.161957, 55.960594], [37.161973, 55.960658], [37.161999, 55.960714], [37.162006, 55.960777], [37.161988, 55.960852], [37.161994, 55.960916], [37.161986, 55.960965], [37.161963, 55.960999], [37.161944, 55.961026], [37.161933, 55.961044], [37.161938, 55.961097], [37.161944, 55.961129], [37.161944, 55.961131], [37.161944, 55.961133], [37.161935, 55.961175], [37.161907, 55.961222], [37.161834, 55.961289], [37.161789, 55.961319], [37.161751, 55.961361], [37.16173, 55.961396], [37.161718, 55.961427], [37.161709, 55.961457], [37.161678, 55.96149], [37.161637, 55.961515], [37.161577, 55.961544], [37.161524, 55.961587], [37.161487, 55.961646], [37.16143, 55.961703], [37.161329, 55.961767], [37.161271, 55.961797], [37.161198, 55.961815], [37.161135, 55.961829], [37.16109, 55.961845], [37.16104, 55.961856], [37.161014, 55.961861], [37.160957, 55.961846], [37.160931, 55.961817], [37.160911, 55.961777], [37.160894, 55.961743], [37.160863, 55.961703], [37.160831, 55.961672], [37.16082, 55.961648], [37.160817, 55.961611], [37.160806, 55.961579], [37.160785, 55.96155], [37.160751, 55.961525], [37.160712, 55.961507], [37.160677, 55.961478], [37.16062, 55.961448], [37.160577, 55.961434], [37.160514, 55.961431], [37.160466, 55.961437], [37.160416, 55.961461], [37.160371, 55.961483], [37.160332, 55.961494], [37.160294, 55.96152], [37.160268, 55.961549], [37.160234, 55.961568], [37.16019, 55.961583], [37.160146, 55.961592], [37.160109, 55.961607], [37.160081, 55.961628], [37.160063, 55.961651], [37.160066, 55.961677], [37.160081, 55.961699], [37.16009, 55.96172], [37.16009, 55.961732], [37.160075, 55.961747], [37.160053, 55.961762], [37.160029, 55.961782], [37.160022, 55.961808], [37.160015, 55.961839], [37.160004, 55.961868], [37.159993, 55.961899], [37.159978, 55.961925], [37.159993, 55.961947], [37.16005, 55.961985], [37.160106, 55.962016], [37.160146, 55.962037], [37.160167, 55.962059], [37.16017, 55.962083], [37.160125, 55.962107], [37.160087, 55.962122], [37.160049, 55.962146], [37.16, 55.962188], [37.159965, 55.962218], [37.159902, 55.962259], [37.159689, 55.962373], [37.159489, 55.962464], [37.15942, 55.962495], [37.159313, 55.962522], [37.159191, 55.962521], [37.15909, 55.962499], [37.159026, 55.962463], [37.158998, 55.962415], [37.159, 55.962349], [37.159044, 55.962303], [37.159088, 55.962264], [37.159167, 55.962234], [37.159227, 55.962204], [37.159376, 55.962147], [37.159453, 55.962115], [37.15949, 55.962063], [37.159507, 55.962016], [37.159528, 55.961981], [37.159521, 55.961956], [37.159481, 55.961928], [37.159401, 55.961901], [37.159278, 55.96189], [37.159169, 55.961889], [37.159036, 55.961895], [37.158912, 55.961906], [37.158816, 55.961928], [37.15872, 55.961944], [37.158566, 55.961957], [37.15844, 55.961955], [37.158297, 55.961952], [37.158163, 55.96197], [37.158083, 55.961999], [37.158063, 55.962028], [37.158024, 55.96207], [37.157963, 55.962114], [37.157896, 55.962161], [37.157863, 55.962204], [37.157869, 55.962255], [37.157885, 55.9623], [37.157887, 55.962328], [37.157879, 55.962351], [37.157865, 55.962372], [37.157843, 55.962393], [37.157794, 55.962402], [37.156853, 55.962558], [37.154386, 55.961946], [37.154299, 55.962201], [37.154061, 55.962898], [37.153165, 55.962955], [37.153333, 55.962346], [37.151155, 55.961878], [37.150719, 55.962526], [37.149624, 55.962287], [37.149233, 55.963042], [37.147942, 55.963528], [37.147416, 55.963348], [37.146611, 55.963719], [37.1485, 55.965631], [37.147012, 55.966035], [37.145597, 55.966043], [37.145657, 55.96666], [37.145854, 55.968071], [37.146145, 55.969066], [37.146306, 55.969682], [37.14638, 55.96997], [37.147267, 55.970025], [37.148427, 55.970164], [37.148762, 55.97023], [37.148774, 55.970267], [37.148741, 55.973201], [37.148732, 55.973202], [37.148732, 55.973508], [37.148731, 55.975014], [37.148733, 55.976992], [37.148418, 55.97776], [37.147352, 55.980669], [37.147334, 55.980706], [37.146568, 55.982945], [37.14569, 55.985447], [37.144393, 55.989316], [37.144087, 55.989882]]]}}]}